id,filtered_words_array,features,label_index
R129,"['camera', 'environment', 'movie', 'girl', 'tonight', 'second', 'service', 'just.', 'fear', 'sit', 'early', 'however', 'true', 'join', 'media.', 'experts', 'discuss', 'ongoing', 'developments', 'election.']","(10000,[911,1029,1439,1457,1650,2252,2407,3248,3389,3556,3614,4092,4506,4687,6946,7188,8952,9256,9462,9513],[4.270695952029551,4.137164559405029,4.019381523748645,5.117993812416755,4.019381523748645,4.42484663185681,4.607168188650764,5.117993812416755,4.019381523748645,2.8844015909096608,0.667530016189645,4.42484663185681,0.691153161953081,0.691153161953081,4.019381523748645,4.42484663185681,4.137164559405029,4.270695952029551,0.691153161953081,3.577548771469606])",1.0
R227,"['either', 'something', 'include', 'pretty.', 'report', 'form', 'huge', 'interesting', 'line', 'majority.', 'experts', 'discuss', 'ongoing', 'developments', 'climate', 'change.']","(10000,[821,1182,2059,2198,2953,3614,3634,3709,4506,4687,5621,6505,9126,9324,9462,9826],[2.849310271098391,4.607168188650764,2.60568818844064,3.914021008090819,3.914021008090819,0.667530016189645,3.8187108282864943,4.830311739964974,0.691153161953081,0.691153161953081,4.42484663185681,4.607168188650764,4.42484663185681,4.830311739964974,0.691153161953081,3.8187108282864943])",1.0
F231,"['trade', 'successful', 'real', 'service', 'if.', 'allow', 'camera', 'together', 'keep', 'group', 'like.', '—', 'shocking', 'claims', 'aliens', 'surface', 'internet.']","(10000,[419,503,650,1650,2252,4835,5659,5850,6259,7281,7766,7936,8312,8338,9190,9594,9691],[4.42484663185681,0.691153161953081,2.958509563063383,4.019381523748645,4.42484663185681,4.137164559405029,3.914021008090819,0.691153161953081,5.117993812416755,0.6753425559264385,4.607168188650764,0.691153161953081,4.137164559405029,0.691153161953081,5.117993812416755,4.137164559405029,4.42484663185681])",0.0
R066,"['teach', 'five', 'story', 'process', 'trial', 'article.', 'company', 'factor', 'store', 'relationship', 'message', 'time', 'raise.', 'democrat', 'reveal', 'hold', 'finally', 'economic', 'help', 'church.', 'experts', 'discuss', 'ongoing', 'developments', 'policy.']","(10000,[942,1507,1817,2389,2715,3410,3614,4260,4506,4687,5234,5974,6340,6855,6944,7184,7593,8040,8094,8157,8522,9144,9347,9462,9561],[4.019381523748645,3.6516567436233283,4.607168188650764,4.42484663185681,4.270695952029551,4.019381523748645,0.667530016189645,4.137164559405029,0.691153161953081,0.691153161953081,4.019381523748645,3.7316994512968646,5.117993812416755,4.270695952029551,2.8154087194227095,4.137164559405029,5.523458920524919,3.6516567436233283,4.830311739964974,4.42484663185681,4.270695952029551,2.7508701982851385,4.137164559405029,0.691153161953081,4.42484663185681])",1.0
F095,"['appear', 'give', 'everybody', 'age', 'light', 'sort.', '—', 'shocking', 'claims', 'mind', 'control', 'surface', 'internet.']","(10000,[503,1208,1720,2561,3184,3783,5850,7281,7936,8182,8338,8791,9311],[0.691153161953081,2.7826188965997183,4.42484663185681,3.8187108282864943,2.7508701982851385,4.607168188650764,0.691153161953081,0.6753425559264385,0.691153161953081,3.8187108282864943,0.691153161953081,4.019381523748645,4.607168188650764])",0.0
R174,"['agency', 'agency', 'develop', 'decade', 'role', 'it.', 'start', 'cell', 'consider', 'everybody', 'situation', 'performance', 'customer', 'notice.', 'experts', 'discuss', 'ongoing', 'developments', 'policy.']","(10000,[312,765,1241,1413,2561,2996,3136,3210,3350,3614,4506,4687,6030,6944,7366,7805,9351,9462],[4.270695952029551,8.541391904059102,3.4440173788450834,3.914021008090819,3.8187108282864943,4.42484663185681,4.42484663185681,3.8187108282864943,4.270695952029551,0.667530016189645,0.691153161953081,0.691153161953081,4.270695952029551,2.8154087194227095,5.523458920524919,4.830311739964974,4.42484663185681,0.691153161953081])",1.0
R201,"['return', 'space', 'number', 'live', 'happy', 'project', 'relate.', 'director', 'change', 'growth', 'father', 'answer.', 'future', 'inside', 'detail', 'light', 'small', 'speak.', 'experts', 'discuss', 'ongoing', 'developments', 'public', 'health.']","(10000,[222,320,387,493,635,1143,1720,1770,1800,1853,2086,2230,3614,4506,4687,5347,5750,6219,6488,7848,8519,9066,9188,9462],[4.270695952029551,3.8187108282864943,4.137164559405029,4.019381523748645,3.914021008090819,4.270695952029551,4.42484663185681,2.8844015909096608,4.137164559405029,4.270695952029551,4.830311739964974,4.42484663185681,0.667530016189645,0.691153161953081,0.691153161953081,4.137164559405029,5.523458920524919,3.172083663361442,4.270695952029551,5.117993812416755,3.914021008090819,4.019381523748645,4.42484663185681,0.691153161953081])",1.0
R072,"['light', 'represent', 'check', 'manager', 'us', 'decade', 'attorney', 'happen.', 'large', 'idea', 'much', 'style', 'surface', 'bar.', 'experts', 'discuss', 'ongoing', 'developments', 'education.']","(10000,[524,1652,1720,1811,3614,3901,4506,4687,4853,5047,5958,6030,6235,6660,7022,7281,8000,8717,9462],[3.7316994512968646,4.137164559405029,4.42484663185681,5.117993812416755,0.667530016189645,4.270695952029551,0.691153161953081,0.691153161953081,3.6516567436233283,2.6902455764687034,4.137164559405029,4.270695952029551,5.117993812416755,4.270695952029551,4.42484663185681,0.6753425559264385,3.8187108282864943,4.42484663185681,0.691153161953081])",1.0
R064,"['need', 'ground', 'step', 'bill', 'west', 'various', 'hold.', 'reveal', 'last', 'television', 'kid', 'animal', 'leave.', 'experts', 'discuss', 'ongoing', 'developments', 'research.']","(10000,[23,1507,1558,1769,3614,3723,3989,4506,4687,5085,6487,6537,6647,7066,7360,8135,8713,9462],[5.117993812416755,3.6516567436233283,4.019381523748645,4.830311739964974,0.667530016189645,4.42484663185681,4.270695952029551,0.691153161953081,0.691153161953081,3.5085558999826545,3.5085558999826545,4.019381523748645,4.270695952029551,2.7826188965997183,4.607168188650764,4.270695952029551,4.607168188650764,0.691153161953081])",1.0
F037,"['arm', 'public', 'pay', 'effect', 'happen', 'main.', 'reduce', 'music', 'spring', 'possible', 'consumer', 'cultural.', '—', 'shocking', 'claims', 'miracle', 'drug', 'surface', 'internet.']","(10000,[503,1256,1644,1770,3984,4704,4897,5850,6100,6324,6370,7281,7860,7936,8159,8338,8471,9475,9668],[0.691153161953081,3.125563647726549,4.607168188650764,2.8844015909096608,4.019381523748645,3.8187108282864943,4.42484663185681,0.691153161953081,4.270695952029551,4.270695952029551,3.914021008090819,0.6753425559264385,2.7826188965997183,0.691153161953081,3.4440173788450834,0.691153161953081,5.117993812416755,4.270695952029551,5.523458920524919])",0.0
R170,"['explain', 'guess', 'try', 'note.', 'statement', 'knowledge', 'former', 'week.', 'fall', 'use', 'base', 'risk', 'rise.', 'seek', 'resource', 'focus.', 'experts', 'discuss', 'ongoing', 'developments', 'technology', 'breakthrough.']","(10000,[171,1020,1670,2227,2302,3614,3729,4160,4506,4554,4687,4693,5133,5341,7864,8016,8173,8660,8794,9462,9599,9817],[3.577548771469606,2.579019941358479,4.270695952029551,2.7200985396183848,5.117993812416755,0.667530016189645,4.019381523748645,4.830311739964974,0.691153161953081,5.117993812416755,0.691153161953081,3.914021008090819,3.8187108282864943,4.019381523748645,4.830311739964974,5.117993812416755,3.7316994512968646,4.270695952029551,4.137164559405029,0.691153161953081,5.117993812416755,3.7316994512968646])",1.0
F110,"['sea', 'hard', 'the.', 'whatever', 'happy', 'world', 'physical', 'billion', 'evidence.', 'daughter', 'public', 'create.', '—', 'shocking', 'claims', 'celebrity', 'scandal', 'surface', 'internet.']","(10000,[258,503,1770,2260,3486,4921,5125,5347,5850,6808,7281,7623,7695,7936,8338,8649,9360,9588,9617],[4.137164559405029,0.691153161953081,2.8844015909096608,5.117993812416755,2.849310271098391,2.849310271098391,4.270695952029551,4.137164559405029,0.691153161953081,5.523458920524919,0.6753425559264385,4.019381523748645,4.42484663185681,0.691153161953081,0.691153161953081,3.6516567436233283,4.019381523748645,4.607168188650764,4.270695952029551])",0.0
F048,"['evening', 'water', 'customer', 'believe', 'store', 'effort', 'along', 'wear.', 'case', 'argue', 'conference.', '—', 'shocking', 'claims', 'secret', 'cure', 'surface', 'internet.']","(10000,[503,533,1413,1898,2589,2840,3529,3730,3892,5286,5726,5850,6342,6747,7184,7281,7936,8338],[0.691153161953081,5.117993812416755,3.914021008090819,4.830311739964974,3.577548771469606,4.270695952029551,4.830311739964974,4.137164559405029,2.5530444549552183,4.137164559405029,4.019381523748645,0.691153161953081,3.914021008090819,2.5530444549552183,4.137164559405029,0.6753425559264385,0.691153161953081,0.691153161953081])",0.0
F082,"['list', 'technology', 'author', 'recognize', 'billion.', 'meeting', 'across', 'realize', 'chance.', 'general', 'pass', 'fact', 'walk', 'enter', 'away', 'treatment.', '—', 'shocking', 'claims', 'hoax', 'surface', 'internet.']","(10000,[20,503,629,1020,1582,3143,3737,4377,5465,5850,6142,7074,7215,7281,7435,7936,8171,8338,8392,8728,9350,9944],[4.607168188650764,0.691153161953081,5.523458920524919,2.579019941358479,4.019381523748645,4.830311739964974,3.6516567436233283,2.60568818844064,4.137164559405029,0.691153161953081,4.137164559405029,3.4440173788450834,4.42484663185681,0.6753425559264385,4.607168188650764,0.691153161953081,3.4440173788450834,0.691153161953081,4.270695952029551,3.5085558999826545,4.607168188650764,5.117993812416755])",0.0
F187,"['adult', 'gun', 'firm', 'along.', 'participant', 'good', 'century', 'car', 'black.', 'score', 'indicate', 'leader.', '—', 'shocking', 'claims', 'miracle', 'drug', 'surface', 'internet.']","(10000,[72,503,1256,1766,1927,2611,3674,5396,5850,6168,6485,7281,7841,7860,7936,8313,8338,8894,9495],[4.270695952029551,0.691153161953081,3.125563647726549,5.523458920524919,4.019381523748645,5.523458920524919,4.137164559405029,4.607168188650764,0.691153161953081,5.523458920524919,4.270695952029551,0.6753425559264385,4.270695952029551,2.7826188965997183,0.691153161953081,4.830311739964974,0.691153161953081,3.8187108282864943,5.117993812416755])",0.0
F027,"['information', 'rich', 'price', 'whose', 'author.', 'reveal', 'town', 'word', 'poor', 'modern.', '—', 'shocking', 'claims', 'miracle', 'drug', 'surface', 'internet.']","(10000,[78,373,503,1256,1507,1738,3519,4715,5850,6212,7281,7860,7936,8103,8190,8338,9539],[4.830311739964974,5.523458920524919,0.691153161953081,3.125563647726549,3.6516567436233283,4.137164559405029,4.607168188650764,4.137164559405029,0.691153161953081,4.607168188650764,0.6753425559264385,2.7826188965997183,0.691153161953081,5.523458920524919,4.137164559405029,0.691153161953081,4.019381523748645])",0.0
F202,"['attention', 'agree', 'test.', 'behind', 'safe', 'also.', '—', 'shocking', 'claims', 'hoax', 'surface', 'internet.']","(10000,[503,3144,4346,4377,5850,6925,7281,7642,7936,8121,8338,8960],[0.691153161953081,3.7316994512968646,4.019381523748645,2.60568818844064,0.691153161953081,3.914021008090819,0.6753425559264385,3.8187108282864943,0.691153161953081,5.523458920524919,0.691153161953081,5.523458920524919])",0.0
F197,"['world', 'food', 'city', 'method', 'benefit', 'institution.', 'whether', 'foot', 'respond', 'fight', 'specific.', 'set', 'every', 'us', 'instead.', '—', 'shocking', 'claims', 'secret', 'cure', 'surface', 'internet.']","(10000,[264,503,1955,2500,2526,3406,3892,5342,5495,5653,5850,6015,6660,6747,7180,7281,7890,7936,8338,8653,9360,9681],[5.523458920524919,0.691153161953081,5.117993812416755,4.607168188650764,5.117993812416755,4.019381523748645,2.5530444549552183,4.42484663185681,4.137164559405029,4.137164559405029,0.691153161953081,4.270695952029551,4.270695952029551,2.5530444549552183,4.830311739964974,0.6753425559264385,4.137164559405029,0.691153161953081,0.691153161953081,4.607168188650764,4.019381523748645,4.42484663185681])",0.0
R128,"['ask', 'place', 'cold', 'different', 'hour', 'help', 'them.', 'drug', 'miss', 'season.', 'experts', 'discuss', 'ongoing', 'developments', 'climate', 'change.']","(10000,[527,821,1071,2059,3507,3614,3920,4506,4687,6390,6683,7140,7860,8957,9347,9462],[4.270695952029551,2.849310271098391,4.42484663185681,2.60568818844064,4.270695952029551,0.667530016189645,4.42484663185681,0.691153161953081,0.691153161953081,4.42484663185681,4.830311739964974,4.607168188650764,2.7826188965997183,5.117993812416755,4.137164559405029,0.691153161953081])",1.0
F157,"['sit', 'shake', 'religious', 'player', 'up.', '—', 'shocking', 'claims', 'government', 'cover-up', 'surface', 'internet.']","(10000,[503,796,2180,2259,4293,5850,6604,6946,7281,7936,8338,9813],[0.691153161953081,3.914021008090819,4.270695952029551,2.8154087194227095,4.42484663185681,0.691153161953081,4.019381523748645,4.019381523748645,0.6753425559264385,0.691153161953081,0.691153161953081,2.997730276216664])",0.0
F117,"['speak', 'three', 'event', 'grow', 'show', 'model', 'choice.', 'lawyer', 'program', 'wish', 'moment', 'none', 'traditional.', 'arm', 'bill', 'easy', 'upon.', '—', 'shocking', 'claims', 'hoax', 'surface', 'internet.']","(10000,[495,503,573,760,779,2404,2900,3401,3984,4019,4377,4732,5087,5850,5925,7102,7281,7728,7936,8135,8338,9021,9831],[4.137164559405029,0.691153161953081,4.607168188650764,4.270695952029551,5.117993812416755,4.42484663185681,5.117993812416755,4.607168188650764,4.019381523748645,4.270695952029551,2.60568818844064,4.607168188650764,4.607168188650764,0.691153161953081,4.270695952029551,4.019381523748645,0.6753425559264385,4.137164559405029,0.691153161953081,4.270695952029551,0.691153161953081,4.270695952029551,3.914021008090819])",0.0
F173,"['left', 'focus', 'realize', 'camera', 'five', 'authority.', '—', 'shocking', 'claims', 'secret', 'cure', 'surface', 'internet.']","(10000,[503,1582,1650,1662,2006,3892,3931,5850,5974,6747,7281,7936,8338],[0.691153161953081,4.019381523748645,4.019381523748645,4.830311739964974,4.270695952029551,2.5530444549552183,3.4440173788450834,0.691153161953081,3.7316994512968646,2.5530444549552183,0.6753425559264385,0.691153161953081,0.691153161953081])",0.0
F024,"['box', 'policy', 'floor', 'fear', 'arrive.', 'trade', 'end', 'wall', 'drug', 'structure.', '—', 'shocking', 'claims', 'aliens', 'surface', 'internet.']","(10000,[419,453,503,650,4142,4319,5392,5842,5850,6404,7281,7860,7922,7936,8338,9513],[4.42484663185681,4.270695952029551,0.691153161953081,2.958509563063383,4.607168188650764,3.5085558999826545,4.830311739964974,5.523458920524919,0.691153161953081,4.137164559405029,0.6753425559264385,2.7826188965997183,4.019381523748645,0.691153161953081,0.691153161953081,3.577548771469606])",0.0
F096,"['international', 'glass', 'nearly', 'fine.', 'analysis', 'left.', '—', 'shocking', 'claims', 'celebrity', 'scandal', 'surface', 'internet.']","(10000,[188,292,503,1296,2866,3486,4921,5134,5850,6932,7281,7936,8338],[4.270695952029551,5.523458920524919,0.691153161953081,3.914021008090819,4.42484663185681,2.849310271098391,2.849310271098391,5.117993812416755,0.691153161953081,4.42484663185681,0.6753425559264385,0.691153161953081,0.691153161953081])",0.0
R247,"['either', 'return', 'build', 'wind', 'lay', 'attention.', 'tend', 'country', 'mind', 'experience', 'better.', 'film', 'sport', 'medical', 'something.', 'defense', 'type', 'everyone', 'important.', 'experts', 'discuss', 'ongoing', 'developments', 'public', 'health.']","(10000,[635,1770,1810,2558,3014,3065,3184,3526,3543,3614,3635,4240,4475,4506,4687,5003,6219,7078,7870,8203,8268,8278,8893,9126,9462],[3.914021008090819,2.8844015909096608,3.914021008090819,4.270695952029551,4.137164559405029,5.523458920524919,2.7508701982851385,4.270695952029551,3.7316994512968646,0.667530016189645,4.137164559405029,4.42484663185681,4.270695952029551,0.691153161953081,0.691153161953081,4.42484663185681,3.172083663361442,5.523458920524919,4.42484663185681,5.117993812416755,3.383392757028649,4.830311739964974,5.117993812416755,4.42484663185681,0.691153161953081])",1.0
F226,"['traditional', 'available', 'policy.', 'security', 'today', 'far', 'debate', 'buy.', 'mrs', 'property', 'radio', 'lot', 'dinner', 'cup', 'heavy', 'memory.', '—', 'shocking', 'claims', 'government', 'cover-up', 'surface', 'internet.']","(10000,[503,526,2240,2259,2475,2634,2733,3059,4158,4486,4943,5850,6079,6944,7281,7936,8276,8338,8949,9086,9751,9806,9813],[0.691153161953081,5.523458920524919,4.019381523748645,2.8154087194227095,4.137164559405029,3.8187108282864943,3.7316994512968646,4.019381523748645,4.019381523748645,4.270695952029551,4.830311739964974,0.691153161953081,5.523458920524919,2.8154087194227095,0.6753425559264385,0.691153161953081,3.914021008090819,0.691153161953081,4.270695952029551,4.42484663185681,4.019381523748645,4.270695952029551,2.997730276216664])",0.0
F100,"['sing', 'study', 'member', 'certain', 'social', 'really.', 'company', 'dinner', 'tonight', 'conference.', 'cover', 'building', 'lead', 'right', 'whether.', '—', 'shocking', 'claims', 'flat', 'earth', 'surface', 'internet.']","(10000,[503,823,942,1790,1898,2240,2918,3389,4224,5356,5850,5852,6104,6451,6547,6790,6959,7281,7936,8338,9288,9676],[0.691153161953081,4.42484663185681,4.019381523748645,4.42484663185681,4.830311739964974,4.019381523748645,3.0385522707369192,4.019381523748645,4.607168188650764,4.137164559405029,0.691153161953081,4.42484663185681,4.42484663185681,3.6516567436233283,4.42484663185681,4.830311739964974,5.117993812416755,0.6753425559264385,0.691153161953081,0.691153161953081,3.8187108282864943,3.0385522707369192])",0.0
F246,"['degree', 'defense', 'near', 'line', 'black', 'force.', 'quality', 'foreign', 'may', 'hope', 'boy', 'season', 'somebody.', '—', 'shocking', 'claims', 'government', 'cover-up', 'surface', 'internet.']","(10000,[157,503,1182,1948,2259,2358,3506,3543,5850,5974,6000,6206,6291,7281,7936,8338,8741,9160,9813,9943],[3.5085558999826545,0.691153161953081,4.607168188650764,3.7316994512968646,2.8154087194227095,4.270695952029551,3.8187108282864943,3.7316994512968646,0.691153161953081,3.7316994512968646,4.019381523748645,4.607168188650764,4.607168188650764,0.6753425559264385,0.691153161953081,0.691153161953081,5.117993812416755,4.607168188650764,2.997730276216664,4.607168188650764])",0.0
F183,"['development', 'recent', 'news', 'behavior', 'training', 'cost.', 'treat', 'dinner', 'month', 'doctor', 'coach', 'realize.', '—', 'shocking', 'claims', 'aliens', 'surface', 'internet.']","(10000,[503,650,735,777,2240,2433,2710,2871,3514,5591,5741,5850,6143,7281,7538,7936,8338,8750],[0.691153161953081,2.958509563063383,3.914021008090819,4.42484663185681,4.019381523748645,4.137164559405029,5.117993812416755,3.914021008090819,3.914021008090819,3.914021008090819,4.607168188650764,0.691153161953081,5.117993812416755,0.6753425559264385,4.019381523748645,0.691153161953081,0.691153161953081,4.607168188650764])",0.0
R063,"['drop', 'attack', 'officer', 'main', 'chance', 'interview.', 'interview', 'large', 'identify', 'although', 'protect', 'themselves.', 'build', 'scientist', 'impact', 'choice', 'structure.', 'experts', 'discuss', 'ongoing', 'developments', 'policy.']","(10000,[346,696,1637,1972,3014,3614,3967,4506,4687,5138,5392,5693,5853,6035,6053,6226,6944,7022,7235,7779,8577,9462],[4.42484663185681,4.42484663185681,4.42484663185681,4.019381523748645,4.137164559405029,0.667530016189645,4.830311739964974,0.691153161953081,0.691153161953081,5.117993812416755,4.830311739964974,4.42484663185681,4.830311739964974,4.019381523748645,3.4440173788450834,4.42484663185681,2.8154087194227095,4.42484663185681,4.270695952029551,3.7316994512968646,4.830311739964974,0.691153161953081])",1.0
R005,"['spring', 'many', 'military.', 'past', 'huge', 'treatment', 'water', 'room.', 'experts', 'discuss', 'ongoing', 'developments', 'election.']","(10000,[1644,2198,2366,2589,3556,3614,4439,4506,4687,5188,8015,9275,9462],[4.607168188650764,3.914021008090819,4.137164559405029,3.577548771469606,2.8844015909096608,0.667530016189645,4.607168188650764,0.691153161953081,0.691153161953081,4.270695952029551,4.270695952029551,4.270695952029551,0.691153161953081])",1.0
R084,"['technology', 'force', 'put', 'news', 'manage', 'that.', 'father', 'decide', 'recognize', 'edge', 'require', 'laugh.', 'radio', 'property', 'there.', 'experts', 'discuss', 'ongoing', 'developments', 'election.']","(10000,[391,1020,1800,2433,2733,3556,3614,3673,3921,4506,4687,5804,6508,7883,8171,8293,8449,8871,9086,9462],[3.7316994512968646,2.579019941358479,4.137164559405029,4.137164559405029,3.7316994512968646,2.8844015909096608,0.667530016189645,5.117993812416755,3.7316994512968646,0.691153161953081,0.691153161953081,4.830311739964974,5.117993812416755,4.019381523748645,3.4440173788450834,3.8187108282864943,4.270695952029551,4.830311739964974,4.42484663185681,0.691153161953081])",1.0
R124,"['dinner', 'natural', 'everybody.', 'ask', 'recognize', 'positive', 'walk', 'hospital.', 'despite', 'doctor', 'government', 'upon', 'skin', 'ten', 'authority.', 'experts', 'discuss', 'ongoing', 'developments', 'education.']","(10000,[1,777,934,1301,2006,2240,2259,2806,3507,3614,4506,4687,4988,5047,5085,5833,6142,6735,8171,9462],[4.607168188650764,4.42484663185681,4.607168188650764,4.607168188650764,4.270695952029551,4.019381523748645,2.8154087194227095,5.117993812416755,4.270695952029551,0.667530016189645,0.691153161953081,0.691153161953081,4.607168188650764,2.6902455764687034,3.5085558999826545,4.270695952029551,4.137164559405029,4.270695952029551,3.4440173788450834,0.691153161953081])",1.0
R118,"['amount', 'letter', 'study', 'approach.', 'hope', 'drive', 'recently', 'effort', 'behind.', 'successful', 'quality', 'whatever', 'plant', 'marriage.', 'experts', 'discuss', 'ongoing', 'developments', 'research.']","(10000,[564,1344,2034,3506,3614,4224,4506,4687,5659,5726,6000,6325,6434,7066,7222,7244,7695,8271,9462],[3.6516567436233283,5.117993812416755,4.607168188650764,3.8187108282864943,0.667530016189645,4.607168188650764,0.691153161953081,0.691153161953081,3.914021008090819,4.019381523748645,4.019381523748645,3.8187108282864943,4.607168188650764,2.7826188965997183,4.270695952029551,3.4440173788450834,4.42484663185681,4.830311739964974,0.691153161953081])",1.0
F001,"['sure', 'forget', 'thing', 'art', 'green', 'authority.', 'summer', 'manager', 'indeed', 'start.', 'garden', 'official', 'yet', 'within', 'box', 'whole.', '—', 'shocking', 'claims', 'aliens', 'surface', 'internet.']","(10000,[503,551,650,1652,1821,2006,3073,3857,4037,4934,5850,5936,7146,7281,7854,7922,7936,8049,8338,8485,9481,9817],[0.691153161953081,4.270695952029551,2.958509563063383,4.137164559405029,4.270695952029551,4.270695952029551,4.607168188650764,4.270695952029551,4.830311739964974,4.42484663185681,0.691153161953081,4.270695952029551,4.830311739964974,0.6753425559264385,4.42484663185681,4.019381523748645,0.691153161953081,5.523458920524919,0.691153161953081,4.270695952029551,4.607168188650764,3.7316994512968646])",0.0
F007,"['trip', 'community', 'defense', 'attack.', 'fine', 'floor', 'usually', 'star', 'modern', 'my.', '—', 'shocking', 'claims', 'immortal', 'jellyfish', 'surface', 'internet.']","(10000,[503,2066,2336,2990,3543,3643,4319,4596,5170,5782,5850,6431,7281,7936,8174,8338,9876],[0.691153161953081,2.7508701982851385,3.914021008090819,4.270695952029551,3.7316994512968646,5.523458920524919,3.5085558999826545,5.523458920524919,4.830311739964974,4.137164559405029,0.691153161953081,4.42484663185681,0.6753425559264385,0.691153161953081,4.137164559405029,0.691153161953081,2.7508701982851385])",0.0
F046,"['pretty', 'threat', 'fine', 'full', 'style', 'whether.', '—', 'shocking', 'claims', 'mind', 'control', 'surface', 'internet.']","(10000,[503,1208,3184,3919,5850,6431,6547,7281,7936,8000,8070,8338,8897],[0.691153161953081,2.7826188965997183,2.7508701982851385,4.42484663185681,0.691153161953081,4.42484663185681,4.42484663185681,0.6753425559264385,0.691153161953081,3.8187108282864943,4.607168188650764,0.691153161953081,4.830311739964974])",0.0
R103,"['mouth', 'series', 'often', 'decide', 'chair.', 'region', 'number', 'analysis', 'exist.', 'easy', 'available', 'hot', 'across.', 'experts', 'discuss', 'ongoing', 'developments', 'research.']","(10000,[7,760,795,1296,1584,2475,3614,4463,4506,4687,5627,7066,7497,8159,8293,8519,9462,9693],[4.137164559405029,4.270695952029551,5.523458920524919,3.914021008090819,5.523458920524919,4.137164559405029,0.667530016189645,4.270695952029551,0.691153161953081,0.691153161953081,5.523458920524919,2.7826188965997183,4.137164559405029,3.4440173788450834,3.8187108282864943,3.914021008090819,0.691153161953081,4.137164559405029])",1.0
R037,"['brother', 'office', 'rock.', 'gas', 'catch', 'receive', 'rich.', 'experts', 'discuss', 'ongoing', 'developments', 'budget', 'report.']","(10000,[291,3614,4506,4617,4687,4991,5432,5442,5607,7949,8344,9296,9462],[4.607168188650764,0.667530016189645,0.691153161953081,3.7316994512968646,0.691153161953081,2.6902455764687034,2.7200985396183848,5.523458920524919,4.137164559405029,4.019381523748645,3.7316994512968646,5.523458920524919,0.691153161953081])",1.0
F193,"['street', 'garden', 'thank', 'question', 'possible', 'soldier.', 'evidence', 'hope', 'free', 'spend', 'official.', 'store', 'phone', 'off.', '—', 'shocking', 'claims', 'secret', 'cure', 'surface', 'internet.']","(10000,[353,503,939,1073,1626,1687,2054,2947,3684,3892,5382,5850,5936,6000,6100,6747,7184,7281,7936,8338,9078],[3.8187108282864943,0.691153161953081,5.523458920524919,3.914021008090819,4.137164559405029,4.137164559405029,4.137164559405029,4.137164559405029,4.137164559405029,2.5530444549552183,4.830311739964974,0.691153161953081,4.270695952029551,4.019381523748645,4.270695952029551,2.5530444549552183,4.137164559405029,0.6753425559264385,0.691153161953081,0.691153161953081,4.830311739964974])",0.0
R166,"['people', 'police', 'claim', 'scene', 'tax', 'quickly.', 'stay', 'artist', 'wife', 'green', 'girl', 'open.', 'experts', 'discuss', 'ongoing', 'developments', 'election.']","(10000,[433,551,1029,3021,3556,3614,3818,3876,4263,4506,4687,5844,6587,7381,8931,8937,9462],[4.830311739964974,4.270695952029551,4.137164559405029,5.117993812416755,2.8844015909096608,0.667530016189645,5.117993812416755,4.42484663185681,4.270695952029551,0.691153161953081,0.691153161953081,3.914021008090819,5.117993812416755,4.607168188650764,4.830311739964974,3.914021008090819,0.691153161953081])",1.0
F017,"['establish', 'land', 'opportunity', 'hundred', 'thank', 'themselves.', 'authority', 'onto', 'specific', 'worry', 'institution.', 'official', 'almost', 'short', 'no.', '—', 'shocking', 'claims', 'immortal', 'jellyfish', 'surface', 'internet.']","(10000,[503,1176,1262,1687,2059,2066,2470,2923,4319,5175,5850,5853,6976,7148,7180,7281,7936,8338,8343,8485,8566,9876],[0.691153161953081,4.137164559405029,4.270695952029551,4.137164559405029,2.60568818844064,2.7508701982851385,5.117993812416755,4.137164559405029,3.5085558999826545,4.42484663185681,0.691153161953081,4.830311739964974,4.270695952029551,4.019381523748645,4.830311739964974,0.6753425559264385,0.691153161953081,0.691153161953081,5.117993812416755,4.270695952029551,4.830311739964974,2.7508701982851385])",0.0
R008,"['model', 'administration', 'number', 'agreement', 'family.', 'experts', 'discuss', 'ongoing', 'developments', 'economic', 'growth.']","(10000,[3614,4506,4687,5185,7102,8033,8413,8519,9034,9144,9462],[0.667530016189645,0.691153161953081,0.691153161953081,4.607168188650764,4.019381523748645,4.607168188650764,3.914021008090819,3.914021008090819,2.920769235080536,2.7508701982851385,0.691153161953081])",1.0
F071,"['reduce', 'however', 'reflect', 'quality', 'month.', 'focus', 'mind', 'condition', 'couple.', 'late', 'option', 'sister', 'air', 'fast.', '—', 'shocking', 'claims', 'celebrity', 'scandal', 'surface', 'internet.']","(10000,[88,503,708,911,1481,3079,3184,3486,3506,3521,3931,4831,4921,5321,5328,5850,7281,7936,8159,8338,9613],[4.270695952029551,0.691153161953081,5.523458920524919,4.270695952029551,4.270695952029551,4.42484663185681,2.7508701982851385,2.849310271098391,3.8187108282864943,3.8187108282864943,3.4440173788450834,5.523458920524919,2.849310271098391,3.914021008090819,3.5085558999826545,0.691153161953081,0.6753425559264385,0.691153161953081,3.4440173788450834,0.691153161953081,4.137164559405029])",0.0
F028,"['really', 'difference', 'know.', 'water', 'vote', 'pull', 'well', 'board.', 'property', 'home', 'reason', 'white', 'foot', 'simple', 'list.', '—', 'shocking', 'claims', 'mind', 'control', 'surface', 'internet.']","(10000,[157,503,843,1208,2589,2733,2913,2944,3184,3365,4112,5305,5843,5850,6597,7281,7866,7890,7936,8338,8961,9214],[3.5085558999826545,0.691153161953081,5.117993812416755,2.7826188965997183,3.577548771469606,3.7316994512968646,3.5085558999826545,3.5085558999826545,2.7508701982851385,4.42484663185681,4.137164559405029,4.830311739964974,4.42484663185681,0.691153161953081,3.8187108282864943,0.6753425559264385,4.42484663185681,4.137164559405029,0.691153161953081,0.691153161953081,5.117993812416755,4.270695952029551])",0.0
F227,"['chance', 'along', 'attention', 'suggest.', 'bit', 'party', 'determine', 'identify', 'phone', 'join', 'carry', 'wife.', 'rock', 'age.', '—', 'shocking', 'claims', 'immortal', 'jellyfish', 'surface', 'internet.']","(10000,[346,454,503,574,1379,1626,1989,2066,2840,3144,3478,3967,4262,5399,5850,7281,7734,7936,8338,8952,9876],[4.42484663185681,4.42484663185681,0.691153161953081,3.914021008090819,4.137164559405029,4.137164559405029,3.914021008090819,2.7508701982851385,4.270695952029551,3.7316994512968646,5.117993812416755,4.830311739964974,5.117993812416755,4.270695952029551,0.691153161953081,0.6753425559264385,5.117993812416755,0.691153161953081,0.691153161953081,4.137164559405029,2.7508701982851385])",0.0
R200,"['kitchen', 'outside', 'live', 'shake', 'fund', 'majority', 'know.', 'none', 'peace', 'property', 'response', 'partner', 'before.', 'reflect', 'improve', 'source', 'program.', 'experts', 'discuss', 'ongoing', 'developments', 'public', 'health.']","(10000,[116,493,756,843,1770,2180,2408,2445,2733,3614,4506,4638,4687,5321,6219,6697,7025,7696,7721,8568,9244,9462,9831],[4.019381523748645,4.019381523748645,4.42484663185681,5.117993812416755,2.8844015909096608,4.270695952029551,4.270695952029551,4.137164559405029,3.7316994512968646,0.667530016189645,0.691153161953081,4.270695952029551,0.691153161953081,3.914021008090819,3.172083663361442,4.137164559405029,4.830311739964974,4.830311739964974,4.137164559405029,4.137164559405029,4.270695952029551,0.691153161953081,3.914021008090819])",1.0
R225,"['second', 'seek', 'draw', 'gun', 'kind', 'mission', 'budget.', 'career', 'clearly', 'use', 'soldier', 'stock', 'story', 'run.', 'send', 'east', 'seem', 'democratic', 'pattern.', 'experts', 'discuss', 'ongoing', 'developments', 'climate', 'change.']","(10000,[171,793,821,1222,2059,2588,3614,4141,4506,4687,4930,5133,5523,5606,6044,6069,6576,6855,7912,8167,8238,8313,8326,9256,9462],[3.577548771469606,4.42484663185681,2.849310271098391,4.830311739964974,2.60568818844064,4.137164559405029,0.667530016189645,4.42484663185681,0.691153161953081,0.691153161953081,3.577548771469606,3.8187108282864943,4.607168188650764,5.523458920524919,5.523458920524919,4.019381523748645,4.137164559405029,4.270695952029551,4.830311739964974,4.270695952029551,4.137164559405029,4.830311739964974,4.830311739964974,4.270695952029551,0.691153161953081])",1.0
R062,"['mind', 'main', 'radio', 'white', 'boy.', 'experts', 'discuss', 'ongoing', 'developments', 'budget', 'report.']","(10000,[1637,3184,3614,4506,4687,4991,5432,5843,8046,9086,9462],[4.42484663185681,2.7508701982851385,0.667530016189645,0.691153161953081,0.691153161953081,2.6902455764687034,2.7200985396183848,4.42484663185681,5.117993812416755,4.42484663185681,0.691153161953081])",1.0
F033,"['eight', 'certain', 'company', 'entire', 'safe', 'site.', 'throw', 'dog', 'radio', 'up.', 'entire', 'value', 'actually', 'example', 'glass', 'republican.', 'take', 'class.', '—', 'shocking', 'claims', 'hoax', 'surface', 'internet.']","(10000,[503,796,855,942,4377,4648,5241,5850,5966,6447,6932,7281,7403,7642,7936,8325,8338,8482,8824,9086,9288,9564,9606],[0.691153161953081,3.914021008090819,4.019381523748645,4.019381523748645,2.60568818844064,5.523458920524919,5.117993812416755,0.691153161953081,5.523458920524919,4.137164559405029,4.42484663185681,0.6753425559264385,4.137164559405029,3.8187108282864943,0.691153161953081,4.42484663185681,0.691153161953081,4.270695952029551,8.84969326371362,4.42484663185681,3.8187108282864943,4.830311739964974,3.7316994512968646])",0.0
F012,"['safe', 'think', 'improve', 'decide', 'top', 'billion', 'manage.', 'pass', 'right.', 'subject', 'scientist', 'relate', 'final.', 'loss', 'per', 'choose', 'eight', 'set', 'second.', '—', 'shocking', 'claims', 'hoax', 'surface', 'internet.']","(10000,[190,258,298,503,988,2101,2335,2408,2483,2660,4377,5328,5329,5342,5850,6226,7281,7642,7936,8293,8338,8392,8482,8655,9706],[5.117993812416755,4.137164559405029,4.137164559405029,0.691153161953081,4.607168188650764,4.607168188650764,4.830311739964974,4.270695952029551,5.523458920524919,5.117993812416755,2.60568818844064,3.5085558999826545,4.019381523748645,4.42484663185681,0.691153161953081,4.42484663185681,0.6753425559264385,3.8187108282864943,0.691153161953081,3.8187108282864943,0.691153161953081,4.270695952029551,4.270695952029551,4.270695952029551,4.270695952029551])",0.0
R121,"['start', 'possible', 'chance', 'forget.', 'country', 'wear', 'buy', 'local', 'outside', 'husband', 'home.', 'experts', 'discuss', 'ongoing', 'developments', 'research.']","(10000,[80,228,346,497,2996,3614,4506,4687,5861,6100,6581,7066,7208,7870,8568,9462],[4.42484663185681,4.137164559405029,4.42484663185681,4.830311739964974,4.42484663185681,0.667530016189645,0.691153161953081,0.691153161953081,5.117993812416755,4.270695952029551,4.42484663185681,2.7826188965997183,4.42484663185681,4.42484663185681,4.137164559405029,0.691153161953081])",1.0
F210,"['attorney', 'interesting', 'improve', 'make', 'store', 'small', 'ten.', 'test', 'lose', 'career', 'lawyer.', '—', 'shocking', 'claims', 'aliens', 'surface', 'internet.']","(10000,[141,222,503,650,2408,3525,3634,4422,4853,4930,5850,6586,7184,7281,7936,8338,9415],[4.270695952029551,4.270695952029551,0.691153161953081,2.958509563063383,4.270695952029551,4.42484663185681,3.8187108282864943,4.42484663185681,3.6516567436233283,3.577548771469606,0.691153161953081,4.270695952029551,4.137164559405029,0.6753425559264385,0.691153161953081,0.691153161953081,4.830311739964974])",0.0
F151,"['support', 'month', 'season', 'product', 'style.', 'agency', 'economy', 'bit.', '—', 'shocking', 'claims', 'hoax', 'surface', 'internet.']","(10000,[217,447,503,765,1595,2358,3500,4377,5741,5850,7281,7936,8217,8338],[4.270695952029551,3.914021008090819,0.691153161953081,4.270695952029551,5.523458920524919,4.270695952029551,5.117993812416755,2.60568818844064,4.607168188650764,0.691153161953081,0.6753425559264385,0.691153161953081,4.42484663185681,0.691153161953081])",0.0
F099,"['billion', 'get', 'company.', 'radio', 'model', 'large.', '—', 'shocking', 'claims', 'secret', 'cure', 'surface', 'internet.']","(10000,[258,503,3008,3713,3892,5850,6747,7102,7281,7936,8338,9086,9426],[4.137164559405029,0.691153161953081,4.607168188650764,5.523458920524919,2.5530444549552183,0.691153161953081,2.5530444549552183,4.019381523748645,0.6753425559264385,0.691153161953081,0.691153161953081,4.42484663185681,4.270695952029551])",0.0
R090,"['fish', 'drive', 'page', 'understand', 'try.', 'address', 'later', 'finally', 'water', 'agent.', 'use', 'relate', 'whole', 'time.', 'experts', 'discuss', 'ongoing', 'developments', 'technology', 'breakthrough.']","(10000,[560,627,988,1020,1376,1817,2227,2589,2827,3614,3960,4454,4506,4687,5133,5276,6325,6487,8012,9462],[4.270695952029551,4.019381523748645,4.607168188650764,2.579019941358479,4.270695952029551,4.607168188650764,2.7200985396183848,3.577548771469606,4.42484663185681,0.667530016189645,4.830311739964974,4.607168188650764,0.691153161953081,0.691153161953081,3.8187108282864943,5.117993812416755,3.8187108282864943,3.5085558999826545,5.117993812416755,0.691153161953081])",1.0
R125,"['cut', 'vote', 'admit', 'stage', 'experience', 'result', 'month.', 'billion', 'agreement', 'share', 'activity', 'wait', 'seek', 'continue.', 'experts', 'discuss', 'ongoing', 'developments', 'budget', 'report.']","(10000,[30,171,258,399,1206,1481,3614,3635,3947,4506,4687,4991,5432,5477,6221,8110,8413,8714,9214,9462],[3.914021008090819,3.577548771469606,4.137164559405029,4.42484663185681,4.019381523748645,4.270695952029551,0.667530016189645,4.137164559405029,4.137164559405029,0.691153161953081,0.691153161953081,2.6902455764687034,2.7200985396183848,4.42484663185681,4.830311739964974,4.42484663185681,3.914021008090819,4.019381523748645,4.270695952029551,0.691153161953081])",1.0
R091,"['discover', 'avoid', 'marriage', 'keep', 'amount', 'financial', 'campaign', 'must.', 'experts', 'discuss', 'ongoing', 'developments', 'climate', 'change.']","(10000,[821,1388,2059,3614,3739,4170,4506,4687,6229,6675,7222,7407,9462,9594],[2.849310271098391,4.019381523748645,2.60568818844064,0.667530016189645,5.117993812416755,4.270695952029551,0.691153161953081,0.691153161953081,3.8187108282864943,4.42484663185681,4.270695952029551,3.914021008090819,0.691153161953081,4.137164559405029])",1.0
R157,"['little', 'become', 'commercial', 'sure', 'head', 'meeting.', 'red', 'according', 'change', 'game', 'she.', 'experts', 'discuss', 'ongoing', 'developments', 'climate', 'change.']","(10000,[52,387,821,1064,1590,1733,1821,2059,3614,4506,4687,6443,7032,7090,7564,8975,9462],[5.117993812416755,4.137164559405029,2.849310271098391,4.270695952029551,4.42484663185681,4.830311739964974,4.270695952029551,2.60568818844064,0.667530016189645,0.691153161953081,0.691153161953081,3.6516567436233283,5.523458920524919,4.830311739964974,4.019381523748645,4.830311739964974,0.691153161953081])",1.0
F098,"['total', 'night', 'window', 'stay', 'both.', '—', 'shocking', 'claims', 'miracle', 'drug', 'surface', 'internet.']","(10000,[433,503,1256,2403,5850,6279,6869,7281,7860,7936,8338,8506],[4.830311739964974,0.691153161953081,3.125563647726549,3.6516567436233283,0.691153161953081,3.8187108282864943,4.019381523748645,0.6753425559264385,2.7826188965997183,0.691153161953081,0.691153161953081,5.523458920524919])",0.0
F164,"['positive', 'usually', 'interview', 'watch', 'item', 'down.', 'serious', 'build', 'seem', 'weight', 'adult.', '—', 'shocking', 'claims', 'immortal', 'jellyfish', 'surface', 'internet.']","(10000,[1,503,1117,1916,2066,2588,2708,2990,3014,5850,6035,7281,7904,7936,8004,8338,9025,9876],[4.607168188650764,0.691153161953081,4.42484663185681,4.270695952029551,2.7508701982851385,4.137164559405029,3.6516567436233283,4.270695952029551,4.137164559405029,0.691153161953081,4.019381523748645,0.6753425559264385,4.830311739964974,0.691153161953081,4.019381523748645,0.691153161953081,5.523458920524919,2.7508701982851385])",0.0
R050,"['father', 'tell', 'season.', 'experts', 'discuss', 'ongoing', 'developments', 'economic', 'growth.']","(10000,[1800,1850,3614,4506,4687,7140,9034,9144,9462],[4.137164559405029,4.42484663185681,0.667530016189645,0.691153161953081,0.691153161953081,4.607168188650764,2.920769235080536,2.7508701982851385,0.691153161953081])",1.0
R249,"['kitchen', 'table', 'information', 'tree', 'process', 'religious', 'change.', 'message', 'machine', 'option', 'manager', 'young.', 'experts', 'discuss', 'ongoing', 'developments', 'climate', 'change.']","(10000,[756,821,1652,2059,2715,3614,3931,4293,4506,4687,5252,5871,8040,8190,9462,9613],[4.42484663185681,2.849310271098391,4.137164559405029,5.21137637688128,4.270695952029551,0.667530016189645,3.4440173788450834,4.42484663185681,0.691153161953081,0.691153161953081,5.523458920524919,4.137164559405029,7.3033134872466565,4.137164559405029,0.691153161953081,4.137164559405029])",1.0
R093,"['front', 'much', 'all.', 'speech', 'statement', 'vote', 'music', 'party.', 'use', 'region', 'military', 'small', 'black', 'expect.', 'experts', 'discuss', 'ongoing', 'developments', 'election.']","(10000,[222,502,504,524,1535,1948,3556,3614,4201,4506,4687,5133,5877,6370,8159,8219,9214,9462,9817],[4.270695952029551,5.117993812416755,4.270695952029551,3.7316994512968646,5.523458920524919,3.7316994512968646,2.8844015909096608,0.667530016189645,4.830311739964974,0.691153161953081,0.691153161953081,3.8187108282864943,3.914021008090819,3.914021008090819,3.4440173788450834,5.117993812416755,4.270695952029551,0.691153161953081,3.7316994512968646])",1.0
R131,"['want', 'third', 'rest', 'should.', 'event', 'price', 'try', 'garden', 'shake', 'time.', 'art', 'society', 'pass.', 'experts', 'discuss', 'ongoing', 'developments', 'education.']","(10000,[320,327,1738,2180,2708,3614,4506,4687,4693,5047,5276,5936,7712,7728,7854,8171,8771,9462],[3.8187108282864943,4.270695952029551,4.137164559405029,4.270695952029551,3.6516567436233283,0.667530016189645,0.691153161953081,0.691153161953081,3.914021008090819,2.6902455764687034,5.117993812416755,4.270695952029551,4.607168188650764,4.137164559405029,4.42484663185681,3.4440173788450834,4.830311739964974,0.691153161953081])",1.0
F107,"['investment', 'develop', 'win', 'happen', 'another', 'book.', 'claim', 'fast', 'far', 'west', 'system.', 'president', 'weight', 'save', 'hospital.', '—', 'shocking', 'claims', 'flat', 'earth', 'surface', 'internet.']","(10000,[503,934,1241,1306,1562,2398,2918,3226,4158,4520,4704,5085,5850,6358,7281,7936,8004,8166,8338,8937,9263,9676],[0.691153161953081,4.607168188650764,3.4440173788450834,4.137164559405029,4.607168188650764,5.117993812416755,3.0385522707369192,5.117993812416755,4.019381523748645,4.137164559405029,3.8187108282864943,3.5085558999826545,0.691153161953081,5.117993812416755,0.6753425559264385,0.691153161953081,4.019381523748645,3.914021008090819,0.691153161953081,3.914021008090819,3.8187108282864943,3.0385522707369192])",0.0
F153,"['successful', 'middle', 'job.', 'society', 'anyone', 'piece', 'collection', 'much', 'then.', 'offer', 'week', 'ago', 'everything', 'friend', 'trade', 'eye', 'section.', '—', 'shocking', 'claims', 'hoax', 'surface', 'internet.']","(10000,[327,419,488,503,524,666,1133,1341,1896,2636,2958,3133,4377,5122,5379,5659,5850,7281,7936,8209,8338,9156,9878],[4.270695952029551,4.42484663185681,3.914021008090819,0.691153161953081,3.7316994512968646,4.607168188650764,5.117993812416755,4.137164559405029,3.914021008090819,5.117993812416755,4.42484663185681,4.42484663185681,2.60568818844064,4.270695952029551,5.523458920524919,3.914021008090819,0.691153161953081,0.6753425559264385,0.691153161953081,4.42484663185681,0.691153161953081,4.019381523748645,4.019381523748645])",0.0
F091,"['money', 'ability', 'society', 'attorney', 'program.', 'eat', 'leave', 'loss', 'middle', 'full', 'dog.', 'movement', 'right', 'cost', 'reason', 'size', 'partner.', '—', 'shocking', 'claims', 'flat', 'earth', 'surface', 'internet.']","(10000,[327,503,1122,1790,2913,2918,2944,3192,3681,4490,4590,4853,5294,5329,5850,6103,7025,7276,7281,7936,8338,8897,9676,9878],[4.270695952029551,0.691153161953081,4.830311739964974,4.42484663185681,3.5085558999826545,3.0385522707369192,3.5085558999826545,4.137164559405029,4.42484663185681,3.8187108282864943,5.523458920524919,3.6516567436233283,4.830311739964974,4.019381523748645,0.691153161953081,4.137164559405029,4.830311739964974,3.8187108282864943,0.6753425559264385,0.691153161953081,0.691153161953081,4.830311739964974,3.0385522707369192,4.019381523748645])",0.0
R246,"['near', 'care', 'feel', 'sound', 'central', 'option', 'career.', 'represent', 'modern', 'stuff', 'stay', 'nothing.', 'morning', 'probably', 'rise', 'outside.', 'experts', 'discuss', 'ongoing', 'developments', 'economic', 'growth.']","(10000,[433,2297,2336,3115,3160,3614,4506,4687,4816,5310,5974,6166,7722,7954,8661,8717,8928,9034,9118,9144,9462,9613],[4.830311739964974,4.270695952029551,3.914021008090819,4.607168188650764,4.830311739964974,0.667530016189645,0.691153161953081,0.691153161953081,3.5085558999826545,3.6516567436233283,3.7316994512968646,4.137164559405029,5.117993812416755,5.523458920524919,5.523458920524919,4.42484663185681,4.607168188650764,2.920769235080536,5.523458920524919,2.7508701982851385,0.691153161953081,4.137164559405029])",1.0
F004,"['international', 'sit', 'company', 'candidate.', 'receive', 'reveal', 'realize', 'several.', 'run', 'coach', 'bar.', '—', 'shocking', 'claims', 'secret', 'cure', 'surface', 'internet.']","(10000,[74,188,266,503,547,942,1507,1582,1811,3514,3892,4617,5850,6747,6946,7281,7936,8338],[4.830311739964974,4.270695952029551,4.42484663185681,0.691153161953081,4.830311739964974,4.019381523748645,3.6516567436233283,4.019381523748645,5.117993812416755,3.914021008090819,2.5530444549552183,3.7316994512968646,0.691153161953081,2.5530444549552183,4.019381523748645,0.6753425559264385,0.691153161953081,0.691153161953081])",0.0
F220,"['sister', 'life', 'picture', 'message.', 'plant', 'environmental', 'miss', 'close', 'way', 'assume', 'yard', 'less.', '—', 'shocking', 'claims', 'celebrity', 'scandal', 'surface', 'internet.']","(10000,[359,424,503,1071,2481,2664,3477,3486,3497,3521,4921,5850,6027,7055,7244,7281,7936,8338,9391],[5.117993812416755,4.270695952029551,0.691153161953081,4.42484663185681,3.8187108282864943,3.8187108282864943,4.270695952029551,2.849310271098391,3.7316994512968646,3.8187108282864943,2.849310271098391,0.691153161953081,4.270695952029551,4.830311739964974,3.4440173788450834,0.6753425559264385,0.691153161953081,0.691153161953081,4.270695952029551])",0.0
F121,"['hard', 'president', 'reason', 'add.', 'eight', 'since', 'short', 'ago', 'hot', 'back.', 'fast', 'though', 'tree', 'fear', 'actually', 'decade.', '—', 'shocking', 'claims', 'hoax', 'surface', 'internet.']","(10000,[503,997,1262,1306,1896,2110,2944,3385,4377,5125,5850,5871,6287,6447,7281,7936,8338,8344,8482,9263,9513,9693],[0.691153161953081,4.830311739964974,4.270695952029551,4.137164559405029,3.914021008090819,4.830311739964974,3.5085558999826545,5.117993812416755,2.60568818844064,4.270695952029551,0.691153161953081,4.137164559405029,5.117993812416755,4.137164559405029,0.6753425559264385,0.691153161953081,0.691153161953081,3.7316994512968646,4.270695952029551,3.8187108282864943,3.577548771469606,4.137164559405029])",0.0
F245,"['give', 'accept', 'property', 'song', 'employee.', 'fish', 'these.', '—', 'shocking', 'claims', 'mind', 'control', 'surface', 'internet.']","(10000,[503,1208,1376,2657,2733,3184,3783,5678,5850,7281,7350,7936,8338,8408],[0.691153161953081,2.7826188965997183,4.270695952029551,3.2721671219184243,3.7316994512968646,2.7508701982851385,4.607168188650764,4.830311739964974,0.691153161953081,0.6753425559264385,4.42484663185681,0.691153161953081,0.691153161953081,4.42484663185681])",0.0
R035,"['age', 'clearly', 'seek', 'guess', 'up.', 'current', 'really', 'quality', 'card', 'catch.', 'experts', 'discuss', 'ongoing', 'developments', 'climate', 'change.']","(10000,[171,796,821,2059,2144,3506,3614,4112,4506,4687,6426,8238,8660,8791,9189,9462],[3.577548771469606,3.914021008090819,2.849310271098391,2.60568818844064,4.830311739964974,3.8187108282864943,0.667530016189645,4.137164559405029,0.691153161953081,0.691153161953081,5.117993812416755,4.137164559405029,4.270695952029551,4.019381523748645,4.137164559405029,0.691153161953081])",1.0
R024,"['detail', 'weight', 'coach', 'central', 'budget.', 'explain', 'soon', 'clearly', 'tend', 'letter', 'exactly', 'attention', 'morning.', 'experts', 'discuss', 'ongoing', 'developments', 'education.']","(10000,[564,1041,1143,1222,1810,2096,3144,3514,3614,4115,4506,4687,5047,5341,8004,8238,8928,9462],[3.6516567436233283,4.42484663185681,4.270695952029551,4.830311739964974,3.914021008090819,4.019381523748645,3.7316994512968646,3.914021008090819,0.667530016189645,5.523458920524919,0.691153161953081,0.691153161953081,2.6902455764687034,4.019381523748645,4.019381523748645,4.137164559405029,4.607168188650764,0.691153161953081])",1.0
F079,"['plan', 'piece', 'market', 'series', 'quite', 'everything.', 'big', 'young', 'involve', 'work', 'now.', 'system', 'usually', 'great', 'physical', 'hold.', '—', 'shocking', 'claims', 'miracle', 'drug', 'surface', 'internet.']","(10000,[23,503,750,1256,2657,2990,3048,3133,3802,3996,4442,4463,5850,6056,6123,6271,7281,7809,7860,7936,8338,8649,9527],[5.117993812416755,0.691153161953081,4.019381523748645,3.125563647726549,3.2721671219184243,4.270695952029551,4.42484663185681,4.42484663185681,5.117993812416755,5.117993812416755,4.830311739964974,4.270695952029551,0.691153161953081,3.914021008090819,4.830311739964974,4.137164559405029,0.6753425559264385,4.270695952029551,2.7826188965997183,0.691153161953081,0.691153161953081,3.6516567436233283,4.270695952029551])",0.0
R094,"['pay', 'final', 'describe', 'still.', 'agency', 'pressure', 'finally', 'car', 'begin', 'baby.', 'blood', 'use', 'medical', 'tree', 'answer', 'arrive', 'list.', 'experts', 'discuss', 'ongoing', 'developments', 'policy.']","(10000,[765,1513,1649,1653,1817,2359,3614,3619,3674,4506,4687,4897,5133,5661,5871,6944,7085,7391,8268,8961,9367,9462],[4.270695952029551,3.7316994512968646,4.42484663185681,4.42484663185681,4.607168188650764,4.607168188650764,0.667530016189645,4.137164559405029,4.137164559405029,0.691153161953081,0.691153161953081,4.42484663185681,3.8187108282864943,4.607168188650764,4.137164559405029,2.8154087194227095,4.270695952029551,3.914021008090819,3.383392757028649,5.117993812416755,4.019381523748645,0.691153161953081])",1.0
R040,"['role', 'drive', 'number', 'bring', 'support', 'green', 'coach.', 'experts', 'discuss', 'ongoing', 'developments', 'policy.']","(10000,[551,1479,3057,3350,3614,4506,4687,6325,6944,8217,8519,9462],[4.270695952029551,5.523458920524919,4.270695952029551,4.270695952029551,0.667530016189645,0.691153161953081,0.691153161953081,3.8187108282864943,2.8154087194227095,4.42484663185681,3.914021008090819,0.691153161953081])",1.0
F170,"['particular', 'happy', 'meet', 'physical', 'alone', 'republican', 'analysis.', 'push', 'fine', 'day', 'soon', 'mr', 'bad', 'message.', '—', 'shocking', 'claims', 'immortal', 'jellyfish', 'surface', 'internet.']","(10000,[503,1041,2066,2492,2647,4616,5347,5850,5978,6421,6431,7055,7281,7936,7956,8338,8649,8984,9133,9876,9940],[0.691153161953081,4.42484663185681,2.7508701982851385,4.137164559405029,4.137164559405029,3.6516567436233283,4.137164559405029,0.691153161953081,4.42484663185681,5.523458920524919,4.42484663185681,4.830311739964974,0.6753425559264385,0.691153161953081,4.42484663185681,0.691153161953081,3.6516567436233283,4.830311739964974,4.42484663185681,2.7508701982851385,4.270695952029551])",0.0
F130,"['market', 'attorney', 'still', 'represent.', 'care', 'save', 'major', 'model.', '—', 'shocking', 'claims', 'immortal', 'jellyfish', 'surface', 'internet.']","(10000,[503,1058,2066,2657,3538,3712,4520,4853,5310,5850,7281,7936,8338,9156,9876],[0.691153161953081,4.270695952029551,2.7508701982851385,3.2721671219184243,4.42484663185681,4.270695952029551,4.137164559405029,3.6516567436233283,3.6516567436233283,0.691153161953081,0.6753425559264385,0.691153161953081,0.691153161953081,4.019381523748645,2.7508701982851385])",0.0
R085,"['professional', 'risk', 'decade', 'low', 'avoid', 'reflect', 'learn', 'debate.', 'miss', 'hot', 'their.', 'area', 'behavior', 'position', 'station', 'sister', 'fund.', 'away', 'exactly', 'early', 'lead', 'age.', 'experts', 'discuss', 'ongoing', 'developments', 'economic', 'growth.']","(10000,[735,1071,1339,1388,2096,2155,3479,3521,3614,3737,4092,4108,4262,4506,4687,5321,5356,5649,5967,6030,6623,8411,8415,8794,9034,9144,9462,9693],[3.914021008090819,4.42484663185681,4.42484663185681,4.019381523748645,4.019381523748645,5.117993812416755,4.42484663185681,3.8187108282864943,0.667530016189645,3.6516567436233283,4.42484663185681,4.830311739964974,5.117993812416755,0.691153161953081,0.691153161953081,3.914021008090819,4.137164559405029,4.270695952029551,4.270695952029551,4.270695952029551,4.830311739964974,3.577548771469606,4.607168188650764,4.137164559405029,2.920769235080536,2.7508701982851385,0.691153161953081,4.137164559405029])",1.0
R054,"['enough', 'event', 'contain.', 'experts', 'discuss', 'ongoing', 'developments', 'budget', 'report.']","(10000,[3292,3614,4506,4687,4748,4991,5432,7728,9462],[5.117993812416755,0.667530016189645,0.691153161953081,0.691153161953081,4.607168188650764,2.6902455764687034,2.7200985396183848,4.137164559405029,0.691153161953081])",1.0
R047,"['way', 'recognize', 'behind', 'office', 'history', 'remember.', 'try', 'plant.', 'experts', 'discuss', 'ongoing', 'developments', 'technology', 'breakthrough.']","(10000,[1020,2227,3614,4346,4506,4687,4693,5849,6543,7178,8171,8344,9391,9462],[2.579019941358479,2.7200985396183848,0.667530016189645,4.019381523748645,0.691153161953081,0.691153161953081,3.914021008090819,5.117993812416755,4.019381523748645,5.117993812416755,3.4440173788450834,3.7316994512968646,4.270695952029551,0.691153161953081])",1.0
R199,"['bit', 'local', 'simple', 'style.', 'experts', 'discuss', 'ongoing', 'developments', 'economic', 'growth.']","(10000,[228,1989,2913,3500,3614,4506,4687,9034,9144,9462],[4.137164559405029,3.914021008090819,3.5085558999826545,5.117993812416755,0.667530016189645,0.691153161953081,0.691153161953081,2.920769235080536,2.7508701982851385,0.691153161953081])",1.0
F062,"['report', 'section', 'pick', 'wall', 'use.', 'agent', 'rock', 'friend', 'building', 'society.', '—', 'shocking', 'claims', 'miracle', 'drug', 'surface', 'internet.']","(10000,[488,503,574,1256,5016,5248,5850,5852,6404,6505,6968,7281,7372,7860,7936,8338,9021],[3.914021008090819,0.691153161953081,3.914021008090819,3.125563647726549,4.270695952029551,5.117993812416755,0.691153161953081,4.42484663185681,4.137164559405029,4.607168188650764,4.019381523748645,0.6753425559264385,4.607168188650764,2.7826188965997183,0.691153161953081,0.691153161953081,4.270695952029551])",0.0
R244,"['heart', 'career', 'energy.', 'executive', 'toward', 'beautiful', 'front', 'professor.', 'finish', 'fear', 'shoulder', 'democrat', 'court', 'order.', 'experts', 'discuss', 'ongoing', 'developments', 'technology', 'breakthrough.']","(10000,[504,1020,1273,2227,3180,3194,3614,4506,4568,4687,4930,5234,5564,5779,6578,6756,9462,9513,9808,9966],[4.270695952029551,2.579019941358479,4.019381523748645,2.7200985396183848,5.117993812416755,4.270695952029551,0.667530016189645,0.691153161953081,4.42484663185681,0.691153161953081,3.577548771469606,4.019381523748645,4.830311739964974,5.117993812416755,4.607168188650764,3.577548771469606,0.691153161953081,3.577548771469606,4.270695952029551,4.019381523748645])",1.0
R107,"['mr', 'control', 'live', 'majority.', 'coach', 'doctor', 'letter', 'understand', 'foot', 'area', 'experience.', 'training', 'building', 'later', 'practice', 'season.', 'experts', 'discuss', 'ongoing', 'developments', 'election.']","(10000,[493,560,564,777,1208,2072,2647,3514,3556,3614,3709,4280,4506,4687,5649,5852,6487,7140,7538,7890,9462],[4.019381523748645,4.270695952029551,3.6516567436233283,4.42484663185681,2.7826188965997183,5.117993812416755,4.137164559405029,3.914021008090819,2.8844015909096608,0.667530016189645,4.830311739964974,4.607168188650764,0.691153161953081,0.691153161953081,4.270695952029551,4.42484663185681,3.5085558999826545,4.607168188650764,4.019381523748645,4.137164559405029,0.691153161953081])",1.0
F148,"['sit', 'environment', 'particularly', 'season', 'money', 'several.', 'close', 'political', 'population.', 'suddenly', 'government', 'discuss', 'floor.', '—', 'shocking', 'claims', 'aliens', 'surface', 'internet.']","(10000,[74,503,650,2259,2358,2407,2920,3497,3614,3935,5850,6103,6443,6599,6946,7281,7936,8338,8581],[4.830311739964974,0.691153161953081,2.958509563063383,2.8154087194227095,4.270695952029551,4.607168188650764,4.830311739964974,3.7316994512968646,0.667530016189645,4.137164559405029,0.691153161953081,4.137164559405029,3.6516567436233283,5.117993812416755,4.019381523748645,0.6753425559264385,0.691153161953081,0.691153161953081,4.607168188650764])",0.0
F023,"['benefit', 'relationship', 'sell', 'phone', 'cost.', 'form', 'floor', 'present', 'bag', 'central.', 'represent', 'listen', 'friend', 'current', 'main', 'simply.', '—', 'shocking', 'claims', 'mind', 'control', 'surface', 'internet.']","(10000,[415,429,488,503,816,1208,1626,1637,3184,4260,4319,4485,5621,5653,5850,6143,6271,7281,7936,8130,8338,8717,9189],[4.270695952029551,4.270695952029551,3.914021008090819,0.691153161953081,5.117993812416755,2.7826188965997183,4.137164559405029,4.42484663185681,2.7508701982851385,4.137164559405029,3.5085558999826545,4.42484663185681,4.42484663185681,4.137164559405029,0.691153161953081,5.117993812416755,4.137164559405029,0.6753425559264385,0.691153161953081,3.8187108282864943,0.691153161953081,4.42484663185681,4.137164559405029])",0.0
R075,"['course', 'beat', 'focus', 'each.', 'event', 'draw', 'pretty', 'finish', 'page.', 'experts', 'discuss', 'ongoing', 'developments', 'budget', 'report.']","(10000,[2569,3614,3652,3813,3919,3931,4506,4687,4991,5432,6021,6578,7728,8167,9462],[4.270695952029551,0.667530016189645,4.019381523748645,4.830311739964974,4.42484663185681,3.4440173788450834,0.691153161953081,0.691153161953081,2.6902455764687034,2.7200985396183848,4.42484663185681,4.607168188650764,4.137164559405029,4.270695952029551,0.691153161953081])",1.0
R220,"['name', 'american.', 'bit', 'size', 'shoulder', 'likely', 'guess.', 'indicate', 'sort', 'choose', 'reflect', 'position', 'wrong', 'season.', 'experts', 'discuss', 'ongoing', 'developments', 'public', 'health.']","(10000,[15,309,1339,1770,1989,3192,3614,4506,4687,5321,5511,5720,6219,6485,6512,6756,7140,7255,9462,9706],[4.270695952029551,4.019381523748645,4.42484663185681,2.8844015909096608,3.914021008090819,4.137164559405029,0.667530016189645,0.691153161953081,0.691153161953081,3.914021008090819,4.607168188650764,4.270695952029551,3.172083663361442,4.270695952029551,4.019381523748645,3.577548771469606,4.607168188650764,5.523458920524919,0.691153161953081,4.270695952029551])",1.0
R099,"['never', 'build.', 'budget', 'edge', 'ground.', 'natural', 'organization', 'republican', 'newspaper', 'seven', 'economy.', 'experts', 'discuss', 'ongoing', 'developments', 'economic', 'growth.']","(10000,[281,1364,3238,3614,3921,4506,4616,4683,4687,4988,4991,5598,7850,8678,9034,9144,9462],[4.607168188650764,4.42484663185681,3.914021008090819,0.667530016189645,3.7316994512968646,0.691153161953081,3.6516567436233283,5.117993812416755,0.691153161953081,4.607168188650764,2.6902455764687034,5.117993812416755,4.830311739964974,5.523458920524919,2.920769235080536,2.7508701982851385,0.691153161953081])",1.0
F066,"['black', 'meeting', 'crime', 'gun', 'throughout', 'eat', 'floor', 'vote.', 'employee', 'fly', 'fish', 'crime.', '—', 'shocking', 'claims', 'flat', 'earth', 'surface', 'internet.']","(10000,[20,278,503,731,1376,1948,2918,4319,5850,5944,5948,6548,6878,7276,7281,7936,8313,8338,9676],[4.607168188650764,4.830311739964974,0.691153161953081,4.830311739964974,4.270695952029551,3.7316994512968646,3.0385522707369192,3.5085558999826545,0.691153161953081,4.42484663185681,4.42484663185681,5.117993812416755,4.830311739964974,3.8187108282864943,0.6753425559264385,0.691153161953081,4.830311739964974,0.691153161953081,3.0385522707369192])",0.0
F060,"['tell', 'popular', 'although', 'lawyer.', 'coach', 'cell', 'account', 'avoid', 'compare', 'place', 'something.', 'however', 'mrs', 'parent', 'represent.', '—', 'shocking', 'claims', 'flat', 'earth', 'surface', 'internet.']","(10000,[141,503,911,1388,1850,2918,3210,3514,3538,4240,5850,6148,6390,7281,7779,7936,8338,9187,9246,9676,9751,9932],[4.270695952029551,0.691153161953081,4.270695952029551,4.019381523748645,4.42484663185681,3.0385522707369192,3.8187108282864943,3.914021008090819,4.42484663185681,4.42484663185681,0.691153161953081,4.270695952029551,4.42484663185681,0.6753425559264385,3.7316994512968646,0.691153161953081,0.691153161953081,4.830311739964974,4.137164559405029,3.0385522707369192,4.019381523748645,4.137164559405029])",0.0
F022,"['trip', 'teach', 'return', 'treat', 'car', 'protect.', 'lose', 'vote', 'treat', 'recent', 'cultural', 'language.', '—', 'shocking', 'claims', 'government', 'cover-up', 'surface', 'internet.']","(10000,[503,635,2259,3674,4422,5591,5782,5850,7281,7936,8338,8522,8693,8750,9214,9233,9813,9998],[0.691153161953081,3.914021008090819,2.8154087194227095,4.137164559405029,4.42484663185681,3.914021008090819,4.137164559405029,0.691153161953081,0.6753425559264385,0.691153161953081,0.691153161953081,4.270695952029551,5.117993812416755,9.214336377301528,4.270695952029551,4.019381523748645,2.997730276216664,5.523458920524919])",0.0
F127,"['need', 'military', 'memory', 'discuss', 'natural.', 'four', 'similar', 'letter', 'clearly', 'prepare.', 'especially', 'area', 'heart', 'player', 'standard', 'management.', 'month', 'head', 'trial', 'campaign', 'middle', 'hotel', 'condition.', '—', 'shocking', 'claims', 'mind', 'control', 'surface', 'internet.']","(10000,[503,564,1064,1208,1243,1815,2663,2967,3184,3386,3410,3614,4237,5649,5741,5850,5877,6537,6604,6675,6941,7046,7281,7723,7936,8173,8238,8338,9808,9878],[0.691153161953081,3.6516567436233283,4.270695952029551,2.7826188965997183,3.914021008090819,4.830311739964974,4.270695952029551,4.270695952029551,2.7508701982851385,5.117993812416755,4.019381523748645,0.667530016189645,5.117993812416755,4.270695952029551,4.607168188650764,0.691153161953081,3.914021008090819,4.019381523748645,4.019381523748645,4.42484663185681,4.830311739964974,4.607168188650764,0.6753425559264385,4.607168188650764,0.691153161953081,3.7316994512968646,4.137164559405029,0.691153161953081,4.270695952029551,4.019381523748645])",0.0
R212,"['close', 'approach', 'reduce.', 'cut', 'team', 'also', 'ready', 'office.', 'experts', 'discuss', 'ongoing', 'developments', 'education.']","(10000,[468,1206,3095,3497,3614,3792,4506,4687,5047,6077,6557,7765,9462],[4.270695952029551,4.019381523748645,4.019381523748645,3.7316994512968646,0.667530016189645,4.270695952029551,0.691153161953081,0.691153161953081,2.6902455764687034,5.523458920524919,4.830311739964974,5.523458920524919,0.691153161953081])",1.0
F119,"['behind', 'consider', 'increase', 'explain', 'company', 'individual', 'candidate.', 'table', 'product', 'court', 'family', 'information', 'responsibility', 'defense', 'wear.', '—', 'shocking', 'claims', 'mind', 'control', 'surface', 'internet.']","(10000,[312,447,503,547,942,1208,3184,3502,3529,3543,3931,4346,4568,5341,5850,7281,7936,7963,8190,8297,8338,8614],[4.270695952029551,3.914021008090819,0.691153161953081,4.830311739964974,4.019381523748645,2.7826188965997183,2.7508701982851385,5.523458920524919,4.830311739964974,3.7316994512968646,3.4440173788450834,4.019381523748645,4.42484663185681,4.019381523748645,0.691153161953081,0.6753425559264385,0.691153161953081,3.914021008090819,4.137164559405029,4.830311739964974,0.691153161953081,5.117993812416755])",0.0
F103,"['ask', 'opportunity', 'training', 'cell', 'time', 'safe', 'stay.', '—', 'shocking', 'claims', 'hoax', 'surface', 'internet.']","(10000,[503,3210,3507,4377,5850,6976,7281,7538,7642,7936,8157,8338,9766],[0.691153161953081,3.8187108282864943,4.270695952029551,2.60568818844064,0.691153161953081,4.270695952029551,0.6753425559264385,4.019381523748645,3.8187108282864943,0.691153161953081,4.42484663185681,0.691153161953081,4.607168188650764])",0.0
F191,"['require', 'single', 'claim', 'never.', 'sense', 'score', 'mind', 'fall', 'bit', 'record.', 'medical', 'music', 'audience', 'everybody', 'air.', 'level', 'discuss', 'computer', 'write', 'audience', 'conference.', '—', 'shocking', 'claims', 'mind', 'control', 'surface', 'internet.']","(10000,[503,924,1208,1312,1499,1898,1918,1927,1989,2561,3184,3614,3729,5445,5447,5850,6370,7040,7281,7889,7936,8151,8268,8338,8449,8937],[0.691153161953081,4.830311739964974,2.7826188965997183,9.214336377301528,4.607168188650764,4.830311739964974,5.523458920524919,4.019381523748645,3.914021008090819,3.8187108282864943,5.501740396570277,0.667530016189645,4.019381523748645,4.137164559405029,3.6516567436233283,0.691153161953081,3.914021008090819,5.523458920524919,0.6753425559264385,4.830311739964974,0.691153161953081,4.019381523748645,3.383392757028649,0.691153161953081,4.270695952029551,3.914021008090819])",0.0
F002,"['mother', 'product', 'tonight', 'two', 'style', 'computer.', 'customer', 'pretty', 'crime', 'leader', 'father', 'certain.', '—', 'shocking', 'claims', 'mind', 'control', 'surface', 'internet.']","(10000,[354,447,503,731,1208,1413,1526,1800,3184,3389,3919,4728,5850,7281,7393,7936,8000,8338,9380],[3.577548771469606,3.914021008090819,0.691153161953081,4.830311739964974,2.7826188965997183,3.914021008090819,4.019381523748645,4.137164559405029,2.7508701982851385,4.019381523748645,4.42484663185681,4.42484663185681,0.691153161953081,0.6753425559264385,5.117993812416755,0.691153161953081,3.8187108282864943,0.691153161953081,5.523458920524919])",0.0
R155,"['wall', 'conference', 'specific', 'second.', 'federal', 'page', 'second', 'morning', 'item', 'forget', 'stay.', 'question', 'wonder', 'republican', 'physical', 'financial', 'resource.', 'experts', 'discuss', 'ongoing', 'developments', 'election.']","(10000,[190,633,1916,2059,2827,2947,3160,3556,3614,4506,4616,4687,4723,5657,6404,6484,7146,7407,8649,9256,9462,9766],[5.117993812416755,3.914021008090819,4.270695952029551,2.60568818844064,4.42484663185681,4.137164559405029,4.830311739964974,2.8844015909096608,0.667530016189645,0.691153161953081,3.6516567436233283,0.691153161953081,4.137164559405029,4.42484663185681,4.137164559405029,5.117993812416755,4.830311739964974,3.914021008090819,3.6516567436233283,4.270695952029551,0.691153161953081,4.607168188650764])",1.0
R006,"['popular', 'wonder', 'land', 'field', 'back', 'soon.', 'cultural', 'another', 'election', 'debate', 'major', 'none', 'choice.', 'rather', 'community', 'development', 'style', 'particular', 'still.', 'experts', 'discuss', 'ongoing', 'developments', 'technology', 'breakthrough.']","(10000,[132,779,1020,1058,1649,2227,2837,2871,3614,4506,4687,4723,5635,6148,7074,7148,8000,8166,8174,8276,8430,8984,9233,9462,9831],[4.42484663185681,5.117993812416755,2.579019941358479,4.270695952029551,4.42484663185681,2.7200985396183848,4.137164559405029,3.914021008090819,0.667530016189645,0.691153161953081,0.691153161953081,4.137164559405029,4.830311739964974,4.270695952029551,3.4440173788450834,4.019381523748645,3.8187108282864943,3.914021008090819,4.137164559405029,3.914021008090819,4.607168188650764,4.830311739964974,4.019381523748645,0.691153161953081,3.914021008090819])",1.0
F086,"['daughter', 'ever', 'free', 'evidence', 'cell', 'say.', 'use', 'cut', 'arm', 'hundred', 'protect', 'onto', 'he.', '—', 'shocking', 'claims', 'government', 'cover-up', 'surface', 'internet.']","(10000,[503,1073,1206,2054,2259,3210,3984,4319,5133,5175,5594,5739,5850,7235,7281,7623,7936,8257,8338,9813],[0.691153161953081,3.914021008090819,4.019381523748645,4.137164559405029,2.8154087194227095,3.8187108282864943,4.019381523748645,3.5085558999826545,3.8187108282864943,4.42484663185681,4.137164559405029,4.830311739964974,0.691153161953081,4.270695952029551,0.6753425559264385,4.019381523748645,0.691153161953081,5.523458920524919,0.691153161953081,2.997730276216664])",0.0
R168,"['break', 'might', 'skin', 'their.', 'resource', 'fire', 'mouth', 'size.', 'see', 'sell', 'drug', 'source', 'prove', 'month.', 'experts', 'discuss', 'ongoing', 'developments', 'election.']","(10000,[668,1481,1670,3556,3614,3924,4108,4485,4506,4687,5191,5214,5354,5833,6532,7497,7721,7860,9462],[4.830311739964974,4.270695952029551,4.270695952029551,2.8844015909096608,0.667530016189645,4.270695952029551,4.830311739964974,4.42484663185681,0.691153161953081,0.691153161953081,5.117993812416755,4.270695952029551,4.42484663185681,4.270695952029551,4.42484663185681,4.137164559405029,4.137164559405029,2.7826188965997183,0.691153161953081])",1.0
R077,"['role', 'always', 'quite', 'continue.', 'discussion', 'money', 'environmental', 'group', 'color', 'challenge.', 'receive', 'chair', 'wait', 'candidate', 'another.', 'experts', 'discuss', 'ongoing', 'developments', 'public', 'health.']","(10000,[681,1770,3350,3614,4358,4506,4617,4687,5315,5477,6027,6056,6103,6219,6221,7766,7963,8172,9011,9462,9832],[5.523458920524919,2.8844015909096608,4.270695952029551,0.667530016189645,4.42484663185681,0.691153161953081,3.7316994512968646,0.691153161953081,4.607168188650764,4.42484663185681,4.270695952029551,3.914021008090819,4.137164559405029,3.172083663361442,4.830311739964974,4.607168188650764,3.914021008090819,5.523458920524919,4.019381523748645,0.691153161953081,4.830311739964974])",1.0
F209,"['fear', 'law', 'measure', 'address', 'right.', 'young', 'south', 'concern.', 'others', 'upon', 'office', 'present', 'power.', '—', 'shocking', 'claims', 'hoax', 'surface', 'internet.']","(10000,[503,528,1029,2660,3979,4377,4454,4816,5850,6735,6940,7281,7809,7936,8130,8338,8344,9513,9719],[0.691153161953081,4.270695952029551,4.137164559405029,5.117993812416755,4.137164559405029,2.60568818844064,4.607168188650764,3.5085558999826545,0.691153161953081,4.270695952029551,4.137164559405029,0.6753425559264385,4.270695952029551,0.691153161953081,3.8187108282864943,0.691153161953081,3.7316994512968646,3.577548771469606,5.523458920524919])",0.0
R236,"['anything', 'real', 'also', 'over.', 'table', 'similar', 'recognize', 'name', 'executive', 'perform.', 'experts', 'discuss', 'ongoing', 'developments', 'public', 'health.']","(10000,[15,1770,2114,3614,3792,3931,4202,4506,4687,6219,7046,8171,9462,9513,9691,9966],[4.270695952029551,2.8844015909096608,4.42484663185681,0.667530016189645,4.270695952029551,3.4440173788450834,5.523458920524919,0.691153161953081,0.691153161953081,3.172083663361442,4.607168188650764,3.4440173788450834,0.691153161953081,3.577548771469606,4.42484663185681,4.019381523748645])",1.0
F186,"['total', 'claim', 'factor', 'set', 'term.', 'network', 'someone', 'perform.', '—', 'shocking', 'claims', 'aliens', 'surface', 'internet.']","(10000,[503,650,3671,5342,5850,6279,6533,7281,7936,8338,8937,9152,9513,9561],[0.691153161953081,2.958509563063383,4.270695952029551,4.42484663185681,0.691153161953081,3.8187108282864943,5.117993812416755,0.6753425559264385,0.691153161953081,0.691153161953081,3.914021008090819,4.42484663185681,3.577548771469606,4.42484663185681])",0.0
R243,"['somebody', 'whose', 'sometimes', 'already', 'different', 'win.', 'move', 'bag', 'increase', 'happy.', 'enough', 'certain', 'away', 'smile', 'friend.', 'experts', 'discuss', 'ongoing', 'developments', 'public', 'health.']","(10000,[415,594,1770,2713,2956,3089,3228,3614,3737,4506,4687,4748,5869,6219,6282,6436,6683,7963,9288,9462,9539],[4.270695952029551,4.607168188650764,2.8844015909096608,4.019381523748645,5.523458920524919,4.42484663185681,5.117993812416755,0.667530016189645,3.6516567436233283,0.691153161953081,0.691153161953081,4.607168188650764,4.607168188650764,3.172083663361442,4.830311739964974,4.830311739964974,4.830311739964974,3.914021008090819,3.8187108282864943,0.691153161953081,4.019381523748645])",1.0
F094,"['notice', 'show', 'community', 'various', 'cost', 'section', 'decision.', 'history', 'song', 'order', 'among.', '—', 'shocking', 'claims', 'immortal', 'jellyfish', 'surface', 'internet.']","(10000,[503,1226,1525,2066,2071,4019,4490,5377,5850,6543,6647,6968,7281,7350,7936,8174,8338,9876],[0.691153161953081,4.137164559405029,4.830311739964974,2.7508701982851385,5.117993812416755,4.270695952029551,3.8187108282864943,5.117993812416755,0.691153161953081,4.019381523748645,4.270695952029551,4.019381523748645,0.6753425559264385,4.42484663185681,0.691153161953081,4.137164559405029,0.691153161953081,2.7508701982851385])",0.0
R032,"['recent', 'draw', 'manager', 'pattern.', 'reflect', 'class', 'act', 'great', 'learn', 'traditional', 'authority.', 'rate', 'wall', 'possible', 'try', 'become.', 'experts', 'discuss', 'ongoing', 'developments', 'economic', 'growth.']","(10000,[253,750,1652,2006,3614,4007,4486,4506,4687,4693,5321,5591,5967,6100,6404,6928,8167,8326,9034,9144,9462,9714],[4.270695952029551,4.019381523748645,4.137164559405029,4.270695952029551,0.667530016189645,4.607168188650764,4.270695952029551,0.691153161953081,0.691153161953081,3.914021008090819,3.914021008090819,3.914021008090819,4.270695952029551,4.270695952029551,4.137164559405029,4.137164559405029,4.270695952029551,4.830311739964974,2.920769235080536,2.7508701982851385,0.691153161953081,5.117993812416755])",1.0
R033,"['suddenly', 'laugh', 'notice', 'none', 'defense', 'imagine', 'body.', 'cover', 'partner', 'sea', 'help', 'his.', 'trial', 'sign', 'receive', 'hospital', 'strong.', 'experts', 'discuss', 'ongoing', 'developments', 'education.']","(10000,[116,278,1525,3410,3543,3614,3754,4506,4617,4687,4930,5047,5301,5726,6104,6756,7098,8581,9347,9462,9617,9831],[4.019381523748645,4.830311739964974,4.830311739964974,4.019381523748645,3.7316994512968646,0.667530016189645,4.607168188650764,0.691153161953081,3.7316994512968646,0.691153161953081,3.577548771469606,2.6902455764687034,4.019381523748645,4.019381523748645,4.42484663185681,3.577548771469606,4.270695952029551,4.607168188650764,4.137164559405029,0.691153161953081,4.270695952029551,3.914021008090819])",1.0
R045,"['surface', 'artist', 'value', 'treatment.', 'every', 'thought', 'close', 'seek', 'hair.', 'dream', 'open', 'network', 'three', 'say', 'thing.', 'experts', 'discuss', 'ongoing', 'developments', 'technology', 'breakthrough.']","(10000,[55,171,1020,2227,2366,2735,3143,3497,3614,4506,4687,5212,5783,5862,5925,7281,7403,8931,9152,9462,9681],[4.270695952029551,3.577548771469606,2.579019941358479,2.7200985396183848,4.137164559405029,5.117993812416755,4.830311739964974,3.7316994512968646,0.667530016189645,0.691153161953081,0.691153161953081,5.523458920524919,4.019381523748645,5.117993812416755,4.270695952029551,0.6753425559264385,4.137164559405029,4.830311739964974,4.42484663185681,0.691153161953081,4.42484663185681])",1.0
R116,"['customer', 'final.', 'imagine', 'among', 'even', 'parent.', 'experts', 'discuss', 'ongoing', 'developments', 'education.']","(10000,[1413,2101,3614,4506,4687,5047,5301,6406,7362,7958,9462],[3.914021008090819,4.607168188650764,0.667530016189645,0.691153161953081,0.691153161953081,2.6902455764687034,4.019381523748645,3.914021008090819,5.117993812416755,5.523458920524919,0.691153161953081])",1.0
F056,"['prove', 'begin', 'modern', 'weight.', 'pass', 'anything', 'list', 'choice', 'commercial.', '—', 'shocking', 'claims', 'celebrity', 'scandal', 'surface', 'internet.']","(10000,[288,503,1513,2114,2336,3486,4613,4921,5214,5850,6053,7281,7936,8338,8392,8728],[5.117993812416755,0.691153161953081,3.7316994512968646,4.42484663185681,3.914021008090819,2.849310271098391,4.830311739964974,2.849310271098391,4.270695952029551,0.691153161953081,3.4440173788450834,0.6753425559264385,0.691153161953081,0.691153161953081,4.270695952029551,3.5085558999826545])",0.0
R043,"['sing', 'wear', 'seek', 'law', 'local', 'but.', 'operation', 'ago', 'check', 'new', 'surface', 'leader', 'station', 'open.', 'certain', 'black', 'glass', 'high', 'majority', 'much', 'agent.', 'character', 'already', 'response', 'evidence.', 'experts', 'discuss', 'ongoing', 'developments', 'policy.']","(10000,[171,228,524,585,594,1526,1896,1948,2116,2445,3614,3901,3979,4506,4687,4867,5922,6451,6581,6932,6944,7281,7381,8012,8415,8927,9244,9288,9462,9588],[3.577548771469606,4.137164559405029,3.7316994512968646,4.607168188650764,4.607168188650764,4.019381523748645,3.914021008090819,3.7316994512968646,3.914021008090819,4.137164559405029,0.667530016189645,4.270695952029551,4.137164559405029,0.691153161953081,0.691153161953081,4.270695952029551,5.117993812416755,3.6516567436233283,4.42484663185681,4.42484663185681,2.8154087194227095,0.6753425559264385,4.607168188650764,5.117993812416755,4.607168188650764,5.523458920524919,4.270695952029551,3.8187108282864943,0.691153161953081,4.607168188650764])",1.0
R145,"['apply', 'actually', 'challenge', 'another', 'decide', 'writer.', 'throughout', 'start', 'easy', 'manager', 'huge', 'set.', 'answer', 'attorney', 'southern.', 'experts', 'discuss', 'ongoing', 'developments', 'economic', 'growth.']","(10000,[760,1417,1652,2198,2996,3614,3619,4506,4687,4853,5767,5935,5948,6447,7312,7857,8166,8293,9034,9144,9462],[4.270695952029551,5.117993812416755,4.137164559405029,3.914021008090819,4.42484663185681,0.667530016189645,4.137164559405029,0.691153161953081,0.691153161953081,3.6516567436233283,5.523458920524919,4.607168188650764,4.42484663185681,4.137164559405029,4.42484663185681,5.523458920524919,3.914021008090819,3.8187108282864943,2.920769235080536,2.7508701982851385,0.691153161953081])",1.0
F200,"['oil', 'term', 'result', 'civil', 'city', 'knowledge.', 'experience', 'interesting', 'computer', 'according', 'statement', 'meet.', '—', 'shocking', 'claims', 'secret', 'cure', 'surface', 'internet.']","(10000,[399,503,593,2188,2347,3634,3635,3892,5495,5850,6035,6747,6805,7281,7564,7936,8151,8338,9817],[4.42484663185681,0.691153161953081,3.6516567436233283,4.830311739964974,5.117993812416755,3.8187108282864943,4.137164559405029,2.5530444549552183,4.137164559405029,0.691153161953081,4.019381523748645,2.5530444549552183,5.117993812416755,0.6753425559264385,4.019381523748645,0.691153161953081,4.019381523748645,0.691153161953081,3.7316994512968646])",0.0
F034,"['face', 'several', 'behind', 'discussion.', 'century', 'ten', 'citizen', 'pressure.', 'little', 'point', 'benefit', 'top', 'agree', 'she.', '—', 'shocking', 'claims', 'celebrity', 'scandal', 'surface', 'internet.']","(10000,[8,503,740,1590,1733,3486,4034,4079,4346,4416,4921,5085,5328,5653,5850,6925,7281,7841,7936,8338,9227],[4.137164559405029,0.691153161953081,5.523458920524919,4.42484663185681,4.830311739964974,2.849310271098391,4.270695952029551,4.607168188650764,4.019381523748645,4.270695952029551,2.849310271098391,3.5085558999826545,3.5085558999826545,4.137164559405029,0.691153161953081,3.914021008090819,0.6753425559264385,4.270695952029551,0.691153161953081,0.691153161953081,4.270695952029551])",0.0
F149,"['produce', 'nation', 'story', 'per', 'his.', 'generation', 'commercial', 'spring.', '—', 'shocking', 'claims', 'secret', 'cure', 'surface', 'internet.']","(10000,[298,503,1648,3754,3892,4014,5850,6443,6747,6855,6963,7281,7936,8338,9183],[4.137164559405029,0.691153161953081,4.270695952029551,4.607168188650764,2.5530444549552183,4.830311739964974,0.691153161953081,3.6516567436233283,2.5530444549552183,4.270695952029551,4.270695952029551,0.6753425559264385,0.691153161953081,0.691153161953081,5.523458920524919])",0.0
F051,"['away', 'smile', 'modern.', 'fast', 'call', 'nature', 'blue', 'production', 'green.', '—', 'shocking', 'claims', 'secret', 'cure', 'surface', 'internet.']","(10000,[78,503,2713,3611,3737,3892,5146,5768,5850,6747,7016,7281,7936,8338,8353,9263],[4.830311739964974,0.691153161953081,4.019381523748645,4.42484663185681,3.6516567436233283,2.5530444549552183,4.270695952029551,4.42484663185681,0.691153161953081,2.5530444549552183,4.830311739964974,0.6753425559264385,0.691153161953081,0.691153161953081,4.830311739964974,3.8187108282864943])",0.0
F089,"['budget', 'build', 'toward', 'share', 'final.', 'team', 'simple', 'development', 'meeting', 'away.', 'whether', 'audience', 'successful.', '—', 'shocking', 'claims', 'flat', 'earth', 'surface', 'internet.']","(10000,[20,468,503,1312,2101,2871,2913,2918,3014,3194,3406,3947,3984,4991,5850,6830,7281,7936,8338,9676],[4.607168188650764,4.270695952029551,0.691153161953081,4.607168188650764,4.607168188650764,3.914021008090819,3.5085558999826545,3.0385522707369192,4.137164559405029,4.270695952029551,4.019381523748645,4.137164559405029,4.019381523748645,2.6902455764687034,0.691153161953081,4.830311739964974,0.6753425559264385,0.691153161953081,0.691153161953081,3.0385522707369192])",0.0
F135,"['loss', 'force', 'father', 'modern.', '—', 'shocking', 'claims', 'flat', 'earth', 'surface', 'internet.']","(10000,[78,391,503,1800,2918,5329,5850,7281,7936,8338,9676],[4.830311739964974,3.7316994512968646,0.691153161953081,4.137164559405029,3.0385522707369192,4.019381523748645,0.691153161953081,0.6753425559264385,0.691153161953081,0.691153161953081,3.0385522707369192])",0.0
F088,"['push', 'federal', 'foot', 'candidate.', 'like', 'determine', 'special', 'right', 'financial', 'effort', 'next.', 'newspaper', 'special', 'action', 'tonight', 'let', 'according', 'board.', '—', 'shocking', 'claims', 'government', 'cover-up', 'surface', 'internet.']","(10000,[503,547,633,1055,1790,2259,3238,3330,3389,5305,5726,5844,5850,5978,6633,7281,7407,7564,7734,7890,7936,8267,8338,9813],[0.691153161953081,4.830311739964974,3.914021008090819,9.660623479929948,4.42484663185681,2.8154087194227095,3.914021008090819,4.830311739964974,4.019381523748645,4.830311739964974,4.019381523748645,3.914021008090819,0.691153161953081,4.42484663185681,4.270695952029551,0.6753425559264385,3.914021008090819,4.019381523748645,5.117993812416755,4.137164559405029,0.691153161953081,4.270695952029551,0.691153161953081,2.997730276216664])",0.0
R010,"['sound', 'door', 'recently', 'exactly', 'article.', 'movie', 'receive', 'interview.', 'experts', 'discuss', 'ongoing', 'developments', 'election.']","(10000,[1439,2034,2096,3556,3614,4506,4617,4687,4847,5138,6166,6340,9462],[4.019381523748645,4.607168188650764,4.019381523748645,2.8844015909096608,0.667530016189645,0.691153161953081,3.7316994512968646,0.691153161953081,4.607168188650764,5.117993812416755,4.137164559405029,5.117993812416755,0.691153161953081])",1.0
R211,"['office', 'health', 'law', 'couple', 'travel.', 'front', 'base', 'smile', 'high.', 'experts', 'discuss', 'ongoing', 'developments', 'policy.']","(10000,[504,2713,2959,3614,3979,4506,4687,6944,7702,8094,8173,8344,8805,9462],[4.270695952029551,4.019381523748645,5.117993812416755,0.667530016189645,4.137164559405029,0.691153161953081,0.691153161953081,2.8154087194227095,4.607168188650764,4.830311739964974,3.7316994512968646,3.7316994512968646,4.137164559405029,0.691153161953081])",1.0
F204,"['contain', 'necessary', 'agreement', 'course', 'require', 'garden', 'protect.', 'agency', 'allow', 'brother.', 'new', 'big', 'pay', 'personal.', '—', 'shocking', 'claims', 'miracle', 'drug', 'surface', 'internet.']","(10000,[503,585,765,1256,3048,3652,4404,4835,4897,5098,5850,5936,7281,7493,7860,7936,7979,8338,8413,8449,8693],[0.691153161953081,4.607168188650764,4.270695952029551,3.125563647726549,4.42484663185681,4.019381523748645,4.607168188650764,4.137164559405029,4.42484663185681,4.830311739964974,0.691153161953081,4.270695952029551,0.6753425559264385,4.270695952029551,2.7826188965997183,0.691153161953081,4.137164559405029,0.691153161953081,3.914021008090819,4.270695952029551,5.117993812416755])",0.0
F168,"['factor', 'mean', 'picture', 'hospital', 'significant.', 'produce', 'book', 'space', 'american', 'face', 'develop', 'front', 'history.', '—', 'shocking', 'claims', 'miracle', 'drug', 'surface', 'internet.']","(10000,[393,503,504,909,1241,1256,1648,2126,2481,4034,4930,5850,7281,7424,7652,7860,7936,8338,9188,9561],[5.117993812416755,0.691153161953081,4.270695952029551,5.523458920524919,3.4440173788450834,3.125563647726549,4.270695952029551,5.117993812416755,3.8187108282864943,4.270695952029551,3.577548771469606,0.691153161953081,0.6753425559264385,5.523458920524919,4.607168188650764,2.7826188965997183,0.691153161953081,0.691153161953081,4.42484663185681,4.42484663185681])",0.0
R011,"['drop', 'million', 'out.', 'exactly', 'professor', 'particularly', 'owner', 'newspaper', 'hour.', 'property', 'every', 'film', 'number', 'put', 'else', 'condition.', 'idea', 'let', 'whether', 'score', 'consider', 'member.', 'experts', 'discuss', 'ongoing', 'developments', 'public', 'health.']","(10000,[312,1770,1927,2096,2403,2543,2733,3238,3406,3614,4506,4687,5003,5034,5778,5958,6053,6219,6443,7723,7825,8267,8519,8577,8651,8871,9462,9681],[4.270695952029551,2.8844015909096608,4.019381523748645,4.019381523748645,3.6516567436233283,3.3262343431887,3.7316994512968646,3.914021008090819,4.019381523748645,0.667530016189645,0.691153161953081,0.691153161953081,4.42484663185681,4.607168188650764,5.117993812416755,4.137164559405029,3.4440173788450834,3.172083663361442,3.6516567436233283,4.607168188650764,5.523458920524919,4.270695952029551,3.914021008090819,4.830311739964974,4.42484663185681,4.830311739964974,0.691153161953081,4.42484663185681])",1.0
R232,"['need', 'bad', 'information', 'will.', 'peace', 'reveal', 'prove', 'reason.', 'take.', 'sound', 'thing', 'middle', 'follow', 'example', 'since.', 'experts', 'discuss', 'ongoing', 'developments', 'climate', 'change.']","(10000,[821,1507,2059,3614,3857,4357,4506,4687,5214,5375,6166,6537,6697,7699,7956,8190,8656,9367,9462,9606,9878],[2.849310271098391,3.6516567436233283,2.60568818844064,0.667530016189645,4.270695952029551,4.830311739964974,0.691153161953081,0.691153161953081,4.270695952029551,4.830311739964974,4.137164559405029,4.019381523748645,4.137164559405029,4.830311739964974,4.42484663185681,4.137164559405029,5.523458920524919,4.019381523748645,0.691153161953081,3.7316994512968646,4.019381523748645])",1.0
R042,"['region', 'ok', 'field', 'well', 'wife.', 'raise', 'police', 'site', 'compare.', 'experts', 'discuss', 'ongoing', 'developments', 'public', 'health.']","(10000,[157,1770,2645,3527,3614,3876,4506,4570,4687,5399,5891,6219,7074,8159,9462],[3.5085558999826545,2.8844015909096608,5.117993812416755,4.607168188650764,0.667530016189645,4.42484663185681,0.691153161953081,4.830311739964974,0.691153161953081,4.270695952029551,4.830311739964974,3.172083663361442,3.4440173788450834,3.4440173788450834,0.691153161953081])",1.0
F182,"['practice', 'seek', 'approach', 'challenge', 'lay', 'boy', 'away.', 'fund', 'cost', 'mention', 'similar.', 'opportunity', 'father', 'station', 'high', 'final', 'respond', 'past.', '—', 'shocking', 'claims', 'hoax', 'surface', 'internet.']","(10000,[157,171,503,1653,1776,1800,2116,2500,2907,3095,3308,4280,4377,4475,4490,4638,5850,5935,6830,6976,7281,7936,8338,8415],[3.5085558999826545,3.577548771469606,0.691153161953081,4.42484663185681,5.117993812416755,4.137164559405029,3.914021008090819,4.607168188650764,4.270695952029551,4.019381523748645,4.830311739964974,4.607168188650764,2.60568818844064,4.270695952029551,3.8187108282864943,4.270695952029551,0.691153161953081,4.607168188650764,4.830311739964974,4.270695952029551,0.6753425559264385,0.691153161953081,0.691153161953081,4.607168188650764])",0.0
F036,"['week', 'recognize', 'physical', 'one', 'although', 'cold.', 'book', 'huge', 'outside', 'congress', 'data.', '—', 'shocking', 'claims', 'miracle', 'drug', 'surface', 'internet.']","(10000,[393,503,815,1256,1630,2198,5122,5850,6873,7281,7779,7860,7936,8171,8338,8568,8649,8728],[5.117993812416755,0.691153161953081,4.42484663185681,3.125563647726549,5.523458920524919,3.914021008090819,4.270695952029551,0.691153161953081,5.117993812416755,0.6753425559264385,3.7316994512968646,2.7826188965997183,0.691153161953081,3.4440173788450834,0.691153161953081,4.137164559405029,3.6516567436233283,3.5085558999826545])",0.0
F068,"['training', 'join', 'response', 'there.', 'political', 'help.', 'age', 'instead', 'necessary', 'huge.', '—', 'shocking', 'claims', 'secret', 'cure', 'surface', 'internet.']","(10000,[503,2445,3892,3935,3952,4527,5321,5804,5850,6747,7281,7538,7936,7979,8338,8791,8952],[0.691153161953081,4.137164559405029,2.5530444549552183,4.137164559405029,4.830311739964974,4.830311739964974,3.914021008090819,4.830311739964974,0.691153161953081,2.5530444549552183,0.6753425559264385,4.019381523748645,0.691153161953081,4.137164559405029,0.691153161953081,4.019381523748645,4.137164559405029])",0.0
R015,"['clear', 'risk', 'season', 'rise', 'it.', 'particular', 'source', 'movie', 'effect.', 'total', 'begin', 'decade', 'television.', 'experts', 'discuss', 'ongoing', 'developments', 'election.']","(10000,[1365,1439,1513,1611,1890,2358,3556,3614,4506,4687,4816,6030,6279,7721,7805,8794,8984,9462],[5.523458920524919,4.019381523748645,3.7316994512968646,4.607168188650764,4.830311739964974,4.270695952029551,2.8844015909096608,0.667530016189645,0.691153161953081,0.691153161953081,3.5085558999826545,4.270695952029551,3.8187108282864943,4.137164559405029,4.830311739964974,4.137164559405029,4.830311739964974,0.691153161953081])",1.0
R147,"['ability', 'bar', 'line', 'approach', 'firm', 'note', 'figure.', 'rise', 'go', 'recognize', 'science.', 'require', 'save', 'recent', 'foot', 'attorney.', 'experts', 'discuss', 'ongoing', 'developments', 'climate', 'change.']","(10000,[821,1182,2059,3095,3334,3614,3681,4102,4247,4506,4520,4687,4816,5591,6451,7332,7890,8171,8449,8894,9462,9909],[2.849310271098391,4.607168188650764,2.60568818844064,4.019381523748645,4.830311739964974,0.667530016189645,4.42484663185681,4.42484663185681,4.607168188650764,0.691153161953081,4.137164559405029,0.691153161953081,3.5085558999826545,3.914021008090819,3.6516567436233283,4.270695952029551,4.137164559405029,3.4440173788450834,4.270695952029551,3.8187108282864943,0.691153161953081,4.42484663185681])",1.0
F198,"['capital', 'drug', 'open', 'professor.', 'method', 'rise', 'final', 'score', 'candidate', 'message', 'leader', 'physical.', 'record', 'although', 'social', 'hotel', 'beyond.', '—', 'shocking', 'claims', 'government', 'cover-up', 'surface', 'internet.']","(10000,[142,503,823,1116,1526,1653,1927,2259,2663,2715,3180,4347,4358,4816,5783,5850,6015,6541,7281,7779,7860,7936,8338,9813],[5.523458920524919,0.691153161953081,4.42484663185681,4.607168188650764,4.019381523748645,4.42484663185681,4.019381523748645,2.8154087194227095,4.270695952029551,4.270695952029551,5.117993812416755,5.117993812416755,4.42484663185681,3.5085558999826545,4.019381523748645,0.691153161953081,4.270695952029551,4.42484663185681,0.6753425559264385,3.7316994512968646,2.7826188965997183,0.691153161953081,0.691153161953081,2.997730276216664])",0.0
R081,"['need', 'sure', 'beyond', 'walk', 'garden.', 'happen', 'ball', 'floor.', 'often', 'fall', 'authority', 'movement.', 'experts', 'discuss', 'ongoing', 'developments', 'climate', 'change.']","(10000,[7,821,1176,1821,2059,2920,3614,3729,4395,4506,4687,4704,6142,6537,7432,7492,8900,9462],[4.137164559405029,2.849310271098391,4.137164559405029,4.270695952029551,2.60568818844064,4.830311739964974,0.667530016189645,4.019381523748645,5.523458920524919,0.691153161953081,0.691153161953081,3.8187108282864943,4.137164559405029,4.019381523748645,5.117993812416755,4.270695952029551,5.117993812416755,0.691153161953081])",1.0
F050,"['mouth', 'issue', 'community', 'easy.', 'yet', 'away', 'nature', 'so.', 'ask', 'medical', 'off.', '—', 'shocking', 'claims', 'aliens', 'surface', 'internet.']","(10000,[503,650,1783,3507,3611,3737,4037,4175,5850,6616,7281,7497,7936,8174,8268,8338,9078],[0.691153161953081,2.958509563063383,5.117993812416755,4.270695952029551,4.42484663185681,3.6516567436233283,4.830311739964974,5.117993812416755,0.691153161953081,4.270695952029551,0.6753425559264385,4.137164559405029,0.691153161953081,4.137164559405029,3.383392757028649,0.691153161953081,4.830311739964974])",0.0
F162,"['write', 'amount', 'perform', 'college.', 'trial', 'coach', 'read', 'because.', 'maybe', 'within', 'wish', 'tend', 'per.', '—', 'shocking', 'claims', 'celebrity', 'scandal', 'surface', 'internet.']","(10000,[495,503,1098,1236,1810,3410,3486,3514,4818,4921,5445,5850,6793,7222,7281,7650,7936,8338,9578,9817],[4.137164559405029,0.691153161953081,4.270695952029551,5.523458920524919,3.914021008090819,4.019381523748645,2.849310271098391,3.914021008090819,4.607168188650764,2.849310271098391,4.137164559405029,0.691153161953081,5.523458920524919,4.270695952029551,0.6753425559264385,4.607168188650764,0.691153161953081,0.691153161953081,5.117993812416755,3.7316994512968646])",0.0
R028,"['president', 'family', 'husband.', 'amount', 'letter', 'also', 'ground', 'hard', 'thank.', 'experts', 'discuss', 'ongoing', 'developments', 'technology', 'breakthrough.']","(10000,[564,798,1020,1306,2227,3614,3792,4506,4687,5125,6487,7222,8297,9142,9462],[3.6516567436233283,5.117993812416755,2.579019941358479,4.137164559405029,2.7200985396183848,0.667530016189645,4.270695952029551,0.691153161953081,0.691153161953081,4.270695952029551,3.5085558999826545,4.270695952029551,4.830311739964974,5.117993812416755,0.691153161953081])",1.0
R195,"['suffer', 'throw', 'cause', 'safe', 'southern', 'want.', 'know', 'yes', 'challenge', 'image', 'discover', 'bit', 'employee.', 'soon', 'table', 'affect', 'always', 'whether', 'base.', 'experts', 'discuss', 'ongoing', 'developments', 'budget', 'report.']","(10000,[316,1041,1989,3406,3614,3743,3931,4170,4506,4687,4991,5044,5303,5432,5935,6055,6135,6838,7642,7779,8325,8408,9011,9462,9637],[3.8187108282864943,4.42484663185681,3.914021008090819,4.019381523748645,0.667530016189645,3.914021008090819,3.4440173788450834,4.270695952029551,0.691153161953081,0.691153161953081,2.6902455764687034,4.270695952029551,4.607168188650764,2.7200985396183848,4.607168188650764,4.019381523748645,4.270695952029551,5.523458920524919,3.8187108282864943,3.7316994512968646,4.42484663185681,4.42484663185681,4.019381523748645,0.691153161953081,5.523458920524919])",1.0
F116,"['purpose', 'stuff', 'fast', 'just.', 'resource', 'consumer', 'risk.', '—', 'shocking', 'claims', 'aliens', 'surface', 'internet.']","(10000,[503,650,1457,1670,5850,6711,7281,7722,7936,8089,8338,9263,9475],[0.691153161953081,2.958509563063383,5.117993812416755,4.270695952029551,0.691153161953081,4.607168188650764,0.6753425559264385,5.117993812416755,0.691153161953081,5.117993812416755,0.691153161953081,3.8187108282864943,4.270695952029551])",0.0
R018,"['resource', 'natural', 'prove', 'star', 'congress', 'whose.', 'general', 'interesting', 'successful', 'away', 'number', 'remember', 'deal.', 'experts', 'discuss', 'ongoing', 'developments', 'research.']","(10000,[1670,3614,3634,3737,4506,4687,4988,5170,5214,5465,5659,5685,6383,7066,8519,8728,9462,9470],[4.270695952029551,0.667530016189645,3.8187108282864943,3.6516567436233283,0.691153161953081,0.691153161953081,4.607168188650764,4.830311739964974,4.270695952029551,4.137164559405029,3.914021008090819,4.607168188650764,5.117993812416755,2.7826188965997183,3.914021008090819,3.5085558999826545,0.691153161953081,5.523458920524919])",1.0
F073,"['direction', 'evening.', 'list', 'top', 'reason', 'prepare', 'player', 'teacher.', 'son', 'happy', 'never', 'official.', '—', 'shocking', 'claims', 'immortal', 'jellyfish', 'surface', 'internet.']","(10000,[209,281,503,2066,2286,2944,4011,5328,5347,5382,5500,5850,6604,7281,7936,8338,8554,8728,9876],[4.830311739964974,4.607168188650764,0.691153161953081,2.7508701982851385,4.830311739964974,3.5085558999826545,5.117993812416755,3.5085558999826545,4.137164559405029,4.830311739964974,5.117993812416755,0.691153161953081,4.019381523748645,0.6753425559264385,0.691153161953081,0.691153161953081,4.830311739964974,3.5085558999826545,2.7508701982851385])",0.0
F059,"['law', 'none', 'and.', 'different', 'pull', 'three', 'provide', 'two', 'energy', 'draw.', '—', 'shocking', 'claims', 'miracle', 'drug', 'surface', 'internet.']","(10000,[503,1256,2086,3759,3979,4728,5850,5925,5946,6597,6683,7281,7860,7936,8307,8338,9831],[0.691153161953081,3.125563647726549,4.830311739964974,5.523458920524919,4.137164559405029,4.42484663185681,0.691153161953081,4.270695952029551,4.42484663185681,3.8187108282864943,4.830311739964974,0.6753425559264385,2.7826188965997183,0.691153161953081,4.42484663185681,0.691153161953081,3.914021008090819])",0.0
R078,"['reason', 'control', 'expect', 'general.', 'event', 'congress', 'person', 'describe', 'let', 'any.', 'experts', 'discuss', 'ongoing', 'developments', 'budget', 'report.']","(10000,[1208,2944,3249,3614,3691,4506,4687,4991,5432,5547,7085,7728,8267,8728,9462,9543],[2.7826188965997183,3.5085558999826545,3.6516567436233283,0.667530016189645,4.270695952029551,0.691153161953081,0.691153161953081,2.6902455764687034,2.7200985396183848,5.523458920524919,4.270695952029551,4.137164559405029,4.270695952029551,3.5085558999826545,0.691153161953081,5.523458920524919])",1.0
F216,"['suffer', 'indeed', 'recently', 'camera', 'product', 'item', 'natural.', 'focus', 'care', 'street', 'today', 'however', 'about.', 'voice', 'hundred', 'recent', 'car', 'present', 'party.', '—', 'shocking', 'claims', 'secret', 'cure', 'surface', 'internet.']","(10000,[447,503,911,1650,1916,2034,2176,3530,3674,3684,3892,3931,4201,4237,4934,5175,5310,5591,5850,6135,6747,7281,7936,8130,8338,9806],[3.914021008090819,0.691153161953081,4.270695952029551,4.019381523748645,4.270695952029551,4.607168188650764,5.117993812416755,4.830311739964974,4.137164559405029,4.137164559405029,2.5530444549552183,3.4440173788450834,4.830311739964974,5.117993812416755,4.42484663185681,4.42484663185681,3.6516567436233283,3.914021008090819,0.691153161953081,4.270695952029551,2.5530444549552183,0.6753425559264385,0.691153161953081,3.8187108282864943,0.691153161953081,4.270695952029551])",0.0
F206,"['economic', 'free', 'detail', 'stop.', 'eat', 'try', 'second', 'idea', 'management', 'example', 'question.', 'mention', 'knowledge', 'fall.', '—', 'shocking', 'claims', 'celebrity', 'scandal', 'surface', 'internet.']","(10000,[503,1073,1143,1241,2907,3479,3486,3488,4693,4921,5850,5958,6917,7276,7281,7864,7936,8338,9144,9256,9606],[0.691153161953081,3.914021008090819,4.270695952029551,3.4440173788450834,4.270695952029551,4.42484663185681,2.849310271098391,5.523458920524919,3.914021008090819,2.849310271098391,0.691153161953081,4.137164559405029,5.523458920524919,3.8187108282864943,0.6753425559264385,4.830311739964974,0.691153161953081,0.691153161953081,2.7508701982851385,4.270695952029551,3.7316994512968646])",0.0
R036,"['box', 'certain', 'experience', 'pass.', 'allow', 'keep', 'great', 'return', 'affect', 'product', 'defense.', 'experts', 'discuss', 'ongoing', 'developments', 'research.']","(10000,[176,447,635,750,3614,3635,4506,4687,4835,6055,7066,7922,8171,9288,9462,9594],[5.523458920524919,3.914021008090819,3.914021008090819,4.019381523748645,0.667530016189645,4.137164559405029,0.691153161953081,0.691153161953081,4.137164559405029,4.019381523748645,2.7826188965997183,4.019381523748645,3.4440173788450834,3.8187108282864943,0.691153161953081,4.137164559405029])",1.0
F104,"['member.', 'even', 'school', 'sister', 'another', 'fill', 'success.', 'door', 'interesting', 'industry', 'bed', 'air', 'sure', 'benefit.', '—', 'shocking', 'claims', 'aliens', 'surface', 'internet.']","(10000,[88,503,650,1821,1840,2403,2679,3010,3521,3634,4847,5850,6406,7281,7936,8166,8280,8338,9497,9727],[4.270695952029551,0.691153161953081,2.958509563063383,4.270695952029551,4.607168188650764,3.6516567436233283,4.42484663185681,4.607168188650764,3.8187108282864943,3.8187108282864943,4.607168188650764,0.691153161953081,3.914021008090819,0.6753425559264385,0.691153161953081,3.914021008090819,5.523458920524919,0.691153161953081,4.270695952029551,4.607168188650764])",0.0
F000,"['carry', 'nice', 'produce', 'according.', 'hard', 'practice', 'huge', 'rule', 'member.', '—', 'shocking', 'claims', 'hoax', 'surface', 'internet.']","(10000,[343,454,503,1648,2198,2403,3370,4280,4377,5125,5850,7281,7936,8338,9907],[4.42484663185681,4.42484663185681,0.691153161953081,4.270695952029551,3.914021008090819,3.6516567436233283,4.270695952029551,4.607168188650764,2.60568818844064,4.270695952029551,0.691153161953081,0.6753425559264385,0.691153161953081,0.691153161953081,5.117993812416755])",0.0
R136,"['meet', 'cold', 'simply', 'kid', 'thought', 'according', 'should.', 'close', 'one', 'sort', 'move.', 'listen', 'whatever', 'behavior.', 'experts', 'discuss', 'ongoing', 'developments', 'education.']","(10000,[55,320,429,815,1642,3497,3614,3723,3920,4506,4687,5047,5720,5760,6988,7564,7695,9462,9940],[4.270695952029551,3.8187108282864943,4.270695952029551,4.42484663185681,4.607168188650764,3.7316994512968646,0.667530016189645,4.42484663185681,4.42484663185681,0.691153161953081,0.691153161953081,2.6902455764687034,4.270695952029551,4.607168188650764,5.117993812416755,4.019381523748645,4.42484663185681,0.691153161953081,4.270695952029551])",1.0
F019,"['around', 'create', 'remain', 'smile.', 'appear', 'ever', 'idea', 'start', 'cultural.', 'military', 'need', 'close', 'big.', '—', 'shocking', 'claims', 'immortal', 'jellyfish', 'surface', 'internet.']","(10000,[503,1404,1890,2066,2996,3497,4827,5205,5594,5850,5877,5958,6197,6537,7281,7936,8182,8338,8471,9876],[0.691153161953081,5.117993812416755,4.830311739964974,2.7508701982851385,4.42484663185681,3.7316994512968646,5.523458920524919,4.42484663185681,4.137164559405029,0.691153161953081,3.914021008090819,4.137164559405029,3.914021008090819,4.019381523748645,0.6753425559264385,0.691153161953081,3.8187108282864943,0.691153161953081,5.117993812416755,2.7508701982851385])",0.0
R012,"['course', 'choice', 'near', 'wind.', 'financial', 'pull', 'court', 'purpose.', 'tonight', 'east', 'mention', 'firm', 'success', 'member', 'letter', 'let.', 'experts', 'discuss', 'ongoing', 'developments', 'technology', 'breakthrough.']","(10000,[564,1020,1978,2227,2907,3389,3564,3614,3652,4506,4568,4687,5974,6053,6576,6597,6790,7407,8734,8894,9462,9828],[3.6516567436233283,2.579019941358479,4.830311739964974,2.7200985396183848,4.270695952029551,4.019381523748645,4.830311739964974,0.667530016189645,4.019381523748645,0.691153161953081,4.42484663185681,0.691153161953081,3.7316994512968646,3.4440173788450834,4.137164559405029,3.8187108282864943,4.830311739964974,3.914021008090819,5.117993812416755,3.8187108282864943,0.691153161953081,4.607168188650764])",1.0
R052,"['yeah', 'fast', 'national', 'value', 'adult.', 'free', 'republican', 'section', 'it.', 'interesting', 'kid', 'late', 'model', 'answer.', 'experts', 'discuss', 'ongoing', 'developments', 'education.']","(10000,[1073,2086,3079,3249,3614,3634,3723,4506,4616,4687,5047,6968,7102,7403,7805,7904,7910,9263,9462],[3.914021008090819,4.830311739964974,4.42484663185681,3.6516567436233283,0.667530016189645,3.8187108282864943,4.42484663185681,0.691153161953081,3.6516567436233283,0.691153161953081,2.6902455764687034,4.019381523748645,4.019381523748645,4.137164559405029,4.830311739964974,4.830311739964974,4.270695952029551,3.8187108282864943,0.691153161953081])",1.0
R123,"['maybe', 'option', 'worry', 'operation', 'attorney.', 'respond', 'dinner', 'indicate', 'world', 'across', 'opportunity.', 'experts', 'discuss', 'ongoing', 'developments', 'climate', 'change.']","(10000,[821,2059,2240,2500,3614,4102,4506,4533,4687,4818,5922,6485,7074,8343,9360,9462,9613],[2.849310271098391,2.60568818844064,4.019381523748645,4.607168188650764,0.667530016189645,4.42484663185681,0.691153161953081,5.523458920524919,0.691153161953081,4.607168188650764,5.117993812416755,4.270695952029551,3.4440173788450834,5.117993812416755,4.019381523748645,0.691153161953081,4.137164559405029])",1.0
F040,"['part', 'country', 'chance', 'attention', 'toward.', 'remain', 'fine', 'support', 'rest.', 'national', 'left', 'policy', 'me.', '—', 'shocking', 'claims', 'government', 'cover-up', 'surface', 'internet.']","(10000,[346,503,1662,2259,2989,3144,4142,4531,5177,5205,5850,6431,7281,7870,7910,7936,8217,8338,8740,9813],[4.42484663185681,0.691153161953081,4.830311739964974,2.8154087194227095,5.523458920524919,3.7316994512968646,4.607168188650764,5.117993812416755,5.523458920524919,4.42484663185681,0.691153161953081,4.42484663185681,0.6753425559264385,4.42484663185681,4.270695952029551,0.691153161953081,4.42484663185681,0.691153161953081,4.42484663185681,2.997730276216664])",0.0
R160,"['eight', 'ahead', 'upon.', 'agent', 'old', 'appear', 'machine', 'upon', 'brother.', 'newspaper', 'everything', 'president', 'college', 'garden.', 'experts', 'discuss', 'ongoing', 'developments', 'climate', 'change.']","(10000,[821,1306,2059,3238,3614,4506,4687,5016,5087,5098,6735,7083,7432,8040,8057,8182,8268,8482,9156,9462],[2.849310271098391,4.137164559405029,2.60568818844064,3.914021008090819,0.667530016189645,0.691153161953081,0.691153161953081,4.270695952029551,4.607168188650764,4.830311739964974,4.270695952029551,4.607168188650764,5.117993812416755,3.6516567436233283,4.830311739964974,3.8187108282864943,3.383392757028649,4.270695952029551,4.019381523748645,0.691153161953081])",1.0
F067,"['call', 'history', 'heart.', 'party', 'hour', 'green.', '—', 'shocking', 'claims', 'immortal', 'jellyfish', 'surface', 'internet.']","(10000,[503,527,691,1379,2066,5146,5850,6543,7016,7281,7936,8338,9876],[0.691153161953081,4.270695952029551,5.523458920524919,4.137164559405029,2.7508701982851385,4.270695952029551,0.691153161953081,4.019381523748645,4.830311739964974,0.6753425559264385,0.691153161953081,0.691153161953081,2.7508701982851385])",0.0
R069,"['reason', 'point', 'stage', 'town.', 'field', 'news', 'human', 'outside', 'own.', 'continue', 'fall', 'course', 'civil.', 'experts', 'discuss', 'ongoing', 'developments', 'research.']","(10000,[30,743,2433,2944,3614,3652,3729,4416,4464,4506,4687,6278,7066,7074,7813,8303,8568,9462],[3.914021008090819,4.42484663185681,4.137164559405029,3.5085558999826545,0.667530016189645,4.019381523748645,4.019381523748645,4.270695952029551,5.523458920524919,0.691153161953081,0.691153161953081,5.117993812416755,2.7826188965997183,3.4440173788450834,5.523458920524919,4.607168188650764,4.137164559405029,0.691153161953081])",1.0
F160,"['turn', 'must', 'expert', 'company.', 'quality', 'old', 'bag', 'far', 'late.', '—', 'shocking', 'claims', 'mind', 'control', 'surface', 'internet.']","(10000,[415,503,914,1023,1208,3008,3184,3506,3886,4158,5850,6151,7083,7281,7936,8338],[4.270695952029551,0.691153161953081,4.830311739964974,3.914021008090819,2.7826188965997183,4.607168188650764,2.7508701982851385,3.8187108282864943,4.830311739964974,4.019381523748645,0.691153161953081,5.523458920524919,4.607168188650764,0.6753425559264385,0.691153161953081,0.691153161953081])",0.0
F053,"['adult', 'course', 'study', 'rate', 'establish', 'experience.', 'begin', 'scientist', 'learn', 'room.', '—', 'shocking', 'claims', 'hoax', 'surface', 'internet.']","(10000,[72,253,503,1513,2072,2366,2923,3652,4224,4377,5850,5967,6226,7281,7936,8338],[4.270695952029551,4.270695952029551,0.691153161953081,3.7316994512968646,5.117993812416755,4.137164559405029,4.137164559405029,4.019381523748645,4.607168188650764,2.60568818844064,0.691153161953081,4.270695952029551,4.42484663185681,0.6753425559264385,0.691153161953081,0.691153161953081])",0.0
R074,"['realize', 'move', 'benefit.', 'experts', 'discuss', 'ongoing', 'developments', 'education.']","(10000,[1582,1840,3614,4506,4687,5047,6282,9462],[4.019381523748645,4.607168188650764,0.667530016189645,0.691153161953081,0.691153161953081,2.6902455764687034,4.830311739964974,0.691153161953081])",1.0
R007,"['natural', 'growth', 'truth', 'now.', 'instead', 'military', 'last', 'remember', 'reveal', 'fund', 'everybody.', 'experts', 'discuss', 'ongoing', 'developments', 'election.']","(10000,[320,1507,2069,2806,3556,3614,3802,3989,4506,4527,4638,4687,4988,5685,5877,9462],[3.8187108282864943,3.6516567436233283,4.607168188650764,5.117993812416755,2.8844015909096608,0.667530016189645,5.117993812416755,4.270695952029551,0.691153161953081,4.830311739964974,4.270695952029551,0.691153161953081,4.607168188650764,4.607168188650764,3.914021008090819,0.691153161953081])",1.0
R119,"['market', 'candidate', 'growth', 'add.', 'still', 'assume', 'also', 'collection', 'enjoy', 'blue.', 'experts', 'discuss', 'ongoing', 'developments', 'climate', 'change.']","(10000,[320,821,1805,2059,2657,2664,2722,3614,3712,3792,4358,4506,4687,8209,8344,9462],[3.8187108282864943,2.849310271098391,4.270695952029551,2.60568818844064,3.2721671219184243,3.8187108282864943,4.830311739964974,0.667530016189645,4.270695952029551,4.270695952029551,4.42484663185681,0.691153161953081,0.691153161953081,4.42484663185681,3.7316994512968646,0.691153161953081])",1.0
R087,"['work', 'key', 'another', 'early', 'office', 'tend', 'figure.', 'experts', 'discuss', 'ongoing', 'developments', 'budget', 'report.']","(10000,[1810,3131,3614,4092,4247,4506,4687,4991,5432,8166,8344,9462,9527],[3.914021008090819,5.117993812416755,0.667530016189645,4.42484663185681,4.607168188650764,0.691153161953081,0.691153161953081,2.6902455764687034,2.7200985396183848,3.914021008090819,3.7316994512968646,0.691153161953081,4.270695952029551])",1.0
F145,"['past', 'partner', 'thank', 'future', 'break', 'too.', 'build', 'region', 'management', 'material', 'common', 'throughout', 'wind.', 'traditional', 'size', 'pass', 'since.', '—', 'shocking', 'claims', 'miracle', 'drug', 'surface', 'internet.']","(10000,[116,503,668,1241,1256,1687,1978,3014,3192,3231,4486,5850,5948,6332,6488,7281,7699,7860,7936,8159,8338,8392,9275,9873],[4.019381523748645,0.691153161953081,4.830311739964974,3.4440173788450834,3.125563647726549,4.137164559405029,4.830311739964974,4.137164559405029,4.137164559405029,4.270695952029551,4.270695952029551,0.691153161953081,4.42484663185681,4.42484663185681,4.270695952029551,0.6753425559264385,4.830311739964974,2.7826188965997183,0.691153161953081,3.4440173788450834,0.691153161953081,4.270695952029551,4.270695952029551,5.117993812416755])",0.0
R065,"['relate', 'stage', 'question', 'involve', 'place', 'especially.', 'experts', 'discuss', 'ongoing', 'developments', 'budget', 'report.']","(10000,[30,988,1770,2947,3614,4506,4687,4991,5432,6271,6390,9462],[3.914021008090819,4.607168188650764,2.8844015909096608,4.137164559405029,0.667530016189645,0.691153161953081,0.691153161953081,2.6902455764687034,2.7200985396183848,4.137164559405029,4.42484663185681,0.691153161953081])",1.0
R208,"['game', 'act', 'reveal', 'around', 'plan.', 'rich', 'person', 'spend', 'yourself.', 'experts', 'discuss', 'ongoing', 'developments', 'budget', 'report.']","(10000,[353,1507,3249,3614,4506,4687,4991,5432,6197,6212,6928,7321,8975,9087,9462],[3.8187108282864943,3.6516567436233283,3.6516567436233283,0.667530016189645,0.691153161953081,0.691153161953081,2.6902455764687034,2.7200985396183848,3.914021008090819,4.607168188650764,4.137164559405029,4.830311739964974,4.830311739964974,5.117993812416755,0.691153161953081])",1.0
R048,"['measure', 'seat', 'decision', 'relate.', 'sea', 'much', 'family.', 'run', 'might', 'high', 'unit', 'beautiful', 'official.', 'experts', 'discuss', 'ongoing', 'developments', 'budget', 'report.']","(10000,[47,266,524,528,1273,2116,2193,3614,3924,4506,4687,4991,5382,5432,6335,7848,8033,9462,9617],[4.830311739964974,4.42484663185681,3.7316994512968646,4.270695952029551,4.019381523748645,3.914021008090819,4.607168188650764,0.667530016189645,4.270695952029551,0.691153161953081,0.691153161953081,2.6902455764687034,4.830311739964974,2.7200985396183848,4.830311739964974,5.117993812416755,4.607168188650764,0.691153161953081,4.270695952029551])",1.0
F076,"['work', 'send', 'agreement.', 'network', 'senior', 'rise', 'federal.', 'moment', 'ball', 'floor', 'position', 'option', 'catch', 'arm.', '—', 'shocking', 'claims', 'aliens', 'surface', 'internet.']","(10000,[503,650,1339,2782,3401,4144,4319,4816,5523,5850,7281,7492,7936,7949,8338,8497,9152,9527,9613,9892],[0.691153161953081,2.958509563063383,4.42484663185681,5.117993812416755,4.607168188650764,4.607168188650764,3.5085558999826545,3.5085558999826545,4.607168188650764,0.691153161953081,0.6753425559264385,4.270695952029551,0.691153161953081,4.019381523748645,0.691153161953081,4.830311739964974,4.42484663185681,4.270695952029551,4.137164559405029,5.523458920524919])",0.0
R019,"['attack', 'bad', 'turn', 'section', 'catch', 'have.', 'mother', 'cultural', 'provide', 'only.', 'measure', 'believe', 'cause', 'page', 'blood', 'benefit.', 'experts', 'discuss', 'ongoing', 'developments', 'policy.']","(10000,[316,354,528,533,1243,1840,2359,2827,3614,3886,4506,4687,4882,5693,5946,6944,6968,7949,7956,9233,9462],[3.8187108282864943,3.577548771469606,4.270695952029551,5.117993812416755,3.914021008090819,4.607168188650764,4.607168188650764,4.42484663185681,0.667530016189645,4.830311739964974,0.691153161953081,0.691153161953081,5.523458920524919,4.42484663185681,4.42484663185681,2.8154087194227095,4.019381523748645,4.019381523748645,4.42484663185681,4.019381523748645,0.691153161953081])",1.0
F115,"['compare', 'still', 'example', 'child.', 'yes', 'reach', 'hospital.', '—', 'shocking', 'claims', 'immortal', 'jellyfish', 'surface', 'internet.']","(10000,[503,934,1655,2066,3712,5044,5850,7281,7936,8338,8386,9246,9606,9876],[0.691153161953081,4.607168188650764,5.523458920524919,2.7508701982851385,4.270695952029551,4.270695952029551,0.691153161953081,0.6753425559264385,0.691153161953081,0.691153161953081,4.607168188650764,4.137164559405029,3.7316994512968646,2.7508701982851385])",0.0
R031,"['final', 'attorney', 'social', 'interest', 'fly', 'that.', 'certain', 'detail', 'specific', 'including.', 'best', 'hour', 'bar', 'wide', 'military.', 'experts', 'discuss', 'ongoing', 'developments', 'education.']","(10000,[70,527,763,823,1143,1653,2059,2836,3614,4439,4506,4687,4853,5047,5944,6508,7332,8888,9288,9462],[4.607168188650764,4.270695952029551,4.830311739964974,4.42484663185681,4.270695952029551,4.42484663185681,2.60568818844064,4.42484663185681,0.667530016189645,4.607168188650764,0.691153161953081,0.691153161953081,3.6516567436233283,2.6902455764687034,4.42484663185681,5.117993812416755,4.270695952029551,5.117993812416755,3.8187108282864943,0.691153161953081])",1.0
R190,"['defense', 'weight', 'choose', 'trade.', 'protect', 'approach', 'reach', 'rule', 'discuss', 'action.', 'imagine', 'issue', 'news', 'something.', 'experts', 'discuss', 'ongoing', 'developments', 'research.']","(10000,[343,2433,3095,3543,3614,4240,4506,4687,5301,6616,7066,7166,7235,8004,8386,9213,9462,9706],[4.42484663185681,4.137164559405029,4.019381523748645,3.7316994512968646,1.33506003237929,4.42484663185681,0.691153161953081,0.691153161953081,4.019381523748645,4.270695952029551,2.7826188965997183,5.117993812416755,4.270695952029551,4.019381523748645,4.607168188650764,5.523458920524919,0.691153161953081,4.270695952029551])",1.0
F057,"['group', 'sign', 'information.', 'film', 'compare', 'friend', 'two.', 'indicate', 'tough', 'interview', 'job.', '—', 'shocking', 'claims', 'mind', 'control', 'surface', 'internet.']","(10000,[141,488,503,1208,2636,3184,5003,5447,5850,5955,6035,6485,6756,7281,7766,7936,8338,9246],[4.270695952029551,3.914021008090819,0.691153161953081,2.7826188965997183,5.117993812416755,2.7508701982851385,4.42484663185681,3.6516567436233283,0.691153161953081,5.117993812416755,4.019381523748645,4.270695952029551,3.577548771469606,0.6753425559264385,4.607168188650764,0.691153161953081,0.691153161953081,4.137164559405029])",0.0
F158,"['human', 'eight', 'news', 'blood.', 'interesting', 'help', 'military', 'sometimes.', '—', 'shocking', 'claims', 'immortal', 'jellyfish', 'surface', 'internet.']","(10000,[503,1144,2066,2433,3634,4349,5850,5877,7281,7936,8303,8338,8482,9347,9876],[0.691153161953081,5.117993812416755,2.7508701982851385,4.137164559405029,3.8187108282864943,5.523458920524919,0.691153161953081,3.914021008090819,0.6753425559264385,0.691153161953081,4.607168188650764,0.691153161953081,4.270695952029551,4.137164559405029,2.7508701982851385])",0.0
F234,"['choose', 'four', 'find', 'whose', 'training', 'surface', 'night', 'town.', '—', 'shocking', 'claims', 'flat', 'earth', 'surface', 'internet.']","(10000,[503,1243,2918,5850,6278,6869,7281,7510,7538,7936,8338,9539,9676,9706],[0.691153161953081,3.914021008090819,3.0385522707369192,0.691153161953081,5.117993812416755,4.019381523748645,1.350685111852877,4.42484663185681,4.019381523748645,0.691153161953081,0.691153161953081,4.019381523748645,3.0385522707369192,4.270695952029551])",0.0
F155,"['treatment', 'yeah', 'floor', 'war', 'land', 'move.', 'economy', 'page', 'continue', 'development', 'boy', 'those.', 'somebody', 'among', 'wrong', 'responsibility.', '—', 'shocking', 'claims', 'flat', 'earth', 'surface', 'internet.']","(10000,[157,217,503,743,1657,2523,2827,2871,2918,3089,3249,4319,5760,5850,6512,7148,7281,7362,7936,8015,8338,8719,9676],[3.5085558999826545,4.270695952029551,0.691153161953081,4.42484663185681,5.117993812416755,5.523458920524919,4.42484663185681,3.914021008090819,3.0385522707369192,4.42484663185681,3.6516567436233283,3.5085558999826545,4.607168188650764,0.691153161953081,4.019381523748645,4.019381523748645,0.6753425559264385,5.117993812416755,0.691153161953081,4.270695952029551,0.691153161953081,4.42484663185681,3.0385522707369192])",0.0
F106,"['claim', 'oil', 'range', 'matter', 'cause', 'point', 'hit.', 'important', 'reduce', 'heavy', 'item', 'trouble.', '—', 'shocking', 'claims', 'flat', 'earth', 'surface', 'internet.']","(10000,[165,316,317,503,885,1916,1967,2402,2918,4416,5850,6035,7281,7936,8159,8338,8937,8949,9676],[4.830311739964974,3.8187108282864943,5.523458920524919,0.691153161953081,5.117993812416755,4.270695952029551,4.607168188650764,4.019381523748645,3.0385522707369192,4.270695952029551,0.691153161953081,4.019381523748645,0.6753425559264385,0.691153161953081,3.4440173788450834,0.691153161953081,3.914021008090819,4.270695952029551,3.0385522707369192])",0.0
R051,"['better', 'try', 'within', 'performance', 'might.', 'analysis', 'long', 'also', 'likely', 'nothing', 'mind', 'way.', 'experts', 'discuss', 'ongoing', 'developments', 'policy.']","(10000,[309,1296,2543,3184,3614,3792,4292,4506,4639,4687,4693,6729,6944,8904,9351,9462,9817],[4.019381523748645,3.914021008090819,3.3262343431887,2.7508701982851385,0.667530016189645,4.270695952029551,4.830311739964974,0.691153161953081,4.830311739964974,0.691153161953081,3.914021008090819,5.523458920524919,2.8154087194227095,4.270695952029551,4.42484663185681,0.691153161953081,3.7316994512968646])",1.0
R203,"['character', 'consumer', 'level', 'property', 'room.', 'audience', 'keep', 'represent', 'board.', 'experts', 'discuss', 'ongoing', 'developments', 'education.']","(10000,[1312,1499,2366,2733,3614,4506,4687,4867,5047,5305,8717,9462,9475,9594],[4.607168188650764,4.607168188650764,4.137164559405029,3.7316994512968646,0.667530016189645,0.691153161953081,0.691153161953081,4.270695952029551,2.6902455764687034,4.830311739964974,4.42484663185681,0.691153161953081,4.270695952029551,4.137164559405029])",1.0
F063,"['next', 'check', 'low', 'plant', 'determine.', '—', 'shocking', 'claims', 'secret', 'cure', 'surface', 'internet.']","(10000,[503,3892,3901,5850,6747,7244,7281,7936,8273,8338,8411,8512],[0.691153161953081,2.5530444549552183,4.270695952029551,0.691153161953081,2.5530444549552183,3.4440173788450834,0.6753425559264385,0.691153161953081,4.607168188650764,0.691153161953081,3.577548771469606,5.523458920524919])",0.0
R080,"['political', 'attention', 'force.', 'experts', 'discuss', 'ongoing', 'developments', 'policy.']","(10000,[3144,3614,3935,4506,4687,6291,6944,9462],[3.7316994512968646,0.667530016189645,4.137164559405029,0.691153161953081,0.691153161953081,4.607168188650764,2.8154087194227095,0.691153161953081])",1.0
R226,"['peace', 'sound', 'capital', 'whose', 'yourself.', 'rate', 'offer', 'force', 'order', 'anyone.', 'much', 'institution', 'evening', 'use.', 'experts', 'discuss', 'ongoing', 'developments', 'public', 'health.']","(10000,[253,391,524,1226,1770,2958,3243,3614,4506,4687,5286,5931,6166,6219,6541,6697,7321,9021,9462,9539],[4.270695952029551,3.7316994512968646,3.7316994512968646,4.137164559405029,2.8844015909096608,4.42484663185681,4.270695952029551,0.667530016189645,0.691153161953081,0.691153161953081,4.137164559405029,5.117993812416755,4.137164559405029,3.172083663361442,4.42484663185681,4.137164559405029,4.830311739964974,4.270695952029551,0.691153161953081,4.019381523748645])",1.0
F144,"['quite', 'even', 'truth', 'whose', 'daughter', 'consumer.', 'past', 'scene', 'congress', 'market', 'lead.', 'task', 'receive', 'ground', 'across', 'past.', '—', 'shocking', 'claims', 'hoax', 'surface', 'internet.']","(10000,[503,2069,2657,3308,4377,4617,5094,5844,5850,6056,6406,6487,7074,7281,7386,7623,7936,8338,8451,8728,9275,9539],[0.691153161953081,4.607168188650764,3.2721671219184243,4.830311739964974,2.60568818844064,3.7316994512968646,5.117993812416755,3.914021008090819,0.691153161953081,3.914021008090819,3.914021008090819,3.5085558999826545,3.4440173788450834,0.6753425559264385,5.523458920524919,4.019381523748645,0.691153161953081,0.691153161953081,4.42484663185681,3.5085558999826545,4.270695952029551,4.019381523748645])",0.0
F241,"['return', 'business', 'tonight', 'player', 'team', 'pm', 'by.', 'generation', 'friend', 'play', 'similar', 'medical.', '—', 'shocking', 'claims', 'flat', 'earth', 'surface', 'internet.']","(10000,[468,488,503,635,1804,2173,2918,3389,5374,5850,6604,6963,7026,7046,7281,7936,8338,9210,9676],[4.270695952029551,3.914021008090819,0.691153161953081,3.914021008090819,5.523458920524919,4.607168188650764,3.0385522707369192,4.019381523748645,4.137164559405029,0.691153161953081,4.019381523748645,4.270695952029551,5.117993812416755,4.607168188650764,0.6753425559264385,0.691153161953081,0.691153161953081,5.523458920524919,3.0385522707369192])",0.0
R150,"['kitchen', 'majority', 'together', 'sign.', 'describe', 'individual', 'receive', 'energy.', 'effort', 'civil', 'person', 'spend', 'buy', 'admit.', 'experts', 'discuss', 'ongoing', 'developments', 'election.']","(10000,[80,353,593,756,3249,3556,3614,3761,4506,4617,4687,5726,5779,7085,8312,8614,9244,9414,9462],[4.42484663185681,3.8187108282864943,3.6516567436233283,4.42484663185681,3.6516567436233283,2.8844015909096608,0.667530016189645,4.270695952029551,0.691153161953081,3.7316994512968646,0.691153161953081,4.019381523748645,5.117993812416755,4.270695952029551,4.137164559405029,5.117993812416755,4.270695952029551,5.117993812416755,0.691153161953081])",1.0
R153,"['nearly', 'behavior', 'start', 'program.', 'become', 'body', 'near', 'citizen', 'agent', 'teach', 'house', 'give.', 'quality', 'skill', 'say', 'sometimes', 'mr', 'total', 'reveal', 'good.', 'cold', 'loss', 'little', 'work', 'specific', 'occur.', 'experts', 'discuss', 'ongoing', 'developments', 'research.']","(10000,[8,735,841,1507,1590,2059,2516,2647,2866,2996,3079,3506,3614,3920,4506,4687,5016,5329,5836,5862,5869,5974,6279,7025,7066,7090,8522,8759,9462,9527,9968],[4.137164559405029,3.914021008090819,4.607168188650764,3.6516567436233283,4.42484663185681,2.60568818844064,4.830311739964974,4.137164559405029,4.42484663185681,4.42484663185681,4.42484663185681,3.8187108282864943,0.667530016189645,4.42484663185681,0.691153161953081,0.691153161953081,4.270695952029551,4.019381523748645,4.830311739964974,5.117993812416755,4.607168188650764,3.7316994512968646,3.8187108282864943,4.830311739964974,2.7826188965997183,4.830311739964974,4.270695952029551,4.830311739964974,0.691153161953081,4.270695952029551,3.914021008090819])",1.0
F175,"['church', 'within', 'agree', 'recently.', 'suddenly', 'east', 'assume', 'too.', 'especially', 'rule', 'detail', 'result.', '—', 'shocking', 'claims', 'hoax', 'surface', 'internet.']","(10000,[343,503,1031,1143,1273,2664,4377,5850,6576,6925,7281,7670,7936,8173,8338,8581,9817,9873],[4.42484663185681,0.691153161953081,5.523458920524919,4.270695952029551,4.019381523748645,3.8187108282864943,2.60568818844064,0.691153161953081,4.137164559405029,3.914021008090819,0.6753425559264385,5.523458920524919,0.691153161953081,3.7316994512968646,0.691153161953081,4.607168188650764,3.7316994512968646,5.117993812416755])",0.0
F161,"['long', 'involve', 'society.', 'arrive', 'plant', 'local.', 'owner', 'material', 'apply', 'four.', '—', 'shocking', 'claims', 'immortal', 'jellyfish', 'surface', 'internet.']","(10000,[503,2066,3231,5248,5850,6053,6271,7244,7281,7312,7391,7936,7960,8338,8904,9325,9876],[0.691153161953081,2.7508701982851385,4.270695952029551,5.117993812416755,0.691153161953081,3.4440173788450834,4.137164559405029,3.4440173788450834,0.6753425559264385,4.42484663185681,3.914021008090819,0.691153161953081,5.117993812416755,0.691153161953081,4.270695952029551,5.117993812416755,2.7508701982851385])",0.0
F147,"['public', 'society', 'strategy', 'total', 'animal.', 'meet', 'list', 'give', 'general', 'suffer', 'plant', 'democrat.', 'letter', 'beautiful', 'thank', 'approach', 'later.', '—', 'shocking', 'claims', 'secret', 'cure', 'surface', 'internet.']","(10000,[327,503,564,1273,1687,1770,2291,3059,3095,3783,3892,5465,5850,6135,6279,6747,7244,7281,7721,7936,8338,8728,9924,9940],[4.270695952029551,0.691153161953081,3.6516567436233283,4.019381523748645,4.137164559405029,2.8844015909096608,4.019381523748645,4.019381523748645,4.019381523748645,4.607168188650764,2.5530444549552183,4.137164559405029,0.691153161953081,4.270695952029551,3.8187108282864943,2.5530444549552183,3.4440173788450834,0.6753425559264385,4.137164559405029,0.691153161953081,0.691153161953081,3.5085558999826545,5.523458920524919,4.270695952029551])",0.0
F018,"['stock', 'skin', 'air', 'eye', 'move.', 'exactly', 'often', 'area', 'modern', 'issue.', '—', 'shocking', 'claims', 'secret', 'cure', 'surface', 'internet.']","(10000,[7,88,503,793,1341,2096,2336,3378,3892,5649,5760,5833,5850,6747,7281,7936,8338],[4.137164559405029,4.270695952029551,0.691153161953081,4.42484663185681,4.137164559405029,4.019381523748645,3.914021008090819,5.117993812416755,2.5530444549552183,4.270695952029551,4.607168188650764,4.270695952029551,0.691153161953081,2.5530444549552183,0.6753425559264385,0.691153161953081,0.691153161953081])",0.0
F211,"['attorney', 'born', 'environment', 'standard', 'box', 'case', 'tough.', '—', 'shocking', 'claims', 'celebrity', 'scandal', 'surface', 'internet.']","(10000,[503,2407,2967,3486,4853,4921,5850,6342,7036,7281,7922,7936,8338,9545],[0.691153161953081,4.607168188650764,4.270695952029551,2.849310271098391,3.6516567436233283,2.849310271098391,0.691153161953081,3.914021008090819,4.607168188650764,0.6753425559264385,4.019381523748645,0.691153161953081,0.691153161953081,5.117993812416755])",0.0
R117,"['federal', 'care', 'wonder', 'man.', 'point', 'seat', 'sport', 'stock', 'less.', 'quite', 'example', 'parent', 'movie', 'support.', 'experts', 'discuss', 'ongoing', 'developments', 'research.']","(10000,[47,359,633,659,793,1439,3614,4046,4416,4506,4687,4723,5310,6056,7066,8278,9462,9606,9932],[4.830311739964974,5.117993812416755,3.914021008090819,5.523458920524919,4.42484663185681,4.019381523748645,0.667530016189645,5.523458920524919,4.270695952029551,0.691153161953081,0.691153161953081,4.137164559405029,3.6516567436233283,3.914021008090819,2.7826188965997183,4.830311739964974,0.691153161953081,3.7316994512968646,4.137164559405029])",1.0
F016,"['total', 'risk', 'front', 'begin.', 'news', 'see', 'agent', 'effect', 'always', 'staff.', 'price', 'election', 'task', 'admit.', '—', 'shocking', 'claims', 'aliens', 'surface', 'internet.']","(10000,[132,503,504,650,1738,2433,3761,5016,5354,5850,6279,6324,7274,7281,7936,8338,8451,8794,9011,9073],[4.42484663185681,0.691153161953081,4.270695952029551,2.958509563063383,4.137164559405029,4.137164559405029,4.270695952029551,4.270695952029551,4.42484663185681,0.691153161953081,3.8187108282864943,4.270695952029551,5.117993812416755,0.6753425559264385,0.691153161953081,0.691153161953081,4.42484663185681,4.137164559405029,4.019381523748645,5.523458920524919])",0.0
F029,"['fill', 'skin', 'national', 'law', 'another', 'process', 'range.', 'together', 'night', 'half', 'blue', 'sport.', 'southern', 'marriage', 'save', 'later', 'smile', 'discover', 'tough.', '—', 'shocking', 'claims', 'flat', 'earth', 'surface', 'internet.']","(10000,[503,560,1209,1780,2111,2713,2918,3743,3979,4170,4520,5768,5833,5850,6229,6869,7036,7281,7910,7936,8040,8166,8312,8338,9676,9727],[0.691153161953081,4.270695952029551,4.607168188650764,4.607168188650764,4.830311739964974,4.019381523748645,3.0385522707369192,3.914021008090819,4.137164559405029,4.270695952029551,4.137164559405029,4.42484663185681,4.270695952029551,0.691153161953081,3.8187108282864943,4.019381523748645,4.607168188650764,0.6753425559264385,4.270695952029551,0.691153161953081,3.6516567436233283,3.914021008090819,4.137164559405029,0.691153161953081,3.0385522707369192,4.607168188650764])",0.0
F205,"['message', 'model', 'admit', 'success', 'daughter', 'well', 'line.', 'model', 'team', 'future', 'sound', 'development', 'administration', 'good.', '—', 'shocking', 'claims', 'celebrity', 'scandal', 'surface', 'internet.']","(10000,[157,468,503,2115,2715,2871,3079,3486,4921,5185,5850,6166,6488,7102,7281,7623,7936,8338,8714,9828],[3.5085558999826545,4.270695952029551,0.691153161953081,5.523458920524919,4.270695952029551,3.914021008090819,4.42484663185681,2.849310271098391,2.849310271098391,4.607168188650764,0.691153161953081,4.137164559405029,4.270695952029551,8.03876304749729,0.6753425559264385,4.019381523748645,0.691153161953081,0.691153161953081,4.019381523748645,4.607168188650764])",0.0
R112,"['offer', 'happen', 'cause', 'guess', 'age', 'pick', 'gun.', 'seem', 'energy', 'really', 'director', 'effect', 'begin', 'economy.', 'experts', 'discuss', 'ongoing', 'developments', 'economic', 'growth.']","(10000,[316,1513,1853,2588,2958,3614,4112,4506,4683,4687,4704,6324,7372,7586,8307,8660,8791,9034,9144,9462],[3.8187108282864943,3.7316994512968646,4.270695952029551,4.137164559405029,4.42484663185681,0.667530016189645,4.137164559405029,0.691153161953081,5.117993812416755,0.691153161953081,3.8187108282864943,4.270695952029551,4.607168188650764,5.117993812416755,4.42484663185681,4.270695952029551,4.019381523748645,2.920769235080536,2.7508701982851385,0.691153161953081])",1.0
F218,"['control', 'boy', 'medical', 'total.', 'number', 'something', 'administration', 'dark', 'scientist.', '—', 'shocking', 'claims', 'government', 'cover-up', 'surface', 'internet.']","(10000,[157,503,697,1208,2259,5185,5850,6535,7281,7936,8268,8338,8519,9166,9813,9826],[3.5085558999826545,0.691153161953081,5.523458920524919,2.7826188965997183,2.8154087194227095,4.607168188650764,0.691153161953081,5.117993812416755,0.6753425559264385,0.691153161953081,3.383392757028649,0.691153161953081,3.914021008090819,5.523458920524919,2.997730276216664,3.8187108282864943])",0.0
R187,"['research', 'kid', 'attorney', 'sell.', 'change', 'picture', 'edge', 'consumer', 'visit', 'within.', 'experts', 'discuss', 'ongoing', 'developments', 'education.']","(10000,[387,698,1310,2481,3614,3723,3921,4295,4506,4687,4853,5047,9432,9462,9475],[4.137164559405029,5.523458920524919,5.523458920524919,3.8187108282864943,0.667530016189645,4.42484663185681,3.7316994512968646,4.830311739964974,0.691153161953081,0.691153161953081,3.6516567436233283,2.6902455764687034,4.607168188650764,0.691153161953081,4.270695952029551])",1.0
F087,"['necessary', 'live', 'get', 'officer.', 'care', 'probably', 'course', 'court.', '—', 'shocking', 'claims', 'celebrity', 'scandal', 'surface', 'internet.']","(10000,[481,493,503,2297,3486,3652,4921,5310,5850,6511,7281,7936,7979,8338,9426],[5.117993812416755,4.019381523748645,0.691153161953081,4.270695952029551,2.849310271098391,4.019381523748645,2.849310271098391,3.6516567436233283,0.691153161953081,5.117993812416755,0.6753425559264385,0.691153161953081,4.137164559405029,0.691153161953081,4.270695952029551])",0.0
R171,"['rather', 'allow', 'small', 'whole.', 'cell', 'step', 'guess', 'interest', 'political', 'view', 'theory', 'matter.', 'spring', 'arm', 'town', 'year', 'set', 'so.', 'process', 'inside', 'catch', 'rest', 'trial.', 'experts', 'discuss', 'ongoing', 'developments', 'education.']","(10000,[70,222,1468,1558,1644,1783,2708,2837,3032,3073,3210,3614,3935,3984,4506,4687,4715,4835,5047,5342,7293,7949,7968,8040,8660,8899,9066,9462],[4.607168188650764,4.270695952029551,4.270695952029551,4.019381523748645,4.607168188650764,5.117993812416755,3.6516567436233283,4.137164559405029,5.117993812416755,4.607168188650764,3.8187108282864943,0.667530016189645,4.137164559405029,4.019381523748645,0.691153161953081,0.691153161953081,4.137164559405029,4.137164559405029,2.6902455764687034,4.42484663185681,4.830311739964974,4.019381523748645,5.117993812416755,3.6516567436233283,4.270695952029551,4.830311739964974,4.019381523748645,0.691153161953081])",1.0
R113,"['exactly', 'politics', 'go.', 'experts', 'discuss', 'ongoing', 'developments', 'technology', 'breakthrough.']","(10000,[1020,2096,2227,3614,4506,4687,4702,5887,9462],[2.579019941358479,4.019381523748645,2.7200985396183848,0.667530016189645,0.691153161953081,0.691153161953081,4.42484663185681,4.42484663185681,0.691153161953081])",1.0
R222,"['onto', 'board', 'imagine', 'number', 'science', 'agency.', 'tough', 'leg', 'include', 'type', 'executive', 'friend', 'movie.', 'coach', 'direction.', 'possible', 'air', 'commercial', 'new', 'land', 'than.', 'experts', 'discuss', 'ongoing', 'developments', 'public', 'health.']","(10000,[88,488,585,1051,1770,1822,2953,3363,3514,3526,3614,4319,4506,4687,4715,5301,5447,6100,6219,6290,6443,7148,7454,8519,9462,9547,9966],[4.270695952029551,3.914021008090819,4.607168188650764,5.523458920524919,2.8844015909096608,5.117993812416755,3.914021008090819,4.270695952029551,3.914021008090819,4.270695952029551,0.667530016189645,3.5085558999826545,0.691153161953081,0.691153161953081,4.137164559405029,4.019381523748645,3.6516567436233283,4.270695952029551,3.172083663361442,4.019381523748645,3.6516567436233283,4.019381523748645,4.42484663185681,3.914021008090819,0.691153161953081,5.117993812416755,4.019381523748645])",1.0
F233,"['piece', 'energy', 'head.', 'face', 'change', 'management.', 'modern', 'skill', 'southern', 'person', 'her.', '—', 'shocking', 'claims', 'secret', 'cure', 'surface', 'internet.']","(10000,[387,503,1815,2336,3133,3249,3593,3743,3892,4034,5850,6747,7281,7748,7936,8307,8338,9968],[4.137164559405029,0.691153161953081,4.830311739964974,3.914021008090819,4.42484663185681,3.6516567436233283,4.830311739964974,3.914021008090819,2.5530444549552183,4.270695952029551,0.691153161953081,2.5530444549552183,0.6753425559264385,5.523458920524919,0.691153161953081,4.42484663185681,0.691153161953081,3.914021008090819])",0.0
R223,"['mother', 'join', 'economy', 'order', 'include', 'church', 'step.', 'including', 'pull', 'hotel', 'others.', 'spend', 'newspaper', 'impact', 'sell', 'material.', 'experts', 'discuss', 'ongoing', 'developments', 'climate', 'change.']","(10000,[217,353,354,821,1226,1273,1972,2059,2663,2835,2953,3238,3614,4485,4506,4673,4687,5616,6597,7334,8952,9462],[4.270695952029551,3.8187108282864943,3.577548771469606,2.849310271098391,4.137164559405029,4.019381523748645,4.019381523748645,2.60568818844064,4.270695952029551,5.523458920524919,3.914021008090819,3.914021008090819,0.667530016189645,4.42484663185681,0.691153161953081,5.523458920524919,0.691153161953081,5.523458920524919,3.8187108282864943,4.607168188650764,4.137164559405029,0.691153161953081])",1.0
F224,"['cultural', 'offer', 'low', 'key.', 'inside', 'treatment', 'dinner', 'strong', 'base', 'produce.', 'national', 'skin', 'special.', '—', 'shocking', 'claims', 'secret', 'cure', 'surface', 'internet.']","(10000,[503,2240,2958,3892,4657,5118,5833,5850,6355,6747,7281,7910,7936,8015,8173,8338,8411,9066,9233,9927],[0.691153161953081,4.019381523748645,4.42484663185681,2.5530444549552183,5.523458920524919,4.830311739964974,4.270695952029551,0.691153161953081,4.137164559405029,2.5530444549552183,0.6753425559264385,4.270695952029551,0.691153161953081,4.270695952029551,3.7316994512968646,0.691153161953081,3.577548771469606,4.019381523748645,4.019381523748645,5.523458920524919])",0.0
R181,"['life', 'reveal', 'goal', 'despite', 'spend.', 'others', 'use', 'smile', 'party', 'face.', 'experts', 'discuss', 'ongoing', 'developments', 'climate', 'change.']","(10000,[821,1301,1379,1507,2059,2713,3477,3614,4506,4516,4687,5089,5133,6940,9297,9462],[2.849310271098391,4.607168188650764,4.137164559405029,3.6516567436233283,2.60568818844064,4.019381523748645,4.270695952029551,0.667530016189645,0.691153161953081,5.117993812416755,0.691153161953081,4.270695952029551,3.8187108282864943,4.137164559405029,5.523458920524919,0.691153161953081])",1.0
R056,"['president', 'parent', 'single.', 'experts', 'discuss', 'ongoing', 'developments', 'public', 'health.']","(10000,[1306,1770,3489,3614,4506,4687,6219,9462,9932],[4.137164559405029,2.8844015909096608,5.523458920524919,0.667530016189645,0.691153161953081,0.691153161953081,3.172083663361442,0.691153161953081,4.137164559405029])",1.0
R110,"['best', 'realize.', 'blue', 'sometimes', 'go', 'least', 'great', 'standard', 'quickly', 'company.', 'help', 'campaign', 'approach', 'rather', 'affect', 'through.', 'experts', 'discuss', 'ongoing', 'developments', 'education.']","(10000,[750,763,781,1634,2710,2837,2967,3008,3095,3391,3614,4506,4687,5047,5768,5869,6055,6451,6675,9347,9462],[4.019381523748645,4.830311739964974,5.117993812416755,4.137164559405029,5.117993812416755,4.137164559405029,4.270695952029551,4.607168188650764,4.019381523748645,5.117993812416755,0.667530016189645,0.691153161953081,0.691153161953081,2.6902455764687034,4.42484663185681,4.607168188650764,4.019381523748645,3.6516567436233283,4.42484663185681,4.137164559405029,0.691153161953081])",1.0
R219,"['assume', 'consumer', 'cover', 'system.', 'likely', 'provide', 'nature', 'these.', 'experts', 'discuss', 'ongoing', 'developments', 'education.']","(10000,[309,2664,3611,3614,4506,4687,5047,5678,5946,6104,6358,9462,9475],[4.019381523748645,3.8187108282864943,4.42484663185681,0.667530016189645,0.691153161953081,0.691153161953081,2.6902455764687034,4.830311739964974,4.42484663185681,4.42484663185681,5.117993812416755,0.691153161953081,4.270695952029551])",1.0
R224,"['strong', 'little', 'specific', 'present', 'begin', 'stage', 'develop.', 'experts', 'discuss', 'ongoing', 'developments', 'education.']","(10000,[30,1513,1590,2059,3614,4506,4687,5047,5063,6355,8130,9462],[3.914021008090819,3.7316994512968646,4.42484663185681,2.60568818844064,0.667530016189645,0.691153161953081,0.691153161953081,2.6902455764687034,5.117993812416755,4.137164559405029,3.8187108282864943,0.691153161953081])",1.0
F178,"['within', 'current', 'i.', 'leg', 'environmental', 'paper', 'black', 'easy', 'enough.', '—', 'shocking', 'claims', 'immortal', 'jellyfish', 'surface', 'internet.']","(10000,[197,503,564,760,1948,2066,5850,6027,6290,7281,7936,8338,8690,9189,9817,9876],[5.523458920524919,0.691153161953081,3.6516567436233283,4.270695952029551,3.7316994512968646,2.7508701982851385,0.691153161953081,4.270695952029551,4.019381523748645,0.6753425559264385,0.691153161953081,0.691153161953081,4.607168188650764,4.137164559405029,3.7316994512968646,2.7508701982851385])",0.0
F074,"['share', 'think', 'maintain', 'true.', 'call', 'enough', 'lawyer', 'contain', 'live', 'lay.', '—', 'shocking', 'claims', 'secret', 'cure', 'surface', 'internet.']","(10000,[493,503,899,2335,3892,3947,4748,5146,5247,5493,5850,6747,7281,7493,7936,8338,9021],[4.019381523748645,0.691153161953081,5.523458920524919,4.830311739964974,2.5530444549552183,4.137164559405029,4.607168188650764,4.270695952029551,4.42484663185681,4.830311739964974,0.691153161953081,2.5530444549552183,0.6753425559264385,4.270695952029551,0.691153161953081,0.691153161953081,4.270695952029551])",0.0
R034,"['expect', 'decide', 'leg', 'instead.', 'firm', 'society', 'assume', 'serious.', 'experts', 'discuss', 'ongoing', 'developments', 'budget', 'report.']","(10000,[327,1439,1955,2664,3614,3691,4506,4687,4991,5432,6290,8293,8894,9462],[4.270695952029551,4.019381523748645,5.117993812416755,3.8187108282864943,0.667530016189645,4.270695952029551,0.691153161953081,0.691153161953081,2.6902455764687034,2.7200985396183848,4.019381523748645,3.8187108282864943,3.8187108282864943,0.691153161953081])",1.0
R095,"['take', 'wrong', 'run', 'research', 'news.', 'present', 'rise', 'hot', 'can.', 'happen', 'central', 'ahead.', 'experts', 'discuss', 'ongoing', 'developments', 'policy.']","(10000,[266,855,1195,1247,3614,4506,4687,4704,4816,6512,6944,8130,8928,9432,9462,9663,9693],[4.42484663185681,4.019381523748645,4.137164559405029,5.523458920524919,0.667530016189645,0.691153161953081,0.691153161953081,3.8187108282864943,3.5085558999826545,4.019381523748645,2.8154087194227095,3.8187108282864943,4.607168188650764,4.607168188650764,0.691153161953081,5.117993812416755,4.137164559405029])",1.0
F011,"['walk', 'woman', 'order', 'today', 'difficult.', 'hear', 'reduce', 'bill', 'establish.', 'sure', 'walk', 'window', 'find', 'someone.', '—', 'shocking', 'claims', 'aliens', 'surface', 'internet.']","(10000,[503,650,1226,1821,2403,3409,4563,4842,5739,5850,6142,7281,7337,7510,7936,8135,8159,8338,9806],[0.691153161953081,2.958509563063383,4.137164559405029,4.270695952029551,3.6516567436233283,5.523458920524919,4.42484663185681,4.830311739964974,4.830311739964974,0.691153161953081,8.274329118810059,0.6753425559264385,5.523458920524919,4.42484663185681,0.691153161953081,4.270695952029551,3.4440173788450834,0.691153161953081,4.270695952029551])",0.0
R162,"['build', 'like', 'state', 'hand.', 'experts', 'discuss', 'ongoing', 'developments', 'policy.']","(10000,[1808,3014,3330,3614,4506,4687,6944,9462,9878],[4.830311739964974,4.137164559405029,4.830311739964974,0.667530016189645,0.691153161953081,0.691153161953081,2.8154087194227095,0.691153161953081,4.019381523748645])",1.0
R218,"['measure', 'commercial', 'spend', 'professional.', 'teach', 'first', 'science', 'draw', 'feel', 'order.', 'experts', 'discuss', 'ongoing', 'developments', 'election.']","(10000,[353,528,3115,3363,3556,3614,4506,4687,5564,6403,6443,7691,8167,8522,9462],[3.8187108282864943,4.270695952029551,4.607168188650764,4.270695952029551,2.8844015909096608,0.667530016189645,0.691153161953081,0.691153161953081,4.830311739964974,4.137164559405029,3.6516567436233283,4.830311739964974,4.270695952029551,4.270695952029551,0.691153161953081])",1.0
F136,"['executive', 'sister', 'score', 'fast', 'miss', 'everything.', 'find', 'major', 'often', 'next', 'health', 'trip', 'miss', 'student.', 'find', 'very.', '—', 'shocking', 'claims', 'miracle', 'drug', 'surface', 'internet.']","(10000,[7,503,1058,1071,1099,1256,1927,3521,4442,5782,5850,6466,7281,7510,7860,7936,8273,8338,8805,9263,9966],[4.137164559405029,0.691153161953081,4.270695952029551,8.84969326371362,5.117993812416755,3.125563647726549,4.019381523748645,3.8187108282864943,4.830311739964974,4.137164559405029,0.691153161953081,4.830311739964974,0.6753425559264385,8.84969326371362,2.7826188965997183,0.691153161953081,4.607168188650764,0.691153161953081,4.137164559405029,3.8187108282864943,4.019381523748645])",0.0
R108,"['player', 'artist', 'west', 'former', 'force', 'step', 'american.', 'manage', 'explain', 'child', 'present', 'reason', 'thing.', 'north', 'least', 'product', 'lawyer', 'common', 'once.', 'experts', 'discuss', 'ongoing', 'developments', 'economic', 'growth.']","(10000,[391,447,1558,1634,1778,2735,2944,3614,4160,4506,4687,5085,5341,5511,6332,6604,7244,7883,8130,8692,8931,9021,9034,9144,9462],[3.7316994512968646,3.914021008090819,4.019381523748645,4.137164559405029,4.270695952029551,5.117993812416755,3.5085558999826545,0.667530016189645,4.830311739964974,0.691153161953081,0.691153161953081,3.5085558999826545,4.019381523748645,4.607168188650764,4.42484663185681,4.019381523748645,3.4440173788450834,4.019381523748645,3.8187108282864943,5.117993812416755,4.830311739964974,4.270695952029551,2.920769235080536,2.7508701982851385,0.691153161953081])",1.0
R186,"['also', 'authority', 'stage', 'knowledge', 'whole.', 'even', 'share', 'purpose', 'avoid.', 'experts', 'discuss', 'ongoing', 'developments', 'research.']","(10000,[30,1175,1176,3073,3614,3792,3947,4506,4687,6406,7066,7864,8089,9462],[3.914021008090819,5.117993812416755,4.137164559405029,4.607168188650764,0.667530016189645,4.270695952029551,4.137164559405029,0.691153161953081,0.691153161953081,3.914021008090819,2.7826188965997183,4.830311739964974,5.117993812416755,0.691153161953081])",1.0
R248,"['yeah', 'find', 'daughter', 'positive.', 'make', 'opportunity', 'major', 'evening', 'clear', 'southern', 'space', 'upon.', 'management', 'gas', 'hand', 'happen.', 'experts', 'discuss', 'ongoing', 'developments', 'technology', 'breakthrough.']","(10000,[1020,1058,1241,1611,2227,3249,3423,3525,3614,3743,4506,4687,5087,5286,5607,6235,6976,7510,7623,7801,9188,9462],[2.579019941358479,4.270695952029551,3.4440173788450834,4.607168188650764,2.7200985396183848,3.6516567436233283,4.42484663185681,4.42484663185681,0.667530016189645,3.914021008090819,0.691153161953081,0.691153161953081,4.607168188650764,4.137164559405029,4.137164559405029,5.117993812416755,4.270695952029551,4.42484663185681,4.019381523748645,5.117993812416755,4.42484663185681,0.691153161953081])",1.0
F045,"['base', 'air', 'wind', 'only.', 'health', 'evidence.', 'nearly', 'move', 'sure.', '—', 'shocking', 'claims', 'immortal', 'jellyfish', 'surface', 'internet.']","(10000,[88,503,1173,1243,2066,2558,2866,5850,6282,7281,7936,8173,8338,8805,9588,9876],[4.270695952029551,0.691153161953081,5.523458920524919,3.914021008090819,2.7508701982851385,4.270695952029551,4.42484663185681,0.691153161953081,4.830311739964974,0.6753425559264385,0.691153161953081,3.7316994512968646,0.691153161953081,4.137164559405029,4.607168188650764,2.7508701982851385])",0.0
F092,"['ahead', 'audience', 'window', 'discover', 'teacher', 'eight.', 'class', 'someone', 'later.', '—', 'shocking', 'claims', 'secret', 'cure', 'surface', 'internet.']","(10000,[460,503,1312,2403,3059,3671,3892,4007,4170,5850,6747,7281,7936,8268,8338,8708],[5.117993812416755,0.691153161953081,4.607168188650764,3.6516567436233283,4.019381523748645,4.270695952029551,2.5530444549552183,4.607168188650764,4.270695952029551,0.691153161953081,2.5530444549552183,0.6753425559264385,0.691153161953081,3.383392757028649,0.691153161953081,4.830311739964974])",0.0
R100,"['subject', 'behind', 'director', 'century.', 'senior', 'imagine', 'open', 'animal', 'short.', 'experts', 'discuss', 'ongoing', 'developments', 'technology', 'breakthrough.']","(10000,[746,1020,1853,2227,2788,3614,4144,4346,4506,4687,5301,5783,7360,8655,9462],[5.523458920524919,2.579019941358479,4.270695952029551,2.7200985396183848,5.117993812416755,0.667530016189645,4.607168188650764,4.019381523748645,0.691153161953081,0.691153161953081,4.019381523748645,4.019381523748645,4.607168188650764,4.270695952029551,0.691153161953081])",1.0
F075,"['enjoy', 'gas', 'today', 'food.', 'phone', 'end', 'wind', 'probably.', '—', 'shocking', 'claims', 'miracle', 'drug', 'surface', 'internet.']","(10000,[453,503,1256,1626,1805,2558,4085,5415,5607,5850,7281,7860,7936,8338,9806],[4.270695952029551,0.691153161953081,3.125563647726549,4.137164559405029,4.270695952029551,4.270695952029551,5.523458920524919,5.523458920524919,4.137164559405029,0.691153161953081,0.6753425559264385,2.7826188965997183,0.691153161953081,0.691153161953081,4.270695952029551])",0.0
R059,"['social', 'successful', 'shake.', 'scientist', 'medical', 'long', 'direction', 'difference', 'themselves.', 'officer', 'ball', 'thank.', 'view', 'rule', 'sister.', 'experts', 'discuss', 'ongoing', 'developments', 'technology', 'breakthrough.']","(10000,[343,696,798,823,1020,2227,2664,3614,4506,4687,5659,5853,6176,6226,7293,7492,7866,8268,8554,8904,9462],[4.42484663185681,4.42484663185681,5.117993812416755,4.42484663185681,2.579019941358479,2.7200985396183848,3.8187108282864943,0.667530016189645,0.691153161953081,0.691153161953081,3.914021008090819,4.830311739964974,5.523458920524919,4.42484663185681,4.830311739964974,4.270695952029551,4.42484663185681,3.383392757028649,4.830311739964974,4.270695952029551,0.691153161953081])",1.0
F213,"['two', 'country', 'decide', 'left.', 'change', 'true', 'first', 'american', 'choice', 'month.', '—', 'shocking', 'claims', 'hoax', 'surface', 'internet.']","(10000,[387,503,1481,4377,4728,5134,5850,6053,6403,7188,7281,7652,7870,7936,8293,8338],[4.137164559405029,0.691153161953081,4.270695952029551,2.60568818844064,4.42484663185681,5.117993812416755,0.691153161953081,3.4440173788450834,4.137164559405029,4.42484663185681,0.6753425559264385,4.607168188650764,4.42484663185681,0.691153161953081,3.8187108282864943,0.691153161953081])",0.0
R233,"['land', 'country', 'order', 'skill', 'hand', 'understand.', 'matter', 'tell', 'decide', 'choose', 'enter', 'career', 'feeling.', 'experts', 'discuss', 'ongoing', 'developments', 'education.']","(10000,[1226,1850,2402,3423,3614,4506,4687,4930,5047,5643,7148,7435,7870,8293,8413,9462,9706,9968],[4.137164559405029,4.42484663185681,4.019381523748645,4.42484663185681,0.667530016189645,0.691153161953081,0.691153161953081,3.577548771469606,2.6902455764687034,5.117993812416755,4.019381523748645,4.607168188650764,4.42484663185681,3.8187108282864943,3.914021008090819,0.691153161953081,4.270695952029551,3.914021008090819])",1.0
F072,"['cost', 'end', 'water', 'type', 'wrong.', 'boy', 'list', 'star', 'must', 'office', 'every.', '—', 'shocking', 'claims', 'mind', 'control', 'surface', 'internet.']","(10000,[157,453,503,1023,1208,2589,3184,3526,4490,4905,5170,5850,7281,7936,8338,8344,8728,8997],[3.5085558999826545,4.270695952029551,0.691153161953081,3.914021008090819,2.7826188965997183,3.577548771469606,2.7508701982851385,4.270695952029551,3.8187108282864943,5.117993812416755,4.830311739964974,0.691153161953081,0.6753425559264385,0.691153161953081,0.691153161953081,3.7316994512968646,3.5085558999826545,4.607168188650764])",0.0
R184,"['speak', 'hear', 'care', 'life', 'rock', 'test', 'represent.', 'write', 'protect', 'bag', 'house', 'follow', 'agency', 'where.', 'experts', 'discuss', 'ongoing', 'developments', 'budget', 'report.']","(10000,[415,574,765,3477,3538,3614,4506,4522,4687,4732,4842,4991,5310,5432,5445,5836,6586,7235,9367,9462],[4.270695952029551,3.914021008090819,4.270695952029551,4.270695952029551,4.42484663185681,0.667530016189645,0.691153161953081,5.523458920524919,0.691153161953081,4.607168188650764,4.830311739964974,2.6902455764687034,3.6516567436233283,2.7200985396183848,4.137164559405029,4.830311739964974,4.270695952029551,4.270695952029551,4.019381523748645,0.691153161953081])",1.0
F134,"['sell', 'successful', 'sea', 'business', 'message.', 'stop', 'pattern', 'see', 'appear.', 'around', 'finish', 'low.', '—', 'shocking', 'claims', 'secret', 'cure', 'surface', 'internet.']","(10000,[503,617,796,1952,3892,4485,5354,5374,5659,5850,6197,6578,6747,7055,7281,7936,8338,8546,9617],[0.691153161953081,5.117993812416755,3.914021008090819,5.523458920524919,2.5530444549552183,4.42484663185681,4.42484663185681,4.137164559405029,3.914021008090819,0.691153161953081,3.914021008090819,4.607168188650764,2.5530444549552183,4.830311739964974,0.6753425559264385,0.691153161953081,0.691153161953081,5.117993812416755,4.270695952029551])",0.0
R096,"['impact', 'camera', 'watch', 'opportunity', 'face', 'develop.', 'institution', 'use', 'difficult', 'pull', 'everybody', 'sport.', 'argue', 'really', 'guess', 'prepare.', 'experts', 'discuss', 'ongoing', 'developments', 'research.']","(10000,[1650,1712,1972,2111,2561,2708,3243,3386,3614,3730,4034,4112,4506,4687,5063,5133,6597,6976,7066,8660,9462],[4.019381523748645,4.137164559405029,4.019381523748645,4.830311739964974,3.8187108282864943,3.6516567436233283,4.270695952029551,5.117993812416755,0.667530016189645,4.137164559405029,4.270695952029551,4.137164559405029,0.691153161953081,0.691153161953081,5.117993812416755,3.8187108282864943,3.8187108282864943,4.270695952029551,2.7826188965997183,4.270695952029551,0.691153161953081])",1.0
R020,"['common', 'thousand', 'though', 'establish', 'owner.', 'speak', 'man', 'team', 'affect', 'close.', 'sell', 'none', 'account.', 'experts', 'discuss', 'ongoing', 'developments', 'policy.']","(10000,[468,2569,2634,2923,3385,3614,4485,4506,4687,4732,6055,6332,6798,6944,7937,9211,9462,9831],[4.270695952029551,4.270695952029551,3.8187108282864943,4.137164559405029,5.117993812416755,0.667530016189645,4.42484663185681,0.691153161953081,0.691153161953081,4.607168188650764,4.019381523748645,4.42484663185681,5.117993812416755,2.8154087194227095,5.117993812416755,5.523458920524919,0.691153161953081,3.914021008090819])",1.0
R067,"['education', 'continue', 'successful', 'feel', 'indeed', 'floor.', 'case', 'make', 'marriage', 'indeed', 'cell', 'remain', 'attack', 'administration.', 'choice', 'significant', 'green.', 'experts', 'discuss', 'ongoing', 'developments', 'policy.']","(10000,[743,2920,3115,3210,3525,3614,3684,4506,4687,4934,5205,5530,5659,5693,6053,6229,6342,6944,7016,8552,9462],[4.42484663185681,4.830311739964974,4.607168188650764,3.8187108282864943,4.42484663185681,0.667530016189645,4.137164559405029,0.691153161953081,0.691153161953081,8.84969326371362,4.42484663185681,4.607168188650764,3.914021008090819,4.42484663185681,3.4440173788450834,3.8187108282864943,3.914021008090819,2.8154087194227095,4.830311739964974,4.42484663185681,0.691153161953081])",1.0
R215,"['answer', 'arm', 'condition', 'firm', 'class', 'standard.', 'age', 'field', 'true.', 'always', 'ball', 'name', 'care.', 'experts', 'discuss', 'ongoing', 'developments', 'education.']","(10000,[15,1112,3614,3619,3984,4007,4506,4687,5047,5328,5390,5493,7074,7492,8791,8894,9011,9462],[4.270695952029551,5.117993812416755,0.667530016189645,4.137164559405029,4.019381523748645,4.607168188650764,0.691153161953081,0.691153161953081,2.6902455764687034,3.5085558999826545,5.117993812416755,4.830311739964974,3.4440173788450834,4.270695952029551,4.019381523748645,3.8187108282864943,4.019381523748645,0.691153161953081])",1.0
R127,"['hand', 'movie', 'south', 'chance.', 'tell', 'change', 'indicate.', 'subject', 'congress', 'experience', 'force', 'man', 'join', 'say.', 'experts', 'discuss', 'ongoing', 'developments', 'policy.']","(10000,[387,391,1439,1850,2569,3423,3614,3635,4506,4528,4687,4816,5739,6944,8655,8728,8952,9462,9944],[4.137164559405029,3.7316994512968646,4.019381523748645,4.42484663185681,4.270695952029551,4.42484663185681,0.667530016189645,4.137164559405029,0.691153161953081,5.117993812416755,0.691153161953081,3.5085558999826545,4.830311739964974,2.8154087194227095,4.270695952029551,3.5085558999826545,4.137164559405029,0.691153161953081,5.117993812416755])",1.0
R235,"['discuss', 'none', 'police', 'religious', 'arrive', 'population.', 'fill', 'nice', 'share', 'city', 'list', 'matter.', 'expect', 'admit', 'parent', 'rate', 'region', 'note', 'project.', 'experts', 'discuss', 'ongoing', 'developments', 'technology', 'breakthrough.']","(10000,[253,1020,2227,3370,3614,3691,3876,3947,4293,4506,4687,5101,5495,6599,7391,7968,8159,8714,8728,9462,9727,9831,9909,9932],[4.270695952029551,2.579019941358479,2.7200985396183848,4.270695952029551,1.33506003237929,4.270695952029551,4.42484663185681,4.137164559405029,4.42484663185681,0.691153161953081,0.691153161953081,5.523458920524919,4.137164559405029,5.117993812416755,3.914021008090819,5.117993812416755,3.4440173788450834,4.019381523748645,3.5085558999826545,0.691153161953081,4.607168188650764,3.914021008090819,4.42484663185681,4.137164559405029])",1.0
R163,"['decide', 'religious.', 'experts', 'discuss', 'ongoing', 'developments', 'climate', 'change.']","(10000,[821,2059,3614,4506,4687,8293,8444,9462],[2.849310271098391,2.60568818844064,0.667530016189645,0.691153161953081,0.691153161953081,3.8187108282864943,5.117993812416755,0.691153161953081])",1.0
R002,"['indeed', 'picture', 'check', 'still.', 'wish', 'financial', 'science.', 'back', 'tree', 'account', 'writer', 'ahead.', 'experts', 'discuss', 'ongoing', 'developments', 'education.']","(10000,[495,1649,2481,3334,3614,3901,4506,4687,4934,5047,5871,6906,7407,8430,9187,9462,9663],[4.137164559405029,4.42484663185681,3.8187108282864943,4.830311739964974,0.667530016189645,4.270695952029551,0.691153161953081,0.691153161953081,4.42484663185681,2.6902455764687034,4.137164559405029,4.42484663185681,3.914021008090819,4.607168188650764,4.830311739964974,0.691153161953081,5.117993812416755])",1.0
R021,"['hold', 'firm', 'evidence', 'east', 'whose.', 'back', 'talk', 'else', 'defense', 'city', 'building.', 'experts', 'discuss', 'ongoing', 'developments', 'education.']","(10000,[2054,2278,2389,3543,3614,4506,4687,5034,5047,5495,6383,6576,8430,8894,8925,9462],[4.137164559405029,4.830311739964974,4.42484663185681,3.7316994512968646,0.667530016189645,0.691153161953081,0.691153161953081,4.607168188650764,2.6902455764687034,4.137164559405029,5.117993812416755,4.137164559405029,4.607168188650764,3.8187108282864943,4.607168188650764,0.691153161953081])",1.0
R013,"['player', 'go', 'purpose.', 'door', 'join', 'room', 'successful.', 'base', 'example', 'reality', 'something.', 'experts', 'discuss', 'ongoing', 'developments', 'technology', 'breakthrough.']","(10000,[494,680,1020,2227,3614,3984,4240,4506,4687,4847,6451,6604,8173,8734,8952,9462,9606],[4.270695952029551,4.607168188650764,2.579019941358479,2.7200985396183848,0.667530016189645,4.019381523748645,4.42484663185681,0.691153161953081,0.691153161953081,4.607168188650764,3.6516567436233283,4.019381523748645,3.7316994512968646,5.117993812416755,4.137164559405029,0.691153161953081,3.7316994512968646])",1.0
F195,"['low', 'machine', 'issue', 'seem', 'leave.', 'car', 'first', 'story', 'peace', 'including', 'hotel', 'available', 'eye.', 'idea', 'black', 'nearly', 'much', 'law.', 'mother', 'sort', 'candidate', 'often.', '—', 'shocking', 'claims', 'flat', 'earth', 'surface', 'internet.']","(10000,[354,503,524,1769,1948,2475,2588,2600,2663,2866,2918,3674,4358,5720,5850,5958,6403,6616,6697,6855,7281,7334,7936,8040,8338,8411,8538,8757,9676],[3.577548771469606,0.691153161953081,3.7316994512968646,4.830311739964974,3.7316994512968646,4.137164559405029,4.137164559405029,5.117993812416755,4.270695952029551,4.42484663185681,3.0385522707369192,4.137164559405029,4.42484663185681,4.270695952029551,0.691153161953081,4.137164559405029,4.137164559405029,4.270695952029551,4.137164559405029,4.270695952029551,0.6753425559264385,4.607168188650764,0.691153161953081,3.6516567436233283,0.691153161953081,3.577548771469606,5.523458920524919,4.830311739964974,3.0385522707369192])",0.0
R101,"['return', 'national', 'rich', 'vote', 'expect', 'door.', 'throughout', 'first', 'laugh', 'affect.', 'government', 'military', 'mention', 'yourself.', 'experts', 'discuss', 'ongoing', 'developments', 'research.']","(10000,[635,2259,2907,3614,3691,4506,4687,5692,5877,5948,6212,6403,6609,7066,7098,7321,7910,9214,9462],[3.914021008090819,2.8154087194227095,4.270695952029551,0.667530016189645,4.270695952029551,0.691153161953081,0.691153161953081,5.117993812416755,3.914021008090819,4.42484663185681,4.607168188650764,4.137164559405029,4.830311739964974,2.7826188965997183,4.270695952029551,4.830311739964974,4.270695952029551,4.270695952029551,0.691153161953081])",1.0
R055,"['toward', 'us', 'fish', 'star.', 'management', 'behavior', 'crime', 'travel.', 'experts', 'discuss', 'ongoing', 'developments', 'research.']","(10000,[731,735,1241,1376,2959,3194,3614,4506,4687,6097,6660,7066,9462],[4.830311739964974,3.914021008090819,3.4440173788450834,4.270695952029551,5.117993812416755,4.270695952029551,0.667530016189645,0.691153161953081,0.691153161953081,5.523458920524919,4.270695952029551,2.7826188965997183,0.691153161953081])",1.0
F190,"['guess', 'article', 'evening', 'music', 'produce', 'physical', 'direction.', 'agreement', 'control', 'occur.', '—', 'shocking', 'claims', 'secret', 'cure', 'surface', 'internet.']","(10000,[503,1208,1648,1702,2516,3892,5286,5850,6370,6747,7281,7936,8338,8413,8649,8660,9547],[0.691153161953081,2.7826188965997183,4.270695952029551,4.830311739964974,4.830311739964974,2.5530444549552183,4.137164559405029,0.691153161953081,3.914021008090819,2.5530444549552183,0.6753425559264385,0.691153161953081,0.691153161953081,3.914021008090819,3.6516567436233283,4.270695952029551,5.117993812416755])",0.0
R004,"['charge', 'future', 'perform', 'case', 'south', 'however.', 'song', 'child', 'event', 'wide', 'loss', 'wide.', 'experts', 'discuss', 'ongoing', 'developments', 'education.']","(10000,[1098,2836,3614,4321,4506,4687,4816,5047,5329,6342,6488,6812,7244,7350,7728,9261,9462],[4.270695952029551,4.42484663185681,0.667530016189645,5.523458920524919,0.691153161953081,0.691153161953081,3.5085558999826545,2.6902455764687034,4.019381523748645,3.914021008090819,4.270695952029551,4.607168188650764,3.4440173788450834,4.42484663185681,4.137164559405029,5.523458920524919,0.691153161953081])",1.0
F080,"['manage', 'scientist', 'collection', 'sing', 'debate', 'money', 'personal.', 'office', 'action', 'field.', 'lead', 'drug', 'strong', 'prevent', 'sister', 'than.', '—', 'shocking', 'claims', 'celebrity', 'scandal', 'surface', 'internet.']","(10000,[503,1822,3132,3252,3486,3521,4404,4921,5356,5850,6103,6226,6355,6451,6633,7281,7860,7883,7936,8209,8276,8338,8344],[0.691153161953081,5.117993812416755,5.117993812416755,4.42484663185681,2.849310271098391,3.8187108282864943,4.607168188650764,2.849310271098391,4.137164559405029,0.691153161953081,4.137164559405029,4.42484663185681,4.137164559405029,3.6516567436233283,4.270695952029551,0.6753425559264385,2.7826188965997183,4.019381523748645,0.691153161953081,4.42484663185681,3.914021008090819,0.691153161953081,3.7316994512968646])",0.0
F049,"['bad', 'debate', 'reason', 'board', 'quality', 'night.', 'summer', 'yeah', 'current', 'loss', 'meet.', 'cost', 'store', 'rock', 'ground', 'begin', 'give.', 'fly', 'team', 'woman', 'friend.', '—', 'shocking', 'claims', 'hoax', 'surface', 'internet.']","(10000,[468,503,574,1513,2347,2944,3222,3228,3249,3506,4377,4490,4563,5329,5850,5944,6487,7184,7281,7454,7936,7956,8276,8338,8759,9189,9481],[4.270695952029551,0.691153161953081,3.914021008090819,3.7316994512968646,5.117993812416755,3.5085558999826545,5.117993812416755,5.117993812416755,3.6516567436233283,3.8187108282864943,2.60568818844064,3.8187108282864943,4.42484663185681,4.019381523748645,0.691153161953081,4.42484663185681,3.5085558999826545,4.137164559405029,0.6753425559264385,4.42484663185681,0.691153161953081,4.42484663185681,3.914021008090819,0.691153161953081,4.830311739964974,4.137164559405029,4.607168188650764])",0.0
F184,"['federal', 'ground', 'name', 'history', 'such.', 'interview', 'close', 'growth', 'computer.', 'main', 'follow', 'compare', 'town', 'apply', 'sense.', 'toward', 'black', 'bill', 'fund', 'attention.', '—', 'shocking', 'claims', 'secret', 'cure', 'surface', 'internet.']","(10000,[15,320,353,503,633,1637,1948,3194,3497,3629,3892,4638,4715,5850,6035,6487,6543,6747,7281,7312,7393,7936,8135,8203,8338,9246,9367],[4.270695952029551,3.8187108282864943,3.8187108282864943,0.691153161953081,3.914021008090819,4.42484663185681,3.7316994512968646,4.270695952029551,3.7316994512968646,5.117993812416755,2.5530444549552183,4.270695952029551,4.137164559405029,0.691153161953081,4.019381523748645,3.5085558999826545,4.019381523748645,2.5530444549552183,0.6753425559264385,4.42484663185681,5.117993812416755,0.691153161953081,4.270695952029551,5.117993812416755,0.691153161953081,4.137164559405029,4.019381523748645])",0.0
F030,"['world', 'increase', 'analysis', 'table', 'company.', 'security', 'close', 'street', 'even', 'management.', '—', 'shocking', 'claims', 'secret', 'cure', 'surface', 'internet.']","(10000,[503,1296,1815,2634,3008,3497,3684,3892,3931,5850,6406,6747,7281,7936,7963,8338,9360],[0.691153161953081,3.914021008090819,4.830311739964974,3.8187108282864943,4.607168188650764,3.7316994512968646,4.137164559405029,2.5530444549552183,3.4440173788450834,0.691153161953081,3.914021008090819,2.5530444549552183,0.6753425559264385,0.691153161953081,3.914021008090819,0.691153161953081,4.019381523748645])",0.0
R213,"['matter', 'building', 'building.', 'fact', 'claim', 'agent', 'nor.', 'clear', 'local', 'blue', 'current', 'issue', 'ten.', 'experts', 'discuss', 'ongoing', 'developments', 'budget', 'report.']","(10000,[228,1611,2278,2402,3614,4506,4687,4991,5016,5432,5768,5852,6616,7215,8439,8937,9189,9415,9462],[4.137164559405029,4.607168188650764,4.830311739964974,4.019381523748645,0.667530016189645,0.691153161953081,0.691153161953081,2.6902455764687034,4.270695952029551,2.7200985396183848,4.42484663185681,4.42484663185681,4.270695952029551,4.42484663185681,5.117993812416755,3.914021008090819,4.137164559405029,4.830311739964974,0.691153161953081])",1.0
F128,"['explain', 'sound', 'election', 'try.', '—', 'shocking', 'claims', 'immortal', 'jellyfish', 'surface', 'internet.']","(10000,[132,503,2066,3960,5341,5850,6166,7281,7936,8338,9876],[4.42484663185681,0.691153161953081,2.7508701982851385,4.830311739964974,4.019381523748645,0.691153161953081,4.137164559405029,0.6753425559264385,0.691153161953081,0.691153161953081,2.7508701982851385])",0.0
R231,"['expect', 'half', 'happen', 'power', 'rise.', 'shake', 'cost', 'generation', 'person', 'past', 'i.', 'computer', 'parent', 'care', 'heart', 'fear', 'sense', 'approach.', 'experts', 'discuss', 'ongoing', 'developments', 'policy.']","(10000,[564,1780,2180,3056,3249,3614,3691,4490,4506,4554,4687,4704,5310,5447,6434,6944,6963,8151,9275,9462,9513,9808,9932],[3.6516567436233283,4.607168188650764,4.270695952029551,4.019381523748645,3.6516567436233283,0.667530016189645,4.270695952029551,3.8187108282864943,0.691153161953081,5.117993812416755,0.691153161953081,3.8187108282864943,3.6516567436233283,3.6516567436233283,4.607168188650764,2.8154087194227095,4.270695952029551,4.019381523748645,4.270695952029551,0.691153161953081,3.577548771469606,4.270695952029551,4.137164559405029])",1.0
R061,"['factor', 'black', 'career', 'standard', 'easy.', 'attack', 'get', 'lead', 'tend', 'beat.', 'experts', 'discuss', 'ongoing', 'developments', 'technology', 'breakthrough.']","(10000,[1020,1810,1948,2227,2967,3614,4175,4506,4687,4930,5356,5693,9426,9462,9561,9612],[2.579019941358479,3.914021008090819,3.7316994512968646,2.7200985396183848,4.270695952029551,0.667530016189645,5.117993812416755,0.691153161953081,0.691153161953081,3.577548771469606,4.137164559405029,4.42484663185681,4.270695952029551,0.691153161953081,4.42484663185681,4.830311739964974])",1.0
R137,"['practice', 'several', 'anything', 'lose', 'thing', 'laugh.', 'experts', 'discuss', 'ongoing', 'developments', 'education.']","(10000,[2114,3614,3673,3857,4280,4422,4506,4687,5047,9227,9462],[4.42484663185681,0.667530016189645,5.117993812416755,4.270695952029551,4.607168188650764,4.42484663185681,0.691153161953081,0.691153161953081,2.6902455764687034,4.270695952029551,0.691153161953081])",1.0
R185,"['trial', 'sign', 'card', 'ever', 'boy', 'month.', 'nothing', 'head', 'action', 'budget.', 'health', 'provide', 'week', 'model', 'off.', 'experts', 'discuss', 'ongoing', 'developments', 'technology', 'breakthrough.']","(10000,[157,1020,1064,1222,1481,2144,2227,3410,3614,4292,4506,4687,5122,5594,5946,6633,6756,7102,8805,9078,9462],[3.5085558999826545,2.579019941358479,4.270695952029551,4.830311739964974,4.270695952029551,4.830311739964974,2.7200985396183848,4.019381523748645,0.667530016189645,4.830311739964974,0.691153161953081,0.691153161953081,4.270695952029551,4.137164559405029,4.42484663185681,4.270695952029551,3.577548771469606,4.019381523748645,4.137164559405029,4.830311739964974,0.691153161953081])",1.0
R204,"['capital', 'table.', 'someone', 'organization', 'water', 'save', 'since.', 'experts', 'discuss', 'ongoing', 'developments', 'technology', 'breakthrough.']","(10000,[1020,1364,2227,2589,3614,3671,4506,4520,4687,6404,6541,7699,9462],[2.579019941358479,4.42484663185681,2.7200985396183848,3.577548771469606,0.667530016189645,4.270695952029551,0.691153161953081,4.137164559405029,0.691153161953081,4.137164559405029,4.42484663185681,4.830311739964974,0.691153161953081])",1.0
F217,"['town', 'very.', 'class', 'type', 'character', 'occur.', '—', 'shocking', 'claims', 'immortal', 'jellyfish', 'surface', 'internet.']","(10000,[503,2066,2516,3526,4007,4715,4867,5850,6466,7281,7936,8338,9876],[0.691153161953081,2.7508701982851385,4.830311739964974,4.270695952029551,4.607168188650764,4.137164559405029,4.270695952029551,0.691153161953081,4.830311739964974,0.6753425559264385,0.691153161953081,0.691153161953081,2.7508701982851385])",0.0
F176,"['deep', 'moment', 'three', 'defense', 'produce', 'yes', 'magazine.', 'theory', 'certain', 'difficult', 'speak', 'pretty.', 'human', 'prevent', 'bank', 'data.', 'trip', 'medical', 'music', 'worry.', '—', 'shocking', 'claims', 'miracle', 'drug', 'surface', 'internet.']","(10000,[503,1256,1468,1648,1712,1762,2419,3252,3401,3543,4732,5044,5782,5850,5925,6370,6873,7281,7860,7936,8268,8303,8338,8982,9231,9288,9324],[0.691153161953081,3.125563647726549,4.270695952029551,4.270695952029551,4.137164559405029,4.42484663185681,5.117993812416755,4.42484663185681,4.607168188650764,3.7316994512968646,4.607168188650764,4.270695952029551,4.137164559405029,0.691153161953081,4.270695952029551,3.914021008090819,5.117993812416755,0.6753425559264385,2.7826188965997183,0.691153161953081,3.383392757028649,4.607168188650764,0.691153161953081,4.607168188650764,5.117993812416755,3.8187108282864943,4.830311739964974])",0.0
R245,"['whole', 'marriage', 'foreign.', 'pick', 'five', 'hospital', 'traditional.', 'need', 'end', 'information', 'century', 'peace.', 'experts', 'discuss', 'ongoing', 'developments', 'technology', 'breakthrough.']","(10000,[453,627,1020,2227,2900,3614,3822,4506,4687,4930,4944,5974,6229,6537,7372,7841,8190,9462],[4.270695952029551,4.019381523748645,2.579019941358479,2.7200985396183848,5.117993812416755,0.667530016189645,4.830311739964974,0.691153161953081,0.691153161953081,3.577548771469606,5.523458920524919,3.7316994512968646,3.8187108282864943,4.019381523748645,4.607168188650764,4.270695952029551,4.137164559405029,0.691153161953081])",1.0
R104,"['young', 'care', 'pass', 'go', 'admit.', 'drive', 'black', 'total', 'mind', 'country.', 'hospital', 'reduce', 'experience', 'positive.', 'develop', 'guy', 'close', 'teach', 'community.', 'experts', 'discuss', 'ongoing', 'developments', 'election.']","(10000,[94,1241,1948,3184,3497,3556,3614,3635,3761,4506,4687,4930,4959,5310,6279,6325,6451,7801,7809,8159,8392,8522,9062,9462],[4.830311739964974,3.4440173788450834,3.7316994512968646,2.7508701982851385,3.7316994512968646,2.8844015909096608,0.667530016189645,4.137164559405029,4.270695952029551,0.691153161953081,0.691153161953081,3.577548771469606,5.523458920524919,3.6516567436233283,3.8187108282864943,3.8187108282864943,3.6516567436233283,5.117993812416755,4.270695952029551,3.4440173788450834,4.270695952029551,4.270695952029551,5.523458920524919,0.691153161953081])",1.0
F156,"['music', 'realize', 'four', 'build', 'serve', 'total.', '—', 'shocking', 'claims', 'flat', 'earth', 'surface', 'internet.']","(10000,[503,1243,1582,1725,2918,3014,5850,6370,6535,7281,7936,8338,9676],[0.691153161953081,3.914021008090819,4.019381523748645,4.42484663185681,3.0385522707369192,4.137164559405029,0.691153161953081,3.914021008090819,5.117993812416755,0.6753425559264385,0.691153161953081,0.691153161953081,3.0385522707369192])",0.0
R194,"['pick', 'source', 'ready', 'source', 'civil', 'prevent.', 'response', 'around', 'million', 'brother', 'window', 'hospital.', 'maybe', 'relationship', 'woman.', 'experts', 'discuss', 'ongoing', 'developments', 'election.']","(10000,[291,593,934,1278,2338,2403,2445,3556,3614,4260,4506,4687,4818,6197,6557,7372,7721,8651,9462],[4.607168188650764,3.6516567436233283,4.607168188650764,5.523458920524919,5.523458920524919,3.6516567436233283,4.137164559405029,2.8844015909096608,0.667530016189645,4.137164559405029,0.691153161953081,0.691153161953081,4.607168188650764,3.914021008090819,4.830311739964974,4.607168188650764,8.274329118810059,4.42484663185681,0.691153161953081])",1.0
R161,"['lay', 'image', 'service.', 'authority', 'range', 'raise', 'deal', 'thus.', 'experts', 'discuss', 'ongoing', 'developments', 'technology', 'breakthrough.']","(10000,[165,1020,1176,1433,2227,2849,3527,3614,4221,4475,4506,4687,5303,9462],[4.830311739964974,2.579019941358479,4.137164559405029,4.607168188650764,2.7200985396183848,5.523458920524919,4.607168188650764,0.667530016189645,5.117993812416755,4.270695952029551,0.691153161953081,0.691153161953081,4.607168188650764,0.691153161953081])",1.0
F113,"['result', 'course', 'especially', 'need.', 'employee', 'beat', 'get', 'option', 'area.', '—', 'shocking', 'claims', 'immortal', 'jellyfish', 'surface', 'internet.']","(10000,[399,503,2066,2569,3652,4105,5850,6544,6548,7281,7936,8173,8338,9426,9613,9876],[4.42484663185681,0.691153161953081,2.7508701982851385,4.270695952029551,4.019381523748645,5.117993812416755,0.691153161953081,5.523458920524919,5.117993812416755,0.6753425559264385,0.691153161953081,3.7316994512968646,0.691153161953081,4.270695952029551,4.137164559405029,2.7508701982851385])",0.0
F150,"['nice', 'act', 'actually', 'often.', 'wrong', 'enjoy', 'compare', 'within.', 'cost', 'within', 'road.', 'consider', 'personal', 'place', 'deal', 'likely', 'least.', '—', 'shocking', 'claims', 'hoax', 'surface', 'internet.']","(10000,[309,312,503,1433,1805,1831,3163,3370,4295,4377,4490,5850,6390,6447,6512,6928,7281,7936,7939,8338,8757,9246,9817],[4.019381523748645,4.270695952029551,0.691153161953081,4.607168188650764,4.270695952029551,5.523458920524919,5.523458920524919,4.270695952029551,4.830311739964974,2.60568818844064,3.8187108282864943,0.691153161953081,4.42484663185681,4.137164559405029,4.019381523748645,4.137164559405029,0.6753425559264385,0.691153161953081,4.42484663185681,0.691153161953081,4.830311739964974,4.137164559405029,3.7316994512968646])",0.0
F047,"['lay', 'seem', 'suddenly', 'send', 'include', 'discover', 'much', 'until.', 'whatever', 'east', 'commercial', 'born.', 'project', 'college', 'machine', 'hear.', '—', 'shocking', 'claims', 'miracle', 'drug', 'surface', 'internet.']","(10000,[286,503,524,1256,2230,2588,2953,3286,4170,4430,4475,5523,5850,6443,6576,7281,7695,7860,7936,8040,8057,8338,8581],[5.523458920524919,0.691153161953081,3.7316994512968646,3.125563647726549,4.42484663185681,4.137164559405029,3.914021008090819,4.830311739964974,4.270695952029551,5.117993812416755,4.270695952029551,4.607168188650764,0.691153161953081,3.6516567436233283,4.137164559405029,0.6753425559264385,4.42484663185681,2.7826188965997183,0.691153161953081,3.6516567436233283,4.830311739964974,0.691153161953081,4.607168188650764])",0.0
F008,"['personal', 'bit', 'project', 'arrive', 'machine', 'focus.', 'executive', 'throw', 'sense', 'thank', 'serious', 'year.', 'admit', 'two', 'sit', 'increase', 'sit.', '—', 'shocking', 'claims', 'hoax', 'surface', 'internet.']","(10000,[503,1117,1687,1989,2230,2778,4377,4728,5447,5850,6946,7281,7391,7517,7936,7939,7963,8016,8040,8325,8338,8714,9966],[0.691153161953081,4.42484663185681,4.137164559405029,3.914021008090819,4.42484663185681,5.117993812416755,2.60568818844064,4.42484663185681,3.6516567436233283,0.691153161953081,4.019381523748645,0.6753425559264385,3.914021008090819,4.830311739964974,0.691153161953081,4.42484663185681,3.914021008090819,5.117993812416755,3.6516567436233283,4.42484663185681,0.691153161953081,4.019381523748645,4.019381523748645])",0.0
F229,"['establish', 'help', 'seven', 'rock', 'data', 'get.', 'power', 'history', 'phone', 'machine', 'although', 'physical.', '—', 'shocking', 'claims', 'aliens', 'surface', 'internet.']","(10000,[503,574,650,1116,1626,1695,2147,2923,3056,5850,6543,7281,7779,7850,7936,8040,8338,9347],[0.691153161953081,3.914021008090819,2.958509563063383,4.607168188650764,4.137164559405029,4.830311739964974,4.830311739964974,4.137164559405029,4.019381523748645,0.691153161953081,4.019381523748645,0.6753425559264385,3.7316994512968646,4.830311739964974,0.691153161953081,3.6516567436233283,0.691153161953081,4.137164559405029])",0.0
R001,"['maintain', 'travel', 'almost', 'how.', 'experts', 'discuss', 'ongoing', 'developments', 'research.']","(10000,[3614,4506,4687,5247,6021,7066,8566,8681,9462],[0.667530016189645,0.691153161953081,0.691153161953081,4.42484663185681,4.42484663185681,2.7826188965997183,4.830311739964974,4.830311739964974,0.691153161953081])",1.0
R241,"['million', 'physical', 'authority', 'establish', 'ever.', 'season', 'generation', 'away', 'election', 'others', 'get.', 'something', 'everything', 'far', 'until.', 'experts', 'discuss', 'ongoing', 'developments', 'public', 'health.']","(10000,[132,1176,1770,2147,2358,2923,3614,3737,4158,4430,4506,4687,6219,6940,6963,8404,8649,8651,9156,9462,9826],[4.42484663185681,4.137164559405029,2.8844015909096608,4.830311739964974,4.270695952029551,4.137164559405029,0.667530016189645,3.6516567436233283,4.019381523748645,5.117993812416755,0.691153161953081,0.691153161953081,3.172083663361442,4.137164559405029,4.270695952029551,5.523458920524919,3.6516567436233283,4.42484663185681,4.019381523748645,0.691153161953081,3.8187108282864943])",1.0
R198,"['even', 'price', 'suggest.', 'exactly', 'standard', 'heavy', 'character', 'college.', 'culture', 'almost', 'significant', 'less', 'each.', 'experts', 'discuss', 'ongoing', 'developments', 'climate', 'change.']","(10000,[821,1195,1738,2059,2096,2967,3478,3614,4506,4687,4867,6021,6406,8552,8566,8645,8949,9462,9578],[2.849310271098391,4.137164559405029,4.137164559405029,2.60568818844064,4.019381523748645,4.270695952029551,5.117993812416755,0.667530016189645,0.691153161953081,0.691153161953081,4.270695952029551,4.42484663185681,3.914021008090819,4.42484663185681,4.830311739964974,5.117993812416755,4.270695952029551,0.691153161953081,5.117993812416755])",1.0
R229,"['rather', 'mother', 'service', 'attack', 'across', 'forget', 'realize', 'back.', 'land', 'skill', 'fight', 'win', 'size.', 'experts', 'discuss', 'ongoing', 'developments', 'research.']","(10000,[354,1582,2110,2252,2398,2526,2837,3614,4506,4687,5693,6532,7066,7074,7146,7148,9462,9968],[3.577548771469606,4.019381523748645,4.830311739964974,4.42484663185681,5.117993812416755,5.117993812416755,4.137164559405029,0.667530016189645,0.691153161953081,0.691153161953081,4.42484663185681,4.42484663185681,2.7826188965997183,3.4440173788450834,4.830311739964974,4.019381523748645,0.691153161953081,3.914021008090819])",1.0
R205,"['community', 'necessary', 'job', 'series', 'physical', 'research.', 'top', 'today', 'local.', 'ever', 'customer', 'food', 'pass', 'feeling.', 'experts', 'discuss', 'ongoing', 'developments', 'public', 'health.']","(10000,[557,1413,1770,3614,4463,4506,4687,5328,5594,5643,6219,7066,7979,8174,8392,8649,8653,9325,9462,9806],[4.42484663185681,3.914021008090819,2.8844015909096608,0.667530016189645,4.270695952029551,0.691153161953081,0.691153161953081,3.5085558999826545,4.137164559405029,5.117993812416755,3.172083663361442,2.7826188965997183,4.137164559405029,4.137164559405029,4.270695952029551,3.6516567436233283,4.607168188650764,5.117993812416755,0.691153161953081,4.270695952029551])",1.0
F123,"['need', 'discuss', 'tax', 'high', 'full.', 'case', 'increase', 'exactly', 'cut', 'care', 'home.', '—', 'shocking', 'claims', 'celebrity', 'scandal', 'surface', 'internet.']","(10000,[503,1206,2096,2116,3486,3614,4921,5310,5850,5861,6342,6537,6587,7281,7936,7963,8338,8993],[0.691153161953081,4.019381523748645,4.019381523748645,3.914021008090819,2.849310271098391,0.667530016189645,2.849310271098391,3.6516567436233283,0.691153161953081,5.117993812416755,3.914021008090819,4.019381523748645,5.117993812416755,0.6753425559264385,0.691153161953081,3.914021008090819,0.691153161953081,5.117993812416755])",0.0
F043,"['sense', 'remain', 'discussion', 'great', 'mrs', 'simple', 'score.', 'big', 'learn', 'city', 'cup.', 'front', 'piece', 'experience', 'she.', '—', 'shocking', 'claims', 'celebrity', 'scandal', 'surface', 'internet.']","(10000,[503,504,750,1733,2913,3048,3133,3486,3635,4921,5205,5315,5447,5495,5850,5967,7195,7281,7936,8338,9300,9751],[0.691153161953081,4.270695952029551,4.019381523748645,4.830311739964974,3.5085558999826545,4.42484663185681,4.42484663185681,2.849310271098391,4.137164559405029,2.849310271098391,4.42484663185681,4.607168188650764,3.6516567436233283,4.137164559405029,0.691153161953081,4.270695952029551,5.523458920524919,0.6753425559264385,0.691153161953081,0.691153161953081,5.117993812416755,4.019381523748645])",0.0
F097,"['right', 'forward', 'series', 'education.', 'hot', 'suggest', 'serious', 'someone', 'old', 'commercial.', '—', 'shocking', 'claims', 'celebrity', 'scandal', 'surface', 'internet.']","(10000,[503,1117,1790,3486,3671,4463,4613,4921,5047,5850,7083,7281,7816,7936,8338,8411,9693],[0.691153161953081,4.42484663185681,4.42484663185681,2.849310271098391,4.270695952029551,4.270695952029551,4.830311739964974,2.849310271098391,2.6902455764687034,0.691153161953081,4.607168188650764,0.6753425559264385,5.523458920524919,0.691153161953081,0.691153161953081,3.577548771469606,4.137164559405029])",0.0
R014,"['time', 'travel', 'health', 'hear', 'mother.', 'must', 'democrat', 'act', 'arrive', 'family.', 'experts', 'discuss', 'ongoing', 'developments', 'research.']","(10000,[1023,3614,4506,4687,4842,5234,6928,7066,7177,7391,8033,8157,8681,8805,9462],[3.914021008090819,0.667530016189645,0.691153161953081,0.691153161953081,4.830311739964974,4.019381523748645,4.137164559405029,2.7826188965997183,5.523458920524919,3.914021008090819,4.607168188650764,4.42484663185681,4.830311739964974,4.137164559405029,0.691153161953081])",1.0
F005,"['assume', 'executive', 'protect', 'race.', 'small', 'skill', 'example', 'push', 'alone', 'focus', 'job', 'decade.', '—', 'shocking', 'claims', 'flat', 'earth', 'surface', 'internet.']","(10000,[222,320,503,557,997,2492,2664,2918,3931,5850,5978,7235,7281,7936,8338,9606,9676,9966,9968],[4.270695952029551,3.8187108282864943,0.691153161953081,4.42484663185681,4.830311739964974,4.137164559405029,3.8187108282864943,3.0385522707369192,3.4440173788450834,0.691153161953081,4.42484663185681,4.270695952029551,0.6753425559264385,0.691153161953081,0.691153161953081,3.7316994512968646,3.0385522707369192,4.019381523748645,3.914021008090819])",0.0
R234,"['walk', 'production', 'majority', 'subject', 'according', 'rather', 'tough.', 'power', 'military', 'clearly', 'bill', 'republican', 'detail.', 'medical', 'force', 'improve', 'professional.', 'experts', 'discuss', 'ongoing', 'developments', 'research.']","(10000,[391,2336,2408,2837,3056,3614,4506,4616,4687,5877,6142,7036,7066,7564,7691,8135,8238,8268,8353,8655,9244,9462],[3.7316994512968646,3.914021008090819,4.270695952029551,4.137164559405029,4.019381523748645,0.667530016189645,0.691153161953081,3.6516567436233283,0.691153161953081,3.914021008090819,4.137164559405029,4.607168188650764,2.7826188965997183,4.019381523748645,4.830311739964974,4.270695952029551,4.137164559405029,3.383392757028649,4.830311739964974,4.270695952029551,4.270695952029551,0.691153161953081])",1.0
F143,"['author', 'something', 'bill', 'alone', 'here.', 'develop', 'involve', 'southern', 'eat', 'serve.', '—', 'shocking', 'claims', 'aliens', 'surface', 'internet.']","(10000,[503,650,1241,2492,3743,5850,6271,7008,7160,7276,7281,7936,8135,8338,9350,9826],[0.691153161953081,2.958509563063383,3.4440173788450834,4.137164559405029,3.914021008090819,0.691153161953081,4.137164559405029,5.523458920524919,4.830311739964974,3.8187108282864943,0.6753425559264385,0.691153161953081,4.270695952029551,0.691153161953081,4.607168188650764,3.8187108282864943])",0.0
R073,"['tough', 'leg', 'president', 'staff', 'difficult', 'apply.', 'experts', 'discuss', 'ongoing', 'developments', 'economic', 'growth.']","(10000,[1306,1392,1712,3614,4506,4687,5447,6224,6290,9034,9144,9462],[4.137164559405029,5.117993812416755,4.137164559405029,0.667530016189645,0.691153161953081,0.691153161953081,3.6516567436233283,4.830311739964974,4.019381523748645,2.920769235080536,2.7508701982851385,0.691153161953081])",1.0
R239,"['catch', 'table', 'remember', 'agree', 'serve', 'drug.', 'let', 'local', 'cover', 'always', 'note', 'stock.', 'experts', 'discuss', 'ongoing', 'developments', 'education.']","(10000,[228,1725,3614,3931,3980,4506,4644,4687,5047,5685,6104,6925,7949,8267,9011,9462,9909],[4.137164559405029,4.42484663185681,0.667530016189645,3.4440173788450834,5.117993812416755,0.691153161953081,5.523458920524919,0.691153161953081,2.6902455764687034,4.607168188650764,4.42484663185681,3.914021008090819,4.019381523748645,4.270695952029551,4.019381523748645,0.691153161953081,4.42484663185681])",1.0
F181,"['sign', 'claim', 'available', 'continue', 'service', 'area', 'cover.', 'stock', 'lay', 'want', 'street', 'interesting', 'before.', '—', 'shocking', 'claims', 'aliens', 'surface', 'internet.']","(10000,[503,650,743,793,2252,2475,3634,3684,4475,5649,5850,6756,7281,7696,7712,7936,8338,8867,8937],[0.691153161953081,2.958509563063383,4.42484663185681,4.42484663185681,4.42484663185681,4.137164559405029,3.8187108282864943,4.137164559405029,4.270695952029551,4.270695952029551,0.691153161953081,3.577548771469606,0.6753425559264385,4.830311739964974,4.607168188650764,0.691153161953081,0.691153161953081,5.523458920524919,3.914021008090819])",0.0
R138,"['open', 'bring', 'alone.', 'relationship', 'project', 'couple', 'expect', 'development', 'statement.', 'impact', 'oil', 'traditional', 'try', 'whole', 'manager', 'research.', 'understand', 'second', 'whole', 'contain.', 'experts', 'discuss', 'ongoing', 'developments', 'election.']","(10000,[627,1652,1972,2230,2871,3057,3292,3548,3556,3614,3691,4260,4486,4506,4687,4693,5783,6035,6487,7066,7702,9256,9462,9925],[8.03876304749729,4.137164559405029,4.019381523748645,4.42484663185681,3.914021008090819,4.270695952029551,5.117993812416755,5.117993812416755,2.8844015909096608,0.667530016189645,4.270695952029551,4.137164559405029,4.270695952029551,0.691153161953081,0.691153161953081,3.914021008090819,4.019381523748645,4.019381523748645,3.5085558999826545,2.7826188965997183,4.607168188650764,4.270695952029551,0.691153161953081,5.523458920524919])",1.0
R172,"['home', 'foreign.', 'experts', 'discuss', 'ongoing', 'developments', 'economic', 'growth.']","(10000,[3365,3614,3822,4506,4687,9034,9144,9462],[4.42484663185681,0.667530016189645,4.830311739964974,0.691153161953081,0.691153161953081,2.920769235080536,2.7508701982851385,0.691153161953081])",1.0
R143,"['many', 'political', 'result', 'write', 'little.', 'reason', 'wrong', 'improve', 'degree', 'treat', 'increase.', 'well', 'pretty.', 'experts', 'discuss', 'ongoing', 'developments', 'policy.']","(10000,[157,399,2408,2944,3614,3935,4506,4687,5188,5445,6512,6623,6944,7709,8750,9324,9462,9943],[3.5085558999826545,4.42484663185681,4.270695952029551,3.5085558999826545,0.667530016189645,4.137164559405029,0.691153161953081,0.691153161953081,4.270695952029551,4.137164559405029,4.019381523748645,4.830311739964974,2.8154087194227095,5.523458920524919,4.607168188650764,4.830311739964974,0.691153161953081,4.607168188650764])",1.0
F166,"['page', 'ahead', 'accept', 'drop', 'alone', 'way.', 'must', 'picture', 'policy', 'science', 'change', 'material', 'question.', 'current', 'realize', 'follow', 'capital', 'national', 'far', 'teach.', '—', 'shocking', 'claims', 'mind', 'control', 'surface', 'internet.']","(10000,[387,503,1023,1208,1582,2481,2492,2657,2827,3184,3231,3363,3479,4142,4158,4639,5459,5850,6541,7281,7910,7936,8268,8338,8577,9189,9367],[4.137164559405029,0.691153161953081,3.914021008090819,2.7826188965997183,4.019381523748645,3.8187108282864943,4.137164559405029,3.2721671219184243,4.42484663185681,2.7508701982851385,4.270695952029551,4.270695952029551,4.42484663185681,4.607168188650764,4.019381523748645,4.830311739964974,5.523458920524919,0.691153161953081,4.42484663185681,0.6753425559264385,4.270695952029551,0.691153161953081,3.383392757028649,0.691153161953081,4.830311739964974,4.137164559405029,4.019381523748645])",0.0
R003,"['moment', 'admit', 'pretty', 'person', 'spring', 'base', 'thousand.', 'next', 'traditional', 'stage', 'card', 'result', 'who.', 'military', 'around', 'none', 'mr.', 'experts', 'discuss', 'ongoing', 'developments', 'budget', 'report.']","(10000,[30,399,1644,2144,3249,3401,3614,3919,4486,4506,4687,4991,5432,5471,5877,6197,6444,8173,8273,8714,9462,9808,9831],[3.914021008090819,4.42484663185681,4.607168188650764,4.830311739964974,3.6516567436233283,4.607168188650764,0.667530016189645,4.42484663185681,4.270695952029551,0.691153161953081,0.691153161953081,2.6902455764687034,2.7200985396183848,5.523458920524919,3.914021008090819,3.914021008090819,5.117993812416755,3.7316994512968646,4.607168188650764,4.019381523748645,0.691153161953081,4.270695952029551,3.914021008090819])",1.0
R167,"['act', 'boy', 'open', 'clearly.', 'simple', 'shake', 'hour', 'sound', 'according', 'rule.', 'experts', 'discuss', 'ongoing', 'developments', 'climate', 'change.']","(10000,[157,527,821,1985,2059,2180,2913,3614,4506,4687,5783,6166,6928,7564,7711,9462],[3.5085558999826545,4.270695952029551,2.849310271098391,5.523458920524919,2.60568818844064,4.270695952029551,3.5085558999826545,0.667530016189645,0.691153161953081,0.691153161953081,4.019381523748645,4.137164559405029,4.137164559405029,4.019381523748645,5.523458920524919,0.691153161953081])",1.0
R183,"['soldier', 'development', 'director', 'drive.', 'north', 'maintain', 'analysis', 'investment', 'usually', 'art.', 'best', 'reality', 'matter', 'share', 'six', 'bed', 'effort', 'wonder.', 'young', 'strong', 'american', 'happy', 'others', 'avoid.', 'experts', 'discuss', 'ongoing', 'developments', 'climate', 'change.']","(10000,[680,763,821,1175,1296,1562,1778,1853,2059,2402,2871,2990,3614,3947,4043,4141,4506,4687,5247,5347,5401,5726,6355,6940,7652,7809,8509,9391,9462,9497],[4.607168188650764,4.830311739964974,2.849310271098391,5.117993812416755,3.914021008090819,4.607168188650764,4.270695952029551,4.270695952029551,2.60568818844064,4.019381523748645,3.914021008090819,4.270695952029551,0.667530016189645,4.137164559405029,4.607168188650764,4.42484663185681,0.691153161953081,0.691153161953081,4.42484663185681,4.137164559405029,5.117993812416755,4.019381523748645,4.137164559405029,4.137164559405029,4.607168188650764,4.270695952029551,4.830311739964974,4.270695952029551,0.691153161953081,4.270695952029551])",1.0
R238,"['major', 'enjoy', 'expert', 'suffer', 'across', 'field.', 'staff', 'wind', 'reduce', 'goal', 'far', 'size.', 'experts', 'discuss', 'ongoing', 'developments', 'technology', 'breakthrough.']","(10000,[914,1020,1058,1805,2227,2558,3132,3614,4158,4506,4687,5089,6135,6224,6532,7074,8159,9462],[4.830311739964974,2.579019941358479,4.270695952029551,4.270695952029551,2.7200985396183848,4.270695952029551,5.117993812416755,0.667530016189645,4.019381523748645,0.691153161953081,0.691153161953081,4.270695952029551,4.270695952029551,4.830311739964974,4.42484663185681,3.4440173788450834,3.4440173788450834,0.691153161953081])",1.0
R041,"['mother', 'others', 'decide', 'field', 'level', 'change.', 'side', 'difficult', 'matter', 'capital', 'mouth.', 'life', 'far', 'consider', 'glass.', 'time', 'firm.', 'experts', 'discuss', 'ongoing', 'developments', 'election.']","(10000,[312,354,1499,1712,2059,2402,2551,3283,3477,3556,3614,4158,4506,4687,6541,6940,7074,8157,8293,9432,9462,9781],[4.270695952029551,3.577548771469606,4.607168188650764,4.137164559405029,2.60568818844064,4.019381523748645,5.117993812416755,5.523458920524919,4.270695952029551,2.8844015909096608,0.667530016189645,4.019381523748645,0.691153161953081,0.691153161953081,4.42484663185681,4.137164559405029,3.4440173788450834,4.42484663185681,3.8187108282864943,4.607168188650764,0.691153161953081,4.607168188650764])",1.0
F237,"['agreement', 'enjoy', 'mention', 'door.', 'alone', 'night', 'still.', '—', 'shocking', 'claims', 'government', 'cover-up', 'surface', 'internet.']","(10000,[503,1649,1805,2259,2492,2907,5850,6609,6869,7281,7936,8338,8413,9813],[0.691153161953081,4.42484663185681,4.270695952029551,2.8154087194227095,4.137164559405029,4.270695952029551,0.691153161953081,4.830311739964974,4.019381523748645,0.6753425559264385,0.691153161953081,0.691153161953081,3.914021008090819,2.997730276216664])",0.0
R086,"['inside', 'material', 'begin', 'fly', 'tonight.', 'three', 'city', 'decision', 'read.', 'experts', 'discuss', 'ongoing', 'developments', 'research.']","(10000,[1513,2193,3231,3614,4506,4687,5495,5925,5944,7066,9066,9184,9459,9462],[3.7316994512968646,4.607168188650764,4.270695952029551,0.667530016189645,0.691153161953081,0.691153161953081,4.137164559405029,4.270695952029551,4.42484663185681,2.7826188965997183,4.019381523748645,5.523458920524919,5.117993812416755,0.691153161953081])",1.0
R240,"['field', 'ago', 'within', 'personal.', 'low', 'doctor', 'late', 'back', 'arrive', 'baby.', 'many', 'yard', 'lead', 'shoulder.', 'experts', 'discuss', 'ongoing', 'developments', 'policy.']","(10000,[424,777,1896,3079,3614,3740,4404,4506,4687,5188,5356,6944,7074,7391,8411,8430,9367,9462,9817],[4.270695952029551,4.42484663185681,3.914021008090819,4.42484663185681,0.667530016189645,5.117993812416755,4.607168188650764,0.691153161953081,0.691153161953081,4.270695952029551,4.137164559405029,2.8154087194227095,3.4440173788450834,3.914021008090819,3.577548771469606,4.607168188650764,4.019381523748645,0.691153161953081,3.7316994512968646])",1.0
R133,"['reflect', 'give', 'international', 'test', 'population', 'low.', 'every', 'fund', 'doctor.', 'safe', 'civil', 'method', 'lead', 'agency', 'like.', 'experts', 'discuss', 'ongoing', 'developments', 'public', 'health.']","(10000,[188,593,765,1770,3614,3783,4506,4638,4687,5321,5356,6015,6219,6586,7229,7642,8546,9190,9258,9462,9681],[4.270695952029551,3.6516567436233283,4.270695952029551,2.8844015909096608,0.667530016189645,4.607168188650764,0.691153161953081,4.270695952029551,0.691153161953081,3.914021008090819,4.137164559405029,4.270695952029551,3.172083663361442,4.270695952029551,5.523458920524919,3.8187108282864943,5.117993812416755,5.117993812416755,5.117993812416755,0.691153161953081,4.42484663185681])",1.0
F044,"['leg', 'skill', 'cultural', 'white', 'among.', 'paper', 'claim', 'population', 'begin', 'style', 'drop.', 'summer', 'reduce', 'force', 'firm', 'drive.', 'away', 'glass', 'hand', 'owner', 'simply', 'citizen', 'involve.', '—', 'shocking', 'claims', 'hoax', 'surface', 'internet.']","(10000,[8,391,503,1513,1642,2071,3423,3737,4377,5843,5850,6053,6290,6932,7108,7281,7936,8000,8159,8338,8690,8852,8894,8937,9233,9258,9391,9481,9968],[4.137164559405029,3.7316994512968646,0.691153161953081,3.7316994512968646,4.607168188650764,5.117993812416755,4.42484663185681,3.6516567436233283,2.60568818844064,4.42484663185681,0.691153161953081,3.4440173788450834,4.019381523748645,4.42484663185681,5.523458920524919,0.6753425559264385,0.691153161953081,3.8187108282864943,3.4440173788450834,0.691153161953081,4.607168188650764,5.523458920524919,3.8187108282864943,3.914021008090819,4.019381523748645,5.117993812416755,4.270695952029551,4.607168188650764,3.914021008090819])",0.0
F125,"['home', 'rest', 'step', 'government', 'throughout', 'away', 'paper.', 'relationship', 'admit.', '—', 'shocking', 'claims', 'government', 'cover-up', 'surface', 'internet.']","(10000,[503,1558,2259,2708,3365,3737,3761,4260,5850,5948,7281,7936,8338,9766,9813],[0.691153161953081,4.019381523748645,5.630817438845419,3.6516567436233283,4.42484663185681,3.6516567436233283,4.270695952029551,4.137164559405029,0.691153161953081,4.42484663185681,0.6753425559264385,0.691153161953081,0.691153161953081,4.607168188650764,2.997730276216664])",0.0
F165,"['care', 'style', 'argue', 'rest', 'look.', 'student', 'service', 'get', 'likely', 'president.', '—', 'shocking', 'claims', 'secret', 'cure', 'surface', 'internet.']","(10000,[309,503,2252,2708,3536,3730,3892,5310,5374,5850,6747,7281,7936,8000,8338,8411,9426],[4.019381523748645,0.691153161953081,4.42484663185681,3.6516567436233283,4.607168188650764,4.137164559405029,2.5530444549552183,3.6516567436233283,4.137164559405029,0.691153161953081,2.5530444549552183,0.6753425559264385,0.691153161953081,3.8187108282864943,0.691153161953081,3.577548771469606,4.270695952029551])",0.0
F137,"['institution', 'simply', 'great', 'course.', '—', 'shocking', 'claims', 'flat', 'earth', 'surface', 'internet.']","(10000,[503,750,1642,2918,3243,4499,5850,7281,7936,8338,9676],[0.691153161953081,4.019381523748645,4.607168188650764,3.0385522707369192,4.270695952029551,5.523458920524919,0.691153161953081,0.6753425559264385,0.691153161953081,0.691153161953081,3.0385522707369192])",0.0
R088,"['imagine', 'serve', 'seem', 'truth', 'day.', 'hit', 'material', 'marriage', 'discussion', 'republican', 'popular', 'get.', 'new', 'local', 'less', 'event', 'grow', 'education', 'behind.', 'experts', 'discuss', 'ongoing', 'developments', 'research.']","(10000,[228,585,1195,1725,1842,2069,2147,2404,2588,3231,3614,4506,4616,4687,5301,5315,5530,6148,6229,7066,7728,8252,8271,9462],[4.137164559405029,4.607168188650764,4.137164559405029,4.42484663185681,5.523458920524919,4.607168188650764,4.830311739964974,4.42484663185681,4.137164559405029,4.270695952029551,0.667530016189645,0.691153161953081,3.6516567436233283,0.691153161953081,4.019381523748645,4.607168188650764,4.607168188650764,4.270695952029551,3.8187108282864943,2.7826188965997183,4.137164559405029,4.830311739964974,4.830311739964974,0.691153161953081])",1.0
R169,"['center', 'least', 'stop', 'question', 'every.', 'low', 'science', 'rate', 'run.', 'million', 'local', 'blue.', 'experts', 'discuss', 'ongoing', 'developments', 'technology', 'breakthrough.']","(10000,[228,253,796,1020,1480,1634,2227,2722,2947,3363,3614,4506,4687,7912,8411,8651,8997,9462],[4.137164559405029,4.270695952029551,3.914021008090819,2.579019941358479,5.117993812416755,4.137164559405029,2.7200985396183848,4.830311739964974,4.137164559405029,4.270695952029551,0.667530016189645,0.691153161953081,0.691153161953081,4.830311739964974,3.577548771469606,4.42484663185681,4.607168188650764,0.691153161953081])",1.0
R193,"['message', 'catch', 'deep', 'impact', 'five.', 'man', 'future', 'green', 'discuss', 'allow', 'young', 'option.', 'experts', 'discuss', 'ongoing', 'developments', 'technology', 'breakthrough.']","(10000,[551,1020,1762,1776,1972,2227,2569,2715,3614,4506,4687,4835,6488,7809,7949,8569,9462],[4.270695952029551,2.579019941358479,4.42484663185681,5.117993812416755,4.019381523748645,2.7200985396183848,4.270695952029551,4.270695952029551,1.33506003237929,0.691153161953081,0.691153161953081,4.137164559405029,4.270695952029551,4.270695952029551,4.019381523748645,5.523458920524919,0.691153161953081])",1.0
F247,"['although', 'plant', 'ask', 'likely', 'expert', 'significant.', 'include', 'democrat', 'either.', 'draw', 'ever', 'stand', 'tough', 'total', 'pass.', '—', 'shocking', 'claims', 'mind', 'control', 'surface', 'internet.']","(10000,[309,503,914,1208,2126,2953,3184,3507,5234,5447,5594,5850,6279,6886,7244,7281,7632,7779,7936,8167,8171,8338],[4.019381523748645,0.691153161953081,4.830311739964974,2.7826188965997183,5.117993812416755,3.914021008090819,2.7508701982851385,4.270695952029551,4.019381523748645,3.6516567436233283,4.137164559405029,0.691153161953081,3.8187108282864943,5.523458920524919,3.4440173788450834,0.6753425559264385,5.523458920524919,3.7316994512968646,0.691153161953081,4.270695952029551,3.4440173788450834,0.691153161953081])",0.0
R179,"['difference', 'dinner', 'room', 'offer.', 'worker', 'deep', 'stop', 'six', 'around', 'prevent', 'record.', 'painting', 'leave.', 'experts', 'discuss', 'ongoing', 'developments', 'technology', 'breakthrough.']","(10000,[494,796,924,1020,1034,1762,1769,2227,2240,2676,3252,3331,3614,4506,4687,5401,6197,7866,9462],[4.270695952029551,3.914021008090819,4.830311739964974,2.579019941358479,5.117993812416755,4.42484663185681,4.830311739964974,2.7200985396183848,4.019381523748645,4.607168188650764,4.42484663185681,5.117993812416755,0.667530016189645,0.691153161953081,0.691153161953081,5.117993812416755,3.914021008090819,4.42484663185681,0.691153161953081])",1.0
F138,"['design', 'coach', 'debate', 'your.', 'machine', 'ground', 'strategy', 'picture', 'girl', 'only.', '—', 'shocking', 'claims', 'immortal', 'jellyfish', 'surface', 'internet.']","(10000,[503,1029,1243,2066,2291,2481,3514,3922,4198,5850,6487,7281,7936,8040,8276,8338,9876],[0.691153161953081,4.137164559405029,3.914021008090819,2.7508701982851385,4.019381523748645,3.8187108282864943,3.914021008090819,4.42484663185681,5.523458920524919,0.691153161953081,3.5085558999826545,0.6753425559264385,0.691153161953081,3.6516567436233283,3.914021008090819,0.691153161953081,2.7508701982851385])",0.0
R017,"['professor', 'eye', 'husband', 'some.', 'window', 'next', 'respond', 'financial', 'build.', 'experts', 'discuss', 'ongoing', 'developments', 'policy.']","(10000,[1341,2403,2500,2543,3614,4506,4687,5598,6944,7183,7208,7407,8273,9462],[4.137164559405029,3.6516567436233283,4.607168188650764,3.3262343431887,0.667530016189645,0.691153161953081,0.691153161953081,5.117993812416755,2.8154087194227095,5.117993812416755,4.42484663185681,3.914021008090819,4.607168188650764,0.691153161953081])",1.0
F090,"['whole', 'hope.', 'available', 'care.', 'marriage', 'day', 'sit', 'night.', '—', 'shocking', 'claims', 'mind', 'control', 'surface', 'internet.']","(10000,[503,627,1208,2475,3184,3222,5390,5850,6229,6946,7281,7936,8338,9133,9918],[0.691153161953081,4.019381523748645,2.7826188965997183,4.137164559405029,2.7508701982851385,5.117993812416755,5.117993812416755,0.691153161953081,3.8187108282864943,4.019381523748645,0.6753425559264385,0.691153161953081,0.691153161953081,4.42484663185681,5.523458920524919])",0.0
F222,"['cover', 'report', 'truth.', 'ago', 'situation', 'american.', 'positive', 'level', 'consumer', 'reason', 'theory', 'water', 'american.', '—', 'shocking', 'claims', 'mind', 'control', 'surface', 'internet.']","(10000,[1,503,1208,1468,1499,1896,2589,2944,3136,3184,5511,5850,6104,6373,6505,7281,7936,8338,9475],[4.607168188650764,0.691153161953081,2.7826188965997183,4.270695952029551,4.607168188650764,3.914021008090819,3.577548771469606,3.5085558999826545,4.42484663185681,2.7508701982851385,9.214336377301528,0.691153161953081,4.42484663185681,5.117993812416755,4.607168188650764,0.6753425559264385,0.691153161953081,0.691153161953081,4.270695952029551])",0.0
R114,"['everybody', 'dog', 'analysis', 'form', 'research.', 'experts', 'discuss', 'ongoing', 'developments', 'climate', 'change.']","(10000,[821,1296,2059,2561,3614,4506,4687,5621,7066,9462,9564],[2.849310271098391,3.914021008090819,2.60568818844064,3.8187108282864943,0.667530016189645,0.691153161953081,0.691153161953081,4.42484663185681,2.7826188965997183,0.691153161953081,4.830311739964974])",1.0
F235,"['accept', 'create', 'professional.', 'whose', 'way', 'life.', 'subject', 'personal', 'american', 'day', 'several', 'eat', 'military', 'those.', '—', 'shocking', 'claims', 'celebrity', 'scandal', 'surface', 'internet.']","(10000,[503,1404,1657,2657,3486,4921,5535,5850,5877,7276,7281,7652,7691,7936,7939,8338,8655,9133,9227,9391,9539],[0.691153161953081,5.117993812416755,5.117993812416755,3.2721671219184243,2.849310271098391,2.849310271098391,5.117993812416755,0.691153161953081,3.914021008090819,3.8187108282864943,0.6753425559264385,4.607168188650764,4.830311739964974,0.691153161953081,4.42484663185681,0.691153161953081,4.270695952029551,4.42484663185681,4.270695952029551,4.270695952029551,4.019381523748645])",0.0
F185,"['fish', 'final', 'pm', 'decision', 'consider.', 'watch', 'recognize', 'difference', 'model', 'market', 'risk.', 'land', 'main', 'fire', 'early.', 'example', 'success', 'affect', 'community', 'issue.', '—', 'shocking', 'claims', 'hoax', 'surface', 'internet.']","(10000,[503,1376,1637,1653,2193,2657,2708,3378,3753,4377,5191,5850,6055,6711,6751,7026,7102,7148,7281,7866,7936,8171,8174,8338,9606,9828],[0.691153161953081,4.270695952029551,4.42484663185681,4.42484663185681,4.607168188650764,3.2721671219184243,3.6516567436233283,5.117993812416755,5.523458920524919,2.60568818844064,5.117993812416755,0.691153161953081,4.019381523748645,4.607168188650764,5.117993812416755,5.117993812416755,4.019381523748645,4.019381523748645,0.6753425559264385,4.42484663185681,0.691153161953081,3.4440173788450834,4.137164559405029,0.691153161953081,3.7316994512968646,4.607168188650764])",0.0
F221,"['light', 'might', 'probably', 'smile', 'drive', 'bill.', 'thousand', 'together', 'religious', 'involve', 'quite', 'one.', '—', 'shocking', 'claims', 'flat', 'earth', 'surface', 'internet.']","(10000,[503,1720,2297,2466,2713,2918,3204,3924,4293,5850,6056,6271,6325,6798,7281,7936,8312,8338,9676],[0.691153161953081,4.42484663185681,4.270695952029551,5.523458920524919,4.019381523748645,3.0385522707369192,5.523458920524919,4.270695952029551,4.42484663185681,0.691153161953081,3.914021008090819,4.137164559405029,3.8187108282864943,5.117993812416755,0.6753425559264385,0.691153161953081,4.137164559405029,0.691153161953081,3.0385522707369192])",0.0
F054,"['around', 'argue', 'run', 'threat.', 'bank', 'recognize', 'reason', 'director', 'approach.', 'response', 'long', 'attorney', 'special', 'shoulder.', '—', 'shocking', 'claims', 'secret', 'cure', 'surface', 'internet.']","(10000,[266,503,1055,1853,2445,2944,3475,3730,3740,3892,4853,5850,6197,6434,6747,7281,7936,8171,8338,8904,8982],[4.42484663185681,0.691153161953081,4.830311739964974,4.270695952029551,4.137164559405029,3.5085558999826545,5.523458920524919,4.137164559405029,5.117993812416755,2.5530444549552183,3.6516567436233283,0.691153161953081,3.914021008090819,4.607168188650764,2.5530444549552183,0.6753425559264385,0.691153161953081,3.4440173788450834,0.691153161953081,4.270695952029551,4.607168188650764])",0.0
R000,"['take', 'price', 'head.', 'deal', 'firm', 'leader.', 'else', 'trip', 'positive', 'simple.', 'experts', 'discuss', 'ongoing', 'developments', 'public', 'health.']","(10000,[1,855,1433,1738,1770,3593,3614,4506,4687,4805,5034,5782,6219,8894,9462,9495],[4.607168188650764,4.019381523748645,4.607168188650764,4.137164559405029,2.8844015909096608,4.830311739964974,0.667530016189645,0.691153161953081,0.691153161953081,5.523458920524919,4.607168188650764,4.137164559405029,3.172083663361442,3.8187108282864943,0.691153161953081,5.117993812416755])",1.0
R178,"['theory', 'present', 'republican', 'ten', 'family.', 'increase', 'seek', 'note', 'song.', 'experts', 'discuss', 'ongoing', 'developments', 'budget', 'report.']","(10000,[171,1468,3614,4506,4616,4687,4991,5085,5432,6934,7963,8033,8130,9462,9909],[3.577548771469606,4.270695952029551,0.667530016189645,0.691153161953081,3.6516567436233283,0.691153161953081,2.6902455764687034,3.5085558999826545,2.7200985396183848,5.523458920524919,3.914021008090819,4.607168188650764,3.8187108282864943,0.691153161953081,4.42484663185681])",1.0
F006,"['environment', 'imagine', 'station.', '—', 'shocking', 'claims', 'hoax', 'surface', 'internet.']","(10000,[503,1290,2407,4377,5301,5850,7281,7936,8338],[0.691153161953081,4.830311739964974,4.607168188650764,2.60568818844064,4.019381523748645,0.691153161953081,0.6753425559264385,0.691153161953081,0.691153161953081])",0.0
F174,"['resource', 'south', 'company', 'stand.', 'debate', 'grow', 'describe', 'appear', 'city', 'wife.', 'attention', 'glass', 'tend', 'course', 'according', 'huge', 'religious.', '—', 'shocking', 'claims', 'secret', 'cure', 'surface', 'internet.']","(10000,[503,942,1670,1810,2198,2404,3144,3652,3892,4816,5399,5495,5850,6090,6747,6932,7085,7281,7564,7936,8182,8276,8338,8444],[0.691153161953081,4.019381523748645,4.270695952029551,3.914021008090819,3.914021008090819,4.42484663185681,3.7316994512968646,4.019381523748645,2.5530444549552183,3.5085558999826545,4.270695952029551,4.137164559405029,0.691153161953081,5.117993812416755,2.5530444549552183,4.42484663185681,4.270695952029551,0.6753425559264385,4.019381523748645,0.691153161953081,3.8187108282864943,3.914021008090819,0.691153161953081,5.117993812416755])",0.0
R009,"['compare', 'radio.', 'name', 'support', 'paper', 'drug', 'president', 'although.', 'know', 'affect', 'born.', 'experts', 'discuss', 'ongoing', 'developments', 'election.']","(10000,[15,1306,3286,3556,3614,4506,4687,6055,6852,7779,7860,8217,8690,9032,9246,9462],[4.270695952029551,4.137164559405029,4.830311739964974,2.8844015909096608,0.667530016189645,0.691153161953081,0.691153161953081,4.019381523748645,5.523458920524919,3.7316994512968646,2.7826188965997183,4.42484663185681,4.607168188650764,4.830311739964974,4.137164559405029,0.691153161953081])",1.0
R122,"['tonight', 'management', 'cell', 'true.', 'ago', 'ground', 'instead', 'food', 'recognize', 'serve.', 'behavior', 'old', 'career', 'travel', 'mother', 'others', 'task.', 'experts', 'discuss', 'ongoing', 'developments', 'economic', 'growth.']","(10000,[354,735,1241,1896,3210,3389,3614,4506,4527,4687,4930,5493,6487,6940,7034,7083,7160,8171,8653,8681,9034,9144,9462],[3.577548771469606,3.914021008090819,3.4440173788450834,3.914021008090819,3.8187108282864943,4.019381523748645,0.667530016189645,0.691153161953081,4.830311739964974,0.691153161953081,3.577548771469606,4.830311739964974,3.5085558999826545,4.137164559405029,5.523458920524919,4.607168188650764,4.830311739964974,3.4440173788450834,4.607168188650764,4.830311739964974,2.920769235080536,2.7508701982851385,0.691153161953081])",1.0
F189,"['property', 'key', 'anything', 'debate', 'letter', 'receive', 'attorney.', 'benefit', 'politics', 'door', 'lose', 'possible.', 'better', 'road', 'evening', 'risk.', '—', 'shocking', 'claims', 'immortal', 'jellyfish', 'surface', 'internet.']","(10000,[503,564,2066,2114,2272,2543,2733,3131,4102,4422,4617,4847,5286,5653,5725,5850,5887,6711,7281,7936,8276,8338,9876],[0.691153161953081,3.6516567436233283,2.7508701982851385,4.42484663185681,5.523458920524919,3.3262343431887,3.7316994512968646,5.117993812416755,4.42484663185681,4.42484663185681,3.7316994512968646,4.607168188650764,4.137164559405029,4.137164559405029,4.42484663185681,0.691153161953081,4.42484663185681,4.607168188650764,0.6753425559264385,0.691153161953081,3.914021008090819,0.691153161953081,2.7508701982851385])",0.0
R146,"['tv', 'market', 'night', 'dog.', 'experts', 'discuss', 'ongoing', 'developments', 'technology', 'breakthrough.']","(10000,[1020,1122,2227,2657,3614,4506,4547,4687,6869,9462],[2.579019941358479,4.830311739964974,2.7200985396183848,3.2721671219184243,0.667530016189645,0.691153161953081,4.830311739964974,0.691153161953081,4.019381523748645,0.691153161953081])",1.0
R022,"['fact', 'leave', 'cup', 'better', 'mrs', 'military.', 'along', 'mind', 'baby', 'site', 'win.', 'like', 'role', 'already', 'data', 'weight', 'eight.', 'experts', 'discuss', 'ongoing', 'developments', 'climate', 'change.']","(10000,[460,594,821,1348,1695,2059,2543,2840,2913,3059,3184,3330,3350,3614,4439,4506,4687,5891,6436,7215,8004,9462,9751],[5.117993812416755,4.607168188650764,2.849310271098391,5.117993812416755,4.830311739964974,2.60568818844064,3.3262343431887,4.270695952029551,3.5085558999826545,4.019381523748645,2.7508701982851385,4.830311739964974,4.270695952029551,0.667530016189645,4.607168188650764,0.691153161953081,0.691153161953081,4.830311739964974,4.830311739964974,4.42484663185681,4.019381523748645,0.691153161953081,4.019381523748645])",1.0
F177,"['drug', 'citizen', 'try', 'entire', 'development', 'appear', 'check.', 'partner', 'factor.', 'whether', 'eye', 'matter', 'mouth', 'training.', '—', 'shocking', 'claims', 'aliens', 'surface', 'internet.']","(10000,[8,116,503,650,1341,2402,2764,2871,3406,4693,5416,5850,7281,7497,7860,7936,8182,8338,8824,9394],[4.137164559405029,4.019381523748645,0.691153161953081,2.958509563063383,4.137164559405029,4.019381523748645,5.523458920524919,3.914021008090819,4.019381523748645,3.914021008090819,5.117993812416755,0.691153161953081,0.6753425559264385,4.137164559405029,2.7826188965997183,0.691153161953081,3.8187108282864943,0.691153161953081,4.42484663185681,5.523458920524919])",0.0
F021,"['form', 'cause', 'husband', 'great', 'standard.', 'rule', 'shoulder', 'threat', 'show', 'three.', 'fear', 'take', 'meeting', 'about.', '—', 'shocking', 'claims', 'secret', 'cure', 'surface', 'internet.']","(10000,[20,316,343,503,750,855,1112,2176,3892,4019,5621,5850,6710,6747,6756,7208,7281,7936,8070,8338,9513],[4.607168188650764,3.8187108282864943,4.42484663185681,0.691153161953081,4.019381523748645,4.019381523748645,5.117993812416755,5.117993812416755,2.5530444549552183,4.270695952029551,4.42484663185681,0.691153161953081,5.523458920524919,2.5530444549552183,3.577548771469606,4.42484663185681,0.6753425559264385,0.691153161953081,4.607168188650764,0.691153161953081,3.577548771469606])",0.0
R039,"['strategy', 'wish', 'explain', 'approach', 'suffer', 'production', 'radio.', 'experts', 'discuss', 'ongoing', 'developments', 'economic', 'growth.']","(10000,[495,2291,3095,3614,4506,4687,5341,6135,8353,9032,9034,9144,9462],[4.137164559405029,4.019381523748645,4.019381523748645,0.667530016189645,0.691153161953081,0.691153161953081,4.019381523748645,4.270695952029551,4.830311739964974,4.830311739964974,2.920769235080536,2.7508701982851385,0.691153161953081])",1.0
F061,"['people', 'friend', 'federal', 'citizen', 'movie', 'cell.', 'manage', 'dog.', 'administration', 'today', 'wind', 'something', 'hard', 'recent', 'series', 'attorney.', '—', 'shocking', 'claims', 'miracle', 'drug', 'surface', 'internet.']","(10000,[8,488,503,633,1122,1256,1439,2558,4102,4263,4463,5125,5185,5591,5850,7281,7860,7883,7936,8338,8549,9806,9826],[4.137164559405029,3.914021008090819,0.691153161953081,3.914021008090819,4.830311739964974,3.125563647726549,4.019381523748645,4.270695952029551,4.42484663185681,4.270695952029551,4.270695952029551,4.270695952029551,4.607168188650764,3.914021008090819,0.691153161953081,0.6753425559264385,2.7826188965997183,4.019381523748645,0.691153161953081,0.691153161953081,5.523458920524919,4.270695952029551,3.8187108282864943])",0.0
R057,"['institution', 'two.', 'television', 'part', 'room', 'item', 'paper', 'every.', 'experts', 'discuss', 'ongoing', 'developments', 'technology', 'breakthrough.']","(10000,[141,494,1020,1916,2227,3243,3614,4506,4687,8690,8713,8740,8997,9462],[4.270695952029551,4.270695952029551,2.579019941358479,4.270695952029551,2.7200985396183848,4.270695952029551,0.667530016189645,0.691153161953081,0.691153161953081,4.607168188650764,4.607168188650764,4.42484663185681,4.607168188650764,0.691153161953081])",1.0
F154,"['economy', 'everybody', 'far', 'cup', 'might', 'north', 'gas.', 'evidence', 'adult.', '—', 'shocking', 'claims', 'immortal', 'jellyfish', 'surface', 'internet.']","(10000,[217,503,1778,2054,2066,2561,3059,3924,4158,5850,7281,7904,7936,8338,9544,9876],[4.270695952029551,0.691153161953081,4.270695952029551,4.137164559405029,2.7508701982851385,3.8187108282864943,4.019381523748645,4.270695952029551,4.019381523748645,0.691153161953081,0.6753425559264385,4.830311739964974,0.691153161953081,0.691153161953081,5.523458920524919,2.7508701982851385])",0.0
F052,"['debate', 'explain', 'mrs', 'drive', 'wall', 'special.', 'save', 'age', 'wrong', 'plant', 'apply', 'bit', 'remember.', '—', 'shocking', 'claims', 'mind', 'control', 'surface', 'internet.']","(10000,[503,1208,1989,3184,4520,5118,5341,5849,5850,6325,6404,6512,7244,7281,7312,7936,8276,8338,8791,9751],[0.691153161953081,2.7826188965997183,3.914021008090819,2.7508701982851385,4.137164559405029,4.830311739964974,4.019381523748645,5.117993812416755,0.691153161953081,3.8187108282864943,4.137164559405029,4.019381523748645,3.4440173788450834,0.6753425559264385,4.42484663185681,0.691153161953081,3.914021008090819,0.691153161953081,4.019381523748645,4.019381523748645])",0.0
F124,"['bank', 'test', 'education', 'ability', 'low', 'give.', 'summer', 'pull', 'actually', 'adult', 'tree.', 'true', 'style', 'fear', 'community', 'thousand.', '—', 'shocking', 'claims', 'flat', 'earth', 'surface', 'internet.']","(10000,[72,503,2918,3681,5530,5850,6444,6447,6586,6597,7188,7281,7936,8000,8174,8338,8411,8759,8982,9357,9481,9513,9676],[4.270695952029551,0.691153161953081,3.0385522707369192,4.42484663185681,4.607168188650764,0.691153161953081,5.117993812416755,4.137164559405029,4.270695952029551,3.8187108282864943,4.42484663185681,0.6753425559264385,0.691153161953081,3.8187108282864943,4.137164559405029,0.691153161953081,3.577548771469606,4.830311739964974,4.607168188650764,5.523458920524919,4.607168188650764,3.577548771469606,3.0385522707369192])",0.0
R071,"['meet', 'long', 'marriage', 'require', 'shoulder', 'type.', 'present', 'time', 'health', 'apply.', 'order', 'agree', 'civil', 'thing', 'although', 'ahead', 'media.', 'experts', 'discuss', 'ongoing', 'developments', 'budget', 'report.']","(10000,[593,1226,1392,3248,3614,3857,4506,4687,4991,5432,6229,6756,6925,7779,8130,8157,8268,8449,8805,8904,9462,9700,9940],[3.6516567436233283,4.137164559405029,5.117993812416755,5.117993812416755,0.667530016189645,4.270695952029551,0.691153161953081,0.691153161953081,2.6902455764687034,2.7200985396183848,3.8187108282864943,3.577548771469606,3.914021008090819,3.7316994512968646,3.8187108282864943,4.42484663185681,3.383392757028649,4.270695952029551,4.137164559405029,4.270695952029551,0.691153161953081,5.523458920524919,4.270695952029551])",1.0
R152,"['see', 'better', 'camera', 'sea', 'power', 'worker.', 'hold', 'land', 'body', 'agree', 'charge', 'light.', 'experts', 'discuss', 'ongoing', 'developments', 'budget', 'report.']","(10000,[841,1650,2389,2543,3056,3614,4390,4506,4687,4991,5354,5371,5432,6812,6925,7148,9462,9617],[4.607168188650764,4.019381523748645,4.42484663185681,3.3262343431887,4.019381523748645,0.667530016189645,5.117993812416755,0.691153161953081,0.691153161953081,2.6902455764687034,4.42484663185681,4.830311739964974,2.7200985396183848,4.607168188650764,3.914021008090819,4.019381523748645,0.691153161953081,4.270695952029551])",1.0
F038,"['often', 'vote', 'many', 'news.', 'sign', 'field', 'beautiful', 'financial', 'activity', 'wonder.', '—', 'shocking', 'claims', 'mind', 'control', 'surface', 'internet.']","(10000,[7,503,1195,1208,1273,3184,5188,5850,6756,7074,7281,7407,7936,8110,8338,8509,9214],[4.137164559405029,0.691153161953081,4.137164559405029,2.7826188965997183,4.019381523748645,2.7508701982851385,4.270695952029551,0.691153161953081,3.577548771469606,3.4440173788450834,0.6753425559264385,3.914021008090819,0.691153161953081,4.42484663185681,0.691153161953081,4.830311739964974,4.270695952029551])",0.0
F101,"['water', 'hope', 'mother', 'choose.', 'someone', 'type', 'past.', '—', 'shocking', 'claims', 'immortal', 'jellyfish', 'surface', 'internet.']","(10000,[354,503,2066,2589,3308,3526,3671,4333,5850,6000,7281,7936,8338,9876],[3.577548771469606,0.691153161953081,2.7508701982851385,3.577548771469606,4.830311739964974,4.270695952029551,4.270695952029551,5.523458920524919,0.691153161953081,4.019381523748645,0.6753425559264385,0.691153161953081,0.691153161953081,2.7508701982851385])",0.0
F203,"['drug', 'image', 'organization', 'tend.', 'outside', 'skin', 'board', 'son', 'simply.', 'cut', 'day', 'include.', 'international', 'agent', 'happy', 'news', 'break.', '—', 'shocking', 'claims', 'celebrity', 'scandal', 'surface', 'internet.']","(10000,[188,209,503,816,1206,1364,2433,3486,4921,5016,5303,5347,5797,5833,5850,7281,7454,7860,7936,8338,8403,8568,9133,9640],[4.270695952029551,4.830311739964974,0.691153161953081,5.117993812416755,4.019381523748645,4.42484663185681,4.137164559405029,2.849310271098391,2.849310271098391,4.270695952029551,4.607168188650764,4.137164559405029,5.117993812416755,4.270695952029551,0.691153161953081,0.6753425559264385,4.42484663185681,2.7826188965997183,0.691153161953081,0.691153161953081,5.523458920524919,4.137164559405029,4.42484663185681,5.117993812416755])",0.0
F192,"['every', 'wait', 'another', 'behind', 'direction', 'simple', 'plan.', '—', 'shocking', 'claims', 'government', 'cover-up', 'surface', 'internet.']","(10000,[503,2259,2913,4346,5477,5850,7281,7936,8166,8338,8554,9087,9681,9813],[0.691153161953081,2.8154087194227095,3.5085558999826545,4.019381523748645,4.42484663185681,0.691153161953081,0.6753425559264385,0.691153161953081,3.914021008090819,0.691153161953081,4.830311739964974,5.117993812416755,4.42484663185681,2.997730276216664])",0.0
R189,"['go', 'attention', 'couple', 'clearly', 'response', 'still.', 'condition', 'society', 'well.', 'experts', 'discuss', 'ongoing', 'developments', 'climate', 'change.']","(10000,[327,821,1649,2059,2445,3144,3614,4506,4687,5328,6451,7702,8238,8833,9462],[4.270695952029551,2.849310271098391,4.42484663185681,2.60568818844064,4.137164559405029,3.7316994512968646,0.667530016189645,0.691153161953081,0.691153161953081,3.5085558999826545,3.6516567436233283,4.607168188650764,4.137164559405029,5.523458920524919,0.691153161953081])",1.0
R098,"['security', 'east', 'water', 'thus', 'government', 'response.', 'experts', 'discuss', 'ongoing', 'developments', 'election.']","(10000,[1868,2259,2589,2634,3556,3614,4506,4687,5684,6576,9462],[5.523458920524919,2.8154087194227095,3.577548771469606,3.8187108282864943,2.8844015909096608,0.667530016189645,0.691153161953081,0.691153161953081,5.523458920524919,4.137164559405029,0.691153161953081])",1.0
R149,"['question', 'magazine', 'million', 'strategy', 'put.', 'science', 'movie', 'light', 'compare', 'arm.', 'one', 'term', 'business.', 'experts', 'discuss', 'ongoing', 'developments', 'economic', 'growth.']","(10000,[815,1439,1720,2188,2291,2947,3363,3614,4506,4546,4687,5476,8413,8497,8651,9034,9144,9246,9462],[4.42484663185681,4.019381523748645,4.42484663185681,4.830311739964974,4.019381523748645,4.137164559405029,4.270695952029551,0.667530016189645,0.691153161953081,5.523458920524919,0.691153161953081,5.523458920524919,3.914021008090819,4.830311739964974,4.42484663185681,2.920769235080536,2.7508701982851385,4.137164559405029,0.691153161953081])",1.0
R046,"['point', 'call', 'big', 'toward', 'claim', 'these.', 'later', 'thing', 'his.', 'unit', 'contain', 'safe', 'according', 'case', 'artist.', 'experts', 'discuss', 'ongoing', 'developments', 'education.']","(10000,[560,3048,3194,3614,3754,3857,4416,4506,4687,5047,5146,5678,6335,6342,7117,7493,7564,7642,8937,9462],[4.270695952029551,4.42484663185681,4.270695952029551,0.667530016189645,4.607168188650764,4.270695952029551,4.270695952029551,0.691153161953081,0.691153161953081,2.6902455764687034,4.270695952029551,4.830311739964974,4.830311739964974,3.914021008090819,4.830311739964974,4.270695952029551,4.019381523748645,3.8187108282864943,3.914021008090819,0.691153161953081])",1.0
F055,"['loss', 'realize', 'foot', 'friend', 'beat.', 'evening', 'relationship.', 'indeed', 'wear', 'half', 'use', 'election', 'financial.', 'color', 'teach', 'forward', 'something', 'money.', '—', 'shocking', 'claims', 'hoax', 'surface', 'internet.']","(10000,[25,132,488,503,1109,1320,1582,1780,4377,4934,5133,5286,5329,5850,6581,7281,7890,7936,8338,8411,8522,9612,9826,9832],[5.523458920524919,4.42484663185681,3.914021008090819,0.691153161953081,5.523458920524919,5.117993812416755,4.019381523748645,4.607168188650764,2.60568818844064,4.42484663185681,3.8187108282864943,4.137164559405029,4.019381523748645,0.691153161953081,4.42484663185681,0.6753425559264385,4.137164559405029,0.691153161953081,0.691153161953081,3.577548771469606,4.270695952029551,4.830311739964974,3.8187108282864943,4.830311739964974])",0.0
F159,"['follow', 'discuss', 'take', 'republican', 'better', 'simple', 'how.', 'significant', 'face', 'wife', 'theory', 'public', 'go.', '—', 'shocking', 'claims', 'flat', 'earth', 'surface', 'internet.']","(10000,[503,855,1468,1770,2543,2913,2918,3021,3614,4034,4616,4702,5850,6021,7281,7936,8338,8552,9367,9676],[0.691153161953081,4.019381523748645,4.270695952029551,2.8844015909096608,3.3262343431887,3.5085558999826545,3.0385522707369192,5.117993812416755,0.667530016189645,4.270695952029551,3.6516567436233283,4.42484663185681,0.691153161953081,4.42484663185681,0.6753425559264385,0.691153161953081,0.691153161953081,4.42484663185681,4.019381523748645,3.0385522707369192])",0.0
F083,"['last', 'room', 'impact', 'continue', 'image', 'break.', 'may', 'anyone', 'really', 'structure.', '—', 'shocking', 'claims', 'secret', 'cure', 'surface', 'internet.']","(10000,[494,503,666,743,1972,3892,3989,4112,5303,5392,5850,6747,7281,7936,8338,9160,9640],[4.270695952029551,0.691153161953081,4.607168188650764,4.42484663185681,4.019381523748645,2.5530444549552183,4.270695952029551,4.137164559405029,4.607168188650764,4.830311739964974,0.691153161953081,2.5530444549552183,0.6753425559264385,0.691153161953081,0.691153161953081,4.607168188650764,5.117993812416755])",0.0
R109,"['occur', 'bring', 'view', 'reduce', 'candidate', 'game.', 'phone', 'explain', 'contain', 'fill.', 'experts', 'discuss', 'ongoing', 'developments', 'education.']","(10000,[453,1626,1921,3057,3614,4358,4506,4687,5047,5341,5498,7293,7493,8159,9462],[4.270695952029551,4.137164559405029,4.607168188650764,4.270695952029551,0.667530016189645,4.42484663185681,0.691153161953081,0.691153161953081,2.6902455764687034,4.019381523748645,5.523458920524919,4.830311739964974,4.270695952029551,3.4440173788450834,0.691153161953081])",1.0
R102,"['peace', 'ten', 'either', 'business', 'risk', 'question', 'hit.', 'use', 'father', 'tree', 'us', 'his.', 'experts', 'discuss', 'ongoing', 'developments', 'climate', 'change.']","(10000,[821,885,1800,2059,2947,3614,3754,4506,4687,5085,5133,5374,5871,6660,6697,8794,9126,9462],[2.849310271098391,5.117993812416755,4.137164559405029,2.60568818844064,4.137164559405029,0.667530016189645,4.607168188650764,0.691153161953081,0.691153161953081,3.5085558999826545,3.8187108282864943,4.137164559405029,4.137164559405029,4.270695952029551,4.137164559405029,4.137164559405029,4.42484663185681,0.691153161953081])",1.0
R060,"['campaign', 'wish', 'culture.', 'establish', 'plant', 'road', 'add', 'vote.', 'experts', 'discuss', 'ongoing', 'developments', 'election.']","(10000,[495,2923,3556,3614,4506,4687,5703,5725,6675,6878,7244,9462,9887],[4.137164559405029,4.137164559405029,2.8844015909096608,0.667530016189645,0.691153161953081,0.691153161953081,5.523458920524919,4.42484663185681,4.42484663185681,4.830311739964974,3.4440173788450834,0.691153161953081,5.117993812416755])",1.0
F085,"['near', 'market', 'skill', 'trouble', 'catch.', 'specific', 'bring', 'fast', 'tell.', 'include', 'act', 'still', 'worker', 'one', 'investment.', '—', 'shocking', 'claims', 'secret', 'cure', 'surface', 'internet.']","(10000,[503,815,1734,2059,2657,2676,2909,2953,3057,3712,3892,5850,5974,6426,6747,6928,7281,7936,8338,9083,9263,9968],[0.691153161953081,4.42484663185681,5.523458920524919,2.60568818844064,3.2721671219184243,4.607168188650764,4.830311739964974,3.914021008090819,4.270695952029551,4.270695952029551,2.5530444549552183,0.691153161953081,3.7316994512968646,5.117993812416755,2.5530444549552183,4.137164559405029,0.6753425559264385,0.691153161953081,0.691153161953081,5.523458920524919,3.8187108282864943,3.914021008090819])",0.0
F188,"['money', 'bring', 'magazine', 'each.', 'seem', 'republican', 'call', 'issue', 'edge', 'under.', '—', 'shocking', 'claims', 'hoax', 'surface', 'internet.']","(10000,[503,2588,3057,3921,4377,4616,5146,5850,6021,6103,6616,7281,7936,8338,8413,9782],[0.691153161953081,4.137164559405029,4.270695952029551,3.7316994512968646,2.60568818844064,3.6516567436233283,4.270695952029551,0.691153161953081,4.42484663185681,4.137164559405029,4.270695952029551,0.6753425559264385,0.691153161953081,0.691153161953081,3.914021008090819,5.523458920524919])",0.0
F131,"['together', 'whether', 'factor.', 'large', 'well', 'station', 'parent', 'level.', 'strong', 'guy', 'boy.', '—', 'shocking', 'claims', 'hoax', 'surface', 'internet.']","(10000,[94,157,503,3406,4377,5416,5850,6355,7022,7281,7936,8046,8312,8338,8415,9121,9932],[4.830311739964974,3.5085558999826545,0.691153161953081,4.019381523748645,2.60568818844064,5.117993812416755,0.691153161953081,4.137164559405029,4.42484663185681,0.6753425559264385,0.691153161953081,5.117993812416755,4.137164559405029,0.691153161953081,4.607168188650764,5.523458920524919,4.137164559405029])",0.0
R202,"['per', 'region', 'single', 'either', 'size.', 'market', 'ask', 'maintain.', 'experts', 'discuss', 'ongoing', 'developments', 'public', 'health.']","(10000,[298,1770,2657,3507,3614,4506,4687,6219,6475,6532,7889,8159,9126,9462],[4.137164559405029,2.8844015909096608,3.2721671219184243,4.270695952029551,0.667530016189645,0.691153161953081,0.691153161953081,3.172083663361442,5.523458920524919,4.42484663185681,4.830311739964974,3.4440173788450834,4.42484663185681,0.691153161953081])",1.0
F111,"['place', 'black', 'pressure', 'address', 'current', 'interest.', 'edge', 'many', 'probably', 'war', 'teacher.', '—', 'shocking', 'claims', 'celebrity', 'scandal', 'surface', 'internet.']","(10000,[503,1511,1948,2297,3486,3921,4454,4921,5188,5500,5661,5850,6390,7281,7936,8338,8719,9189],[0.691153161953081,5.523458920524919,3.7316994512968646,4.270695952029551,2.849310271098391,3.7316994512968646,4.607168188650764,2.849310271098391,4.270695952029551,5.117993812416755,4.607168188650764,0.691153161953081,4.42484663185681,0.6753425559264385,0.691153161953081,0.691153161953081,4.42484663185681,4.137164559405029])",0.0
R151,"['fact', 'leg', 'adult', 'keep', 'accept', 'stop', 'commercial.', 'hope', 'something', 'might', 'history', 'wide', 'cause', 'after.', 'side', 'attention', 'people', 'matter', 'performance', 'staff', 'consumer.', 'experts', 'discuss', 'ongoing', 'developments', 'policy.']","(10000,[72,316,796,2039,2402,2657,2836,3144,3614,3924,4263,4506,4613,4687,5094,6000,6224,6290,6543,6944,7215,9351,9462,9594,9781,9826],[4.270695952029551,3.8187108282864943,3.914021008090819,5.523458920524919,4.019381523748645,3.2721671219184243,4.42484663185681,3.7316994512968646,0.667530016189645,4.270695952029551,4.270695952029551,0.691153161953081,4.830311739964974,0.691153161953081,5.117993812416755,4.019381523748645,4.830311739964974,4.019381523748645,4.019381523748645,2.8154087194227095,4.42484663185681,4.42484663185681,0.691153161953081,4.137164559405029,4.607168188650764,3.8187108282864943])",1.0
F058,"['style', 'soldier', 'player', 'beat.', '—', 'shocking', 'claims', 'government', 'cover-up', 'surface', 'internet.']","(10000,[503,2259,4141,5850,6604,7281,7936,8000,8338,9612,9813],[0.691153161953081,2.8154087194227095,4.42484663185681,0.691153161953081,4.019381523748645,0.6753425559264385,0.691153161953081,3.8187108282864943,0.691153161953081,4.830311739964974,2.997730276216664])",0.0
R164,"['cell', 'development', 'even', 'popular', 'hard.', 'official', 'drive', 'rock', 'certain', 'computer', 'safe.', 'inside', 'mind', 'sea', 'many', 'begin.', 'experts', 'discuss', 'ongoing', 'developments', 'education.']","(10000,[574,2091,2117,2871,3184,3210,3614,4506,4687,5047,5188,6148,6325,6406,7274,8151,8485,9066,9288,9462,9617],[3.914021008090819,5.117993812416755,4.830311739964974,3.914021008090819,2.7508701982851385,3.8187108282864943,0.667530016189645,0.691153161953081,0.691153161953081,2.6902455764687034,4.270695952029551,4.270695952029551,3.8187108282864943,3.914021008090819,5.117993812416755,4.019381523748645,4.270695952029551,4.019381523748645,3.8187108282864943,0.691153161953081,4.270695952029551])",1.0
F242,"['school', 'stop', 'yeah', 'event.', 'entire', 'somebody', 'clearly', 'without.', 'federal', 'court', 'talk', 'discussion.', 'season', 'another', 'conference', 'investment', 'successful', 'service.', '—', 'shocking', 'claims', 'celebrity', 'scandal', 'surface', 'internet.']","(10000,[503,633,796,1562,2358,2679,3089,3249,3486,3804,4079,4221,4568,4921,5279,5657,5659,5850,7281,7936,8166,8238,8338,8824,8925],[0.691153161953081,3.914021008090819,3.914021008090819,4.607168188650764,4.270695952029551,4.42484663185681,4.42484663185681,3.6516567436233283,2.849310271098391,5.523458920524919,4.607168188650764,5.117993812416755,4.42484663185681,2.849310271098391,5.117993812416755,4.42484663185681,3.914021008090819,0.691153161953081,0.6753425559264385,0.691153161953081,3.914021008090819,4.137164559405029,0.691153161953081,4.42484663185681,4.607168188650764])",0.0
F064,"['check', 'perhaps', 'well', 'even', 'number', 'you.', 'plan', 'challenge', 'appear', 'interest', 'music', 'movement', 'weight.', 'gas', 'attorney', 'forget.', '—', 'shocking', 'claims', 'mind', 'control', 'surface', 'internet.']","(10000,[4,70,157,288,497,503,1208,1259,3184,3901,4853,5294,5607,5850,5935,6123,6370,6406,7281,7936,8182,8338,8519],[5.523458920524919,4.607168188650764,3.5085558999826545,5.117993812416755,4.830311739964974,0.691153161953081,2.7826188965997183,4.830311739964974,2.7508701982851385,4.270695952029551,3.6516567436233283,4.830311739964974,4.137164559405029,0.691153161953081,4.607168188650764,4.830311739964974,3.914021008090819,3.914021008090819,0.6753425559264385,0.691153161953081,3.8187108282864943,0.691153161953081,3.914021008090819])",0.0
R228,"['week', 'throw', 'year', 'full', 'style', 'year.', 'draw', 'meet', 'weight', 'information.', 'experts', 'discuss', 'ongoing', 'developments', 'education.']","(10000,[3614,4506,4687,5047,5122,5955,7517,8000,8004,8167,8325,8897,8899,9462,9940],[0.667530016189645,0.691153161953081,0.691153161953081,2.6902455764687034,4.270695952029551,5.117993812416755,4.830311739964974,3.8187108282864943,4.019381523748645,4.270695952029551,4.42484663185681,4.830311739964974,4.830311739964974,0.691153161953081,4.270695952029551])",1.0
R210,"['agree', 'hundred', 'offer', 'personal.', 'ready', 'organization', 'leg', 'usually', 'appear', 'something.', 'along', 'short', 'health', 'bank', 'as.', 'experts', 'discuss', 'ongoing', 'developments', 'economic', 'growth.']","(10000,[1262,1364,2840,2958,2990,3614,4240,4404,4506,4687,5175,6035,6290,6557,6925,8182,8805,8982,9034,9144,9462],[4.270695952029551,4.42484663185681,4.270695952029551,4.42484663185681,4.270695952029551,0.667530016189645,4.42484663185681,4.607168188650764,0.691153161953081,0.691153161953081,4.42484663185681,4.019381523748645,4.019381523748645,4.830311739964974,3.914021008090819,3.8187108282864943,4.137164559405029,4.607168188650764,2.920769235080536,2.7508701982851385,0.691153161953081])",1.0
R156,"['value', 'training', 'run', 'must', 'claim.', 'detail', 'describe', 'everyone', 'safe.', 'officer', 'seek', 'space', 'theory', 'government', 'whole.', 'experts', 'discuss', 'ongoing', 'developments', 'policy.']","(10000,[171,266,696,1023,1143,1468,1876,2091,2259,3073,3614,4506,4687,6944,7085,7403,7538,8893,9188,9462],[3.577548771469606,4.42484663185681,4.42484663185681,3.914021008090819,4.270695952029551,4.270695952029551,5.523458920524919,5.117993812416755,2.8154087194227095,4.607168188650764,0.667530016189645,0.691153161953081,0.691153161953081,2.8154087194227095,4.270695952029551,4.137164559405029,4.019381523748645,5.117993812416755,4.42484663185681,0.691153161953081])",1.0
R192,"['imagine', 'wonder', 'age', 'item', 'exist', 'out.', 'experts', 'discuss', 'ongoing', 'developments', 'climate', 'change.']","(10000,[821,1916,2059,3614,4506,4687,4723,5301,5778,6602,8791,9462],[2.849310271098391,4.270695952029551,2.60568818844064,0.667530016189645,0.691153161953081,0.691153161953081,4.137164559405029,4.019381523748645,5.117993812416755,5.523458920524919,4.019381523748645,0.691153161953081])",1.0
F102,"['often', 'seek', 'model.', 'drive', 'yes', 'apply', 'resource', 'wind.', 'century', 'newspaper', 'painting', 'write', 'brother.', 'pressure', 'weight', 'commercial', 'mention', 'second', 'describe.', '—', 'shocking', 'claims', 'government', 'cover-up', 'surface', 'internet.']","(10000,[7,171,503,1034,1670,1978,2259,2907,3238,5044,5098,5445,5661,5850,6325,6443,7281,7309,7312,7841,7936,8004,8338,9156,9256,9813],[4.137164559405029,3.577548771469606,0.691153161953081,5.117993812416755,4.270695952029551,4.830311739964974,2.8154087194227095,4.270695952029551,3.914021008090819,4.270695952029551,4.830311739964974,4.137164559405029,4.607168188650764,0.691153161953081,3.8187108282864943,3.6516567436233283,0.6753425559264385,5.523458920524919,4.42484663185681,4.270695952029551,0.691153161953081,4.019381523748645,0.691153161953081,4.019381523748645,4.270695952029551,2.997730276216664])",0.0
R237,"['address', 'check', 'maintain', 'officer.', 'experts', 'discuss', 'ongoing', 'developments', 'election.']","(10000,[3556,3614,3901,4454,4506,4687,5247,6511,9462],[2.8844015909096608,0.667530016189645,4.270695952029551,4.607168188650764,0.691153161953081,0.691153161953081,4.42484663185681,5.117993812416755,0.691153161953081])",1.0
F015,"['outside', 'program', 'table', 'police', 'image.', 'care', 'argue', 'night', 'help.', 'put', 'writer', 'various.', '—', 'shocking', 'claims', 'immortal', 'jellyfish', 'surface', 'internet.']","(10000,[503,573,2066,3730,3876,3931,3952,5310,5850,6584,6869,6906,7281,7936,8338,8568,8871,9604,9876],[0.691153161953081,4.607168188650764,2.7508701982851385,4.137164559405029,4.42484663185681,3.4440173788450834,4.830311739964974,3.6516567436233283,0.691153161953081,5.523458920524919,4.019381523748645,4.42484663185681,0.6753425559264385,0.691153161953081,0.691153161953081,4.137164559405029,4.830311739964974,5.523458920524919,2.7508701982851385])",0.0
F020,"['rate', 'nice', 'age', 'future', 'yeah', 'control', 'sense.', 'sort', 'sense', 'half.', 'smile', 'pull', 'sort', 'probably', 'scene', 'compare.', 'drive', 'head', 'choice', 'threat', 'probably', 'scene', 'full.', '—', 'shocking', 'claims', 'celebrity', 'scandal', 'surface', 'internet.']","(10000,[253,353,503,1064,1208,2297,2713,3249,3370,3486,4062,4570,4921,5447,5720,5844,5850,6053,6325,6488,6597,7281,7936,8070,8338,8791,8993],[4.270695952029551,3.8187108282864943,0.691153161953081,4.270695952029551,2.7826188965997183,8.541391904059102,4.019381523748645,3.6516567436233283,4.270695952029551,2.849310271098391,5.117993812416755,4.830311739964974,2.849310271098391,3.6516567436233283,8.541391904059102,7.828042016181638,0.691153161953081,3.4440173788450834,3.8187108282864943,4.270695952029551,3.8187108282864943,0.6753425559264385,0.691153161953081,4.607168188650764,0.691153161953081,4.019381523748645,5.117993812416755])",0.0
R083,"['field', 'relate', 'indicate', 'authority.', 'physical', 'sign', 'cup', 'child', 'take', 'despite', 'open.', 'ago', 'matter', 'international', 'mrs', 'enter', 'third.', 'experts', 'discuss', 'ongoing', 'developments', 'election.']","(10000,[188,855,988,1301,1896,2006,2402,3059,3556,3614,4506,4687,6485,6756,7074,7244,7381,7435,8151,8649,9462,9751],[4.270695952029551,4.019381523748645,4.607168188650764,4.607168188650764,3.914021008090819,4.270695952029551,4.019381523748645,4.019381523748645,2.8844015909096608,0.667530016189645,0.691153161953081,0.691153161953081,4.270695952029551,3.577548771469606,3.4440173788450834,3.4440173788450834,4.607168188650764,4.607168188650764,4.019381523748645,3.6516567436233283,0.691153161953081,4.019381523748645])",1.0
F035,"['modern', 'cut', 'table', 'yard', 'happen', 'drug.', 'feeling', 'buy', 'force.', 'fund', 'month', 'decide.', '—', 'shocking', 'claims', 'hoax', 'surface', 'internet.']","(10000,[80,424,503,613,1206,2336,3931,3980,4310,4377,4638,4704,5741,5850,6291,7281,7936,8338],[4.42484663185681,4.270695952029551,0.691153161953081,5.523458920524919,4.019381523748645,3.914021008090819,3.4440173788450834,5.117993812416755,5.523458920524919,2.60568818844064,4.270695952029551,3.8187108282864943,4.607168188650764,0.691153161953081,4.607168188650764,0.6753425559264385,0.691153161953081,0.691153161953081])",0.0
R082,"['minute', 'ten', 'game', 'wrong', 'bed', 'student.', 'experts', 'discuss', 'ongoing', 'developments', 'budget', 'report.']","(10000,[1099,3357,3614,4506,4687,4991,5085,5432,6512,8975,9462,9497],[5.117993812416755,4.830311739964974,0.667530016189645,0.691153161953081,0.691153161953081,2.6902455764687034,3.5085558999826545,2.7200985396183848,4.019381523748645,4.830311739964974,0.691153161953081,4.270695952029551])",1.0
F114,"['perform', 'store', 'pull', 'him.', 'various', 'black', 'important', 'television', 'knowledge.', '—', 'shocking', 'claims', 'mind', 'control', 'surface', 'internet.']","(10000,[503,1098,1208,1948,1967,3184,3351,5850,6597,6647,6805,7184,7281,7936,8338,8713],[0.691153161953081,4.270695952029551,2.7826188965997183,3.7316994512968646,4.607168188650764,2.7508701982851385,5.523458920524919,0.691153161953081,3.8187108282864943,4.270695952029551,5.117993812416755,4.137164559405029,0.6753425559264385,0.691153161953081,0.691153161953081,4.607168188650764])",0.0
F179,"['room', 'quality', 'never', 'year.', 'follow', 'risk', 'condition.', '—', 'shocking', 'claims', 'secret', 'cure', 'surface', 'internet.']","(10000,[281,494,503,3506,3892,5850,6747,7281,7517,7723,7936,8338,8794,9367],[4.607168188650764,4.270695952029551,0.691153161953081,3.8187108282864943,2.5530444549552183,0.691153161953081,2.5530444549552183,0.6753425559264385,4.830311739964974,4.607168188650764,0.691153161953081,0.691153161953081,4.137164559405029,4.019381523748645])",0.0
F026,"['job', 'tv', 'physical', 'question', 'increase', 'view.', 'reveal', 'hot', 'measure', 'fast', 'choose', 'move.', '—', 'shocking', 'claims', 'celebrity', 'scandal', 'surface', 'internet.']","(10000,[503,528,557,1507,2947,3486,4547,4921,5760,5850,5972,7281,7936,7963,8338,8649,9263,9693,9706],[0.691153161953081,4.270695952029551,4.42484663185681,3.6516567436233283,4.137164559405029,2.849310271098391,4.830311739964974,2.849310271098391,4.607168188650764,0.691153161953081,5.523458920524919,0.6753425559264385,0.691153161953081,3.914021008090819,0.691153161953081,3.6516567436233283,3.8187108282864943,4.137164559405029,4.270695952029551])",0.0
R217,"['value', 'car', 'strategy', 'tend', 'court.', 'ever', 'safe', 'woman', 'ten', 'nor.', 'blood', 'allow', 'arrive', 'newspaper', 'go', 'race.', 'experts', 'discuss', 'ongoing', 'developments', 'election.']","(10000,[320,481,1810,2291,2359,3238,3556,3614,3674,4506,4563,4687,4835,5085,5594,6451,7391,7403,7642,8439,9462],[3.8187108282864943,5.117993812416755,3.914021008090819,4.019381523748645,4.607168188650764,3.914021008090819,2.8844015909096608,0.667530016189645,4.137164559405029,0.691153161953081,4.42484663185681,0.691153161953081,4.137164559405029,3.5085558999826545,4.137164559405029,3.6516567436233283,3.914021008090819,4.137164559405029,3.8187108282864943,5.117993812416755,0.691153161953081])",1.0
F009,"['player', 'total', 'throughout.', 'per', 'building', 'control', 'listen.', 'spend', 'scene', 'see', 'senior.', '—', 'shocking', 'claims', 'celebrity', 'scandal', 'surface', 'internet.']","(10000,[298,353,503,1208,2622,2826,3486,4921,5354,5844,5850,5852,6279,6604,7281,7936,8338,8438],[4.137164559405029,3.8187108282864943,0.691153161953081,2.7826188965997183,5.523458920524919,5.523458920524919,2.849310271098391,2.849310271098391,4.42484663185681,3.914021008090819,0.691153161953081,4.42484663185681,3.8187108282864943,4.019381523748645,0.6753425559264385,0.691153161953081,0.691153161953081,5.523458920524919])",0.0
F240,"['seven', 'leave', 'activity', 'trouble', 'sort.', 'still', 'well', 'camera.', 'suffer', 'boy', 'trade', 'garden', 'blue.', '—', 'shocking', 'claims', 'aliens', 'surface', 'internet.']","(10000,[157,419,503,650,2722,2909,2913,3192,3712,5850,5936,6135,7281,7850,7936,8110,8338,9311],[7.017111799965309,4.42484663185681,0.691153161953081,2.958509563063383,4.830311739964974,4.830311739964974,3.5085558999826545,4.137164559405029,4.270695952029551,0.691153161953081,4.270695952029551,4.270695952029551,0.6753425559264385,4.830311739964974,0.691153161953081,4.42484663185681,0.691153161953081,4.607168188650764])",0.0
R216,"['others', 'still', 'join.', 'way', 'conference', 'economic', 'really.', 'republican', 'student', 'rise', 'situation.', 'experts', 'discuss', 'ongoing', 'developments', 'research.']","(10000,[477,3536,3614,3712,4506,4616,4687,4816,5657,6940,6959,7066,9144,9391,9462,9994],[5.523458920524919,4.607168188650764,0.667530016189645,4.270695952029551,0.691153161953081,3.6516567436233283,0.691153161953081,3.5085558999826545,4.42484663185681,4.137164559405029,5.117993812416755,2.7826188965997183,2.7508701982851385,4.270695952029551,0.691153161953081,4.830311739964974])",1.0
F129,"['dream', 'section', 'night', 'company', 'everything.', '—', 'shocking', 'claims', 'flat', 'earth', 'surface', 'internet.']","(10000,[503,942,2366,2918,4442,5850,6869,6968,7281,7936,8338,9676],[0.691153161953081,4.019381523748645,4.137164559405029,3.0385522707369192,4.830311739964974,0.691153161953081,4.019381523748645,4.019381523748645,0.6753425559264385,0.691153161953081,0.691153161953081,3.0385522707369192])",0.0
R197,"['show', 'school', 'whole', 'program', 'process', 'take.', 'kitchen', 'benefit', 'laugh', 'ago', 'film', 'store.', 'marriage', 'design', 'soldier', 'wonder.', 'contain', 'trade', 'point.', 'experts', 'discuss', 'ongoing', 'developments', 'education.']","(10000,[419,454,573,627,756,1896,2679,3614,3922,4019,4141,4357,4506,4687,5003,5047,5653,6229,7098,7443,7493,8040,8509,9462],[4.42484663185681,4.42484663185681,4.607168188650764,4.019381523748645,4.42484663185681,3.914021008090819,4.42484663185681,0.667530016189645,4.42484663185681,4.270695952029551,4.42484663185681,4.830311739964974,0.691153161953081,0.691153161953081,4.42484663185681,2.6902455764687034,4.137164559405029,3.8187108282864943,4.270695952029551,5.523458920524919,4.270695952029551,3.6516567436233283,4.830311739964974,0.691153161953081])",1.0
F142,"['act', 'think', 'various', 'detail.', 'bed', 'conference', 'or.', 'ground', 'brother', 'side', 'hard.', '—', 'shocking', 'claims', 'government', 'cover-up', 'surface', 'internet.']","(10000,[291,503,2117,2259,2335,2336,5657,5850,6487,6647,6928,7281,7936,8338,9497,9718,9781,9813],[4.607168188650764,0.691153161953081,4.830311739964974,2.8154087194227095,4.830311739964974,3.914021008090819,4.42484663185681,0.691153161953081,3.5085558999826545,4.270695952029551,4.137164559405029,0.6753425559264385,0.691153161953081,0.691153161953081,4.270695952029551,5.523458920524919,4.607168188650764,2.997730276216664])",0.0
R140,"['treat', 'short', 'commercial', 'learn', 'citizen', 'back.', 'example', 'occur', 'newspaper', 'power.', 'window', 'must', 'evidence', 'school', 'upon.', 'experts', 'discuss', 'ongoing', 'developments', 'climate', 'change.']","(10000,[8,821,1023,1029,1262,1921,2054,2059,2110,2403,2679,3238,3614,4506,4687,5087,5967,6443,8750,9462,9606],[4.137164559405029,2.849310271098391,3.914021008090819,4.137164559405029,4.270695952029551,4.607168188650764,4.137164559405029,2.60568818844064,4.830311739964974,3.6516567436233283,4.42484663185681,3.914021008090819,0.667530016189645,0.691153161953081,0.691153161953081,4.607168188650764,4.270695952029551,3.6516567436233283,4.607168188650764,0.691153161953081,3.7316994512968646])",1.0
R165,"['wrong', 'wonder', 'reach', 'continue.', 'campaign', 'agreement', 'wonder', 'series', 'leader', 'edge', 'foreign.', 'response', 'listen', 'eat', 'south', 'force', 'car', 'authority.', 'may', 'money', 'better', 'piece', 'evening.', 'experts', 'discuss', 'ongoing', 'developments', 'budget', 'report.']","(10000,[391,429,1526,2006,2445,2543,3133,3614,3674,3822,3921,4011,4463,4506,4687,4723,4816,4991,5432,6103,6221,6512,6675,7276,8386,8413,9160,9462],[3.7316994512968646,4.270695952029551,4.019381523748645,4.270695952029551,4.137164559405029,3.3262343431887,4.42484663185681,0.667530016189645,4.137164559405029,4.830311739964974,3.7316994512968646,5.117993812416755,4.270695952029551,0.691153161953081,0.691153161953081,8.274329118810059,3.5085558999826545,2.6902455764687034,2.7200985396183848,4.137164559405029,4.830311739964974,4.019381523748645,4.42484663185681,3.8187108282864943,4.607168188650764,3.914021008090819,4.607168188650764,0.691153161953081])",1.0
R139,"['leader', 'measure', 'guy', 'performance', 'radio.', 'politics', 'billion', 'around', 'very.', 'experts', 'discuss', 'ongoing', 'developments', 'education.']","(10000,[94,258,528,1526,3614,4506,4687,5047,5887,6197,6466,9032,9351,9462],[4.830311739964974,4.137164559405029,4.270695952029551,4.019381523748645,0.667530016189645,0.691153161953081,0.691153161953081,2.6902455764687034,4.42484663185681,3.914021008090819,4.830311739964974,4.830311739964974,4.42484663185681,0.691153161953081])",1.0
F232,"['bed', 'short', 'ground', 'behavior', 'bar', 'authority', 'present.', 'world', 'hold', 'open', 'century', 'share', 'through.', 'bit', 'ahead', 'fact', 'buy', 'behind', 'figure.', '—', 'shocking', 'claims', 'hoax', 'surface', 'internet.']","(10000,[80,503,735,781,1176,1262,1989,2389,3816,3947,4247,4346,4377,5783,5850,6487,7215,7281,7332,7841,7936,8268,8338,9360,9497],[4.42484663185681,0.691153161953081,3.914021008090819,5.117993812416755,4.137164559405029,4.270695952029551,3.914021008090819,4.42484663185681,5.523458920524919,4.137164559405029,4.607168188650764,4.019381523748645,2.60568818844064,4.019381523748645,0.691153161953081,3.5085558999826545,4.42484663185681,0.6753425559264385,4.270695952029551,4.270695952029551,0.691153161953081,3.383392757028649,0.691153161953081,4.019381523748645,4.270695952029551])",0.0
F108,"['option', 'movement', 'loss', 'miss.', 'condition', 'research', 'line', 'account', 'manage', 'body', 'respond.', '—', 'shocking', 'claims', 'celebrity', 'scandal', 'surface', 'internet.']","(10000,[503,841,1182,3486,3916,4921,5294,5328,5329,5850,6961,7281,7883,7936,8338,9187,9432,9613],[0.691153161953081,4.607168188650764,4.607168188650764,2.849310271098391,5.523458920524919,2.849310271098391,4.830311739964974,3.5085558999826545,4.019381523748645,0.691153161953081,5.117993812416755,0.6753425559264385,4.019381523748645,0.691153161953081,0.691153161953081,4.830311739964974,4.607168188650764,4.137164559405029])",0.0
F167,"['likely', 'yet', 'admit', 'discussion.', 'high', 'include', 'rather', 'fear', 'poor.', '—', 'shocking', 'claims', 'celebrity', 'scandal', 'surface', 'internet.']","(10000,[309,503,2116,2613,2837,2953,3486,4037,4079,4921,5850,7281,7936,8338,8714,9513],[4.019381523748645,0.691153161953081,3.914021008090819,5.523458920524919,4.137164559405029,3.914021008090819,2.849310271098391,4.830311739964974,4.607168188650764,2.849310271098391,0.691153161953081,0.6753425559264385,0.691153161953081,0.691153161953081,4.019381523748645,3.577548771469606])",0.0
R242,"['little', 'commercial', 'window.', 'training', 'ball', 'notice', 'half.', 'experts', 'discuss', 'ongoing', 'developments', 'research.']","(10000,[619,1525,1590,3614,4062,4506,4687,6443,7066,7492,7538,9462],[5.523458920524919,4.830311739964974,4.42484663185681,0.667530016189645,5.117993812416755,0.691153161953081,0.691153161953081,3.6516567436233283,2.7826188965997183,4.270695952029551,4.019381523748645,0.691153161953081])",1.0
F133,"['close', 'whole', 'cause', 'science.', 'include', 'school', 'director', 'identify', 'laugh', 'let.', 'simple', 'song', 'action', 'republican', 'note.', 'alone', 'speech', 'point', 'people', 'although', 'of.', '—', 'shocking', 'claims', 'immortal', 'jellyfish', 'surface', 'internet.']","(10000,[316,502,503,627,1853,2066,2492,2679,2759,2913,2953,3334,3497,3564,3967,4263,4416,4616,5850,6633,7098,7281,7350,7779,7936,8338,9599,9876],[3.8187108282864943,5.117993812416755,0.691153161953081,4.019381523748645,4.270695952029551,2.7508701982851385,4.137164559405029,4.42484663185681,5.523458920524919,3.5085558999826545,3.914021008090819,4.830311739964974,3.7316994512968646,4.830311739964974,4.830311739964974,4.270695952029551,4.270695952029551,3.6516567436233283,0.691153161953081,4.270695952029551,4.270695952029551,0.6753425559264385,4.42484663185681,3.7316994512968646,0.691153161953081,0.691153161953081,5.117993812416755,2.7508701982851385])",0.0
F025,"['gas', 'method', 'decade', 'special', 'fly', 'small.', 'management', 'four', 'take', 'arm', 'area.', '—', 'shocking', 'claims', 'flat', 'earth', 'surface', 'internet.']","(10000,[503,855,1055,1241,1243,2918,3445,3984,4105,5607,5850,5944,6015,6030,7281,7936,8338,9676],[0.691153161953081,4.019381523748645,4.830311739964974,3.4440173788450834,3.914021008090819,3.0385522707369192,5.523458920524919,4.019381523748645,5.117993812416755,4.137164559405029,0.691153161953081,4.42484663185681,4.270695952029551,4.270695952029551,0.6753425559264385,0.691153161953081,0.691153161953081,3.0385522707369192])",0.0
F093,"['participant', 'recent', 'manage', 'role', 'deep.', 'call', 'charge.', 'computer', 'store', 'property', 'western', 'southern', 'long.', '—', 'shocking', 'claims', 'immortal', 'jellyfish', 'surface', 'internet.']","(10000,[273,503,524,1982,2066,2733,3350,3743,4722,5146,5396,5591,5850,7184,7281,7883,7936,8151,8338,9876],[5.523458920524919,0.691153161953081,3.7316994512968646,5.117993812416755,2.7508701982851385,3.7316994512968646,4.270695952029551,3.914021008090819,5.117993812416755,4.270695952029551,4.607168188650764,3.914021008090819,0.691153161953081,4.137164559405029,0.6753425559264385,4.019381523748645,0.691153161953081,4.019381523748645,0.691153161953081,2.7508701982851385])",0.0
F236,"['never', 'defense', 'design', 'executive', 'tough.', 'owner', 'several', 'cost', 'catch', 'risk.', 'night', 'catch', 'mouth', 'cell', 'force', 'skill', 'group.', '—', 'shocking', 'claims', 'government', 'cover-up', 'surface', 'internet.']","(10000,[281,391,503,2259,3210,3543,3922,4490,5850,6053,6711,6869,7036,7268,7281,7497,7936,7949,8338,9227,9813,9966,9968],[4.607168188650764,3.7316994512968646,0.691153161953081,2.8154087194227095,3.8187108282864943,3.7316994512968646,4.42484663185681,3.8187108282864943,0.691153161953081,3.4440173788450834,4.607168188650764,4.019381523748645,4.607168188650764,5.523458920524919,0.6753425559264385,4.137164559405029,0.691153161953081,8.03876304749729,0.691153161953081,4.270695952029551,2.997730276216664,4.019381523748645,3.914021008090819])",0.0
F069,"['clear', 'read', 'edge', 'space', 'strategy.', 'none', 'hospital', 'turn', 'law', 'history', 'door.', '—', 'shocking', 'claims', 'flat', 'earth', 'surface', 'internet.']","(10000,[503,1611,2918,3886,3921,3979,4930,5850,6543,6609,7281,7516,7650,7936,8338,9188,9676,9831],[0.691153161953081,4.607168188650764,3.0385522707369192,4.830311739964974,3.7316994512968646,4.137164559405029,3.577548771469606,0.691153161953081,4.019381523748645,4.830311739964974,0.6753425559264385,5.523458920524919,4.607168188650764,0.691153161953081,0.691153161953081,4.42484663185681,3.0385522707369192,3.914021008090819])",0.0
F219,"['picture', 'language', 'relationship.', 'ability', 'road', 'table.', 'voice', 'stage', 'majority', 'order', 'let', 'third', 'ten.', '—', 'shocking', 'claims', 'flat', 'earth', 'surface', 'internet.']","(10000,[30,503,1226,1320,1716,2481,2918,3530,3681,5725,5850,6404,7281,7936,8267,8338,8771,9244,9415,9676],[3.914021008090819,0.691153161953081,4.137164559405029,5.117993812416755,5.523458920524919,3.8187108282864943,3.0385522707369192,4.830311739964974,4.42484663185681,4.42484663185681,0.691153161953081,4.137164559405029,0.6753425559264385,0.691153161953081,4.270695952029551,0.691153161953081,4.830311739964974,4.270695952029551,4.830311739964974,3.0385522707369192])",0.0
R079,"['international', 'blue', 'tend', 'i.', 'major', 'tough', 'body.', 'experts', 'discuss', 'ongoing', 'developments', 'election.']","(10000,[188,564,1058,1810,3556,3614,4506,4687,5447,5726,5768,9462],[4.270695952029551,3.6516567436233283,4.270695952029551,3.914021008090819,2.8844015909096608,0.667530016189645,0.691153161953081,0.691153161953081,3.6516567436233283,4.019381523748645,4.42484663185681,0.691153161953081])",1.0
F042,"['present', 'quite', 'activity.', 'gas', 'everything', 'section.', 'score', 'method', 'else', 'father.', '—', 'shocking', 'claims', 'hoax', 'surface', 'internet.']","(10000,[503,1133,1927,4377,5034,5607,5850,6015,6056,7281,7417,7936,8130,8338,9132,9156],[0.691153161953081,5.117993812416755,4.019381523748645,2.60568818844064,4.607168188650764,4.137164559405029,0.691153161953081,4.270695952029551,3.914021008090819,0.6753425559264385,5.523458920524919,0.691153161953081,3.8187108282864943,0.691153161953081,5.523458920524919,4.019381523748645])",0.0
R154,"['market', 'understand', 'set', 'media', 'eat', 'war.', 'better', 'region', 'interesting', 'there.', 'experts', 'discuss', 'ongoing', 'developments', 'budget', 'report.']","(10000,[1209,2543,2657,3614,3634,4506,4687,4991,5342,5432,5804,6487,6749,7276,8159,9462],[4.607168188650764,3.3262343431887,3.2721671219184243,0.667530016189645,3.8187108282864943,0.691153161953081,0.691153161953081,2.6902455764687034,4.42484663185681,2.7200985396183848,4.830311739964974,3.5085558999826545,5.523458920524919,3.8187108282864943,3.4440173788450834,0.691153161953081])",1.0
R089,"['remain', 'true', 'job', 'spend.', 'sister', 'short', 'quite', 'seat', 'carry', 'find.', 'experts', 'discuss', 'ongoing', 'developments', 'public', 'health.']","(10000,[47,454,557,1262,1770,3521,3614,4506,4516,4687,5205,6056,6219,7188,7359,9462],[4.830311739964974,4.42484663185681,4.42484663185681,4.270695952029551,2.8844015909096608,3.8187108282864943,0.667530016189645,0.691153161953081,5.117993812416755,0.691153161953081,4.42484663185681,3.914021008090819,3.172083663361442,4.42484663185681,5.523458920524919,0.691153161953081])",1.0
R038,"['us', 'economy', 'wear', 'manage', 'something', 'ok', 'page.', 'investment', 'state', 'memory', 'return', 'every.', 'business', 'successful', 'watch', 'camera.', 'experts', 'discuss', 'ongoing', 'developments', 'public', 'health.']","(10000,[217,635,1562,1770,1808,2645,2708,3192,3614,3813,4506,4687,5374,5659,6219,6581,6660,6941,7883,8997,9462,9826],[4.270695952029551,3.914021008090819,4.607168188650764,2.8844015909096608,4.830311739964974,5.117993812416755,3.6516567436233283,4.137164559405029,0.667530016189645,4.830311739964974,0.691153161953081,0.691153161953081,4.137164559405029,3.914021008090819,3.172083663361442,4.42484663185681,4.270695952029551,4.830311739964974,4.019381523748645,4.607168188650764,0.691153161953081,3.8187108282864943])",1.0
R053,"['usually', 'deep', 'property', 'soon', 'product.', 'base', 'including', 'design', 'teacher', 'sign', 'make', 'network', 'bad.', 'experts', 'discuss', 'ongoing', 'developments', 'economic', 'growth.']","(10000,[1041,1762,2733,2990,3525,3614,3922,3935,4270,4506,4687,6756,7334,8173,8708,9034,9144,9152,9462],[4.42484663185681,4.42484663185681,3.7316994512968646,4.270695952029551,4.42484663185681,0.667530016189645,4.42484663185681,4.137164559405029,5.523458920524919,0.691153161953081,0.691153161953081,3.577548771469606,4.607168188650764,3.7316994512968646,4.830311739964974,2.920769235080536,2.7508701982851385,4.42484663185681,0.691153161953081])",1.0
F201,"['per', 'whose', 'report', 'hour', 'admit.', 'blood', 'along', 'author', 'try.', 'begin', 'lay', 'number.', 'last', 'part', 'three', 'several.', '—', 'shocking', 'claims', 'hoax', 'surface', 'internet.']","(10000,[74,298,503,527,1513,2359,2840,3761,3960,3989,4377,4475,4702,5850,5925,6505,7281,7936,8338,8740,9350,9539],[4.830311739964974,4.137164559405029,0.691153161953081,4.270695952029551,3.7316994512968646,4.607168188650764,4.270695952029551,4.270695952029551,4.830311739964974,4.270695952029551,2.60568818844064,4.270695952029551,4.42484663185681,0.691153161953081,4.270695952029551,4.607168188650764,0.6753425559264385,0.691153161953081,0.691153161953081,4.42484663185681,4.607168188650764,4.019381523748645])",0.0
F013,"['occur', 'civil', 'camera.', 'owner', 'style', 'generation', 'talk', 'wife.', '—', 'shocking', 'claims', 'secret', 'cure', 'surface', 'internet.']","(10000,[503,593,1921,3192,3892,5399,5850,6053,6747,6963,7281,7936,8000,8338,8925],[0.691153161953081,3.6516567436233283,4.607168188650764,4.137164559405029,2.5530444549552183,4.270695952029551,0.691153161953081,3.4440173788450834,2.5530444549552183,4.270695952029551,0.6753425559264385,0.691153161953081,3.8187108282864943,0.691153161953081,4.607168188650764])",0.0
R023,"['likely', 'free', 'other.', 'experts', 'discuss', 'ongoing', 'developments', 'policy.']","(10000,[309,1073,3614,4506,4687,6944,9231,9462],[4.019381523748645,3.914021008090819,0.667530016189645,0.691153161953081,0.691153161953081,2.8154087194227095,5.117993812416755,0.691153161953081])",1.0
R068,"['high', 'case', 'minute', 'member', 'eat', 'against.', 'marriage', 'significant', 'sort', 'role', 'simple', 'usually.', 'center', 'five', 'serve.', 'heavy', 'executive', 'office', 'free', 'environmental', 'arm.', 'experts', 'discuss', 'ongoing', 'developments', 'technology', 'breakthrough.']","(10000,[1020,1073,1480,2116,2227,2913,3350,3357,3614,4506,4687,5417,5720,5974,6027,6229,6342,6652,6790,7160,7276,8344,8497,8552,8949,9462,9966],[2.579019941358479,3.914021008090819,5.117993812416755,3.914021008090819,2.7200985396183848,3.5085558999826545,4.270695952029551,4.830311739964974,0.667530016189645,0.691153161953081,0.691153161953081,5.523458920524919,4.270695952029551,3.7316994512968646,4.270695952029551,3.8187108282864943,3.914021008090819,5.523458920524919,4.830311739964974,4.830311739964974,3.8187108282864943,3.7316994512968646,4.830311739964974,4.42484663185681,4.270695952029551,0.691153161953081,4.019381523748645])",1.0
F065,"['however', 'high', 'serious', 'add.', 'drug', 'western', 'yes', 'west', 'dream', 'may.', '—', 'shocking', 'claims', 'hoax', 'surface', 'internet.']","(10000,[503,524,911,1117,2116,2366,4377,5044,5085,5850,6572,7281,7860,7936,8338,8344],[0.691153161953081,3.7316994512968646,4.270695952029551,4.42484663185681,3.914021008090819,4.137164559405029,2.60568818844064,4.270695952029551,3.5085558999826545,0.691153161953081,5.523458920524919,0.6753425559264385,2.7826188965997183,0.691153161953081,0.691153161953081,3.7316994512968646])",0.0
F239,"['democrat', 'scene', 'without', 'sign.', '—', 'shocking', 'claims', 'celebrity', 'scandal', 'surface', 'internet.']","(10000,[503,3486,4043,4921,5234,5844,5850,7281,7936,8338,9414],[0.691153161953081,2.849310271098391,4.607168188650764,2.849310271098391,4.019381523748645,3.914021008090819,0.691153161953081,0.6753425559264385,0.691153161953081,0.691153161953081,5.117993812416755])",0.0
F084,"['consider', 'doctor', 'behavior.', 'understand', 'might', 'increase', 'republican', 'pm.', 'finally', 'everybody', 'always', 'close', 'property', 'four.', '—', 'shocking', 'claims', 'miracle', 'drug', 'surface', 'internet.']","(10000,[312,503,777,1256,1817,2561,2733,3497,3924,4616,5850,6486,6487,6988,7281,7860,7936,7960,7963,8338,9011],[4.270695952029551,0.691153161953081,4.42484663185681,3.125563647726549,4.607168188650764,3.8187108282864943,3.7316994512968646,3.7316994512968646,4.270695952029551,3.6516567436233283,0.691153161953081,5.523458920524919,3.5085558999826545,5.117993812416755,0.6753425559264385,2.7826188965997183,0.691153161953081,5.117993812416755,3.914021008090819,0.691153161953081,4.019381523748645])",0.0
R120,"['cup', 'letter', 'expect.', 'civil', 'floor', 'cultural', 'toward', 'war', 'nation.', 'experts', 'discuss', 'ongoing', 'developments', 'election.']","(10000,[564,593,3059,3194,3556,3614,4319,4506,4687,7725,8219,8719,9233,9462],[3.6516567436233283,3.6516567436233283,4.019381523748645,4.270695952029551,2.8844015909096608,0.667530016189645,3.5085558999826545,0.691153161953081,0.691153161953081,5.117993812416755,5.117993812416755,4.42484663185681,4.019381523748645,0.691153161953081])",1.0
F207,"['size', 'happen', 'per', 'minute.', '—', 'shocking', 'claims', 'government', 'cover-up', 'surface', 'internet.']","(10000,[298,503,2259,3192,4704,5850,7175,7281,7936,8338,9813],[4.137164559405029,0.691153161953081,2.8154087194227095,4.137164559405029,3.8187108282864943,0.691153161953081,5.523458920524919,0.6753425559264385,0.691153161953081,0.691153161953081,2.997730276216664])",0.0
R158,"['high', 'note', 'church.', 'trip', 'writer', 'white', 'seat.', 'pull', 'treatment', 'charge', 'everybody', 'right', 'yes', 'enough', 'impact.', 'experts', 'discuss', 'ongoing', 'developments', 'economic', 'growth.']","(10000,[1268,1790,2116,2561,3614,4506,4687,4748,5044,5324,5782,5843,6597,6812,6906,8015,8094,9034,9144,9462,9909],[5.523458920524919,4.42484663185681,3.914021008090819,3.8187108282864943,0.667530016189645,0.691153161953081,0.691153161953081,4.607168188650764,4.270695952029551,5.523458920524919,4.137164559405029,4.42484663185681,3.8187108282864943,4.607168188650764,4.42484663185681,4.270695952029551,4.830311739964974,2.920769235080536,2.7508701982851385,0.691153161953081,4.42484663185681])",1.0
R097,"['road', 'upon', 'marriage', 'argue', 'debate.', 'better', 'action', 'majority.', 'experts', 'discuss', 'ongoing', 'developments', 'technology', 'breakthrough.']","(10000,[1020,2227,2543,3479,3614,3709,3730,4506,4687,5725,6229,6633,6735,9462],[2.579019941358479,2.7200985396183848,3.3262343431887,4.42484663185681,0.667530016189645,4.830311739964974,4.137164559405029,0.691153161953081,0.691153161953081,4.42484663185681,3.8187108282864943,4.270695952029551,4.270695952029551,0.691153161953081])",1.0
R092,"['across', 'interest', 'watch', 'close.', 'common', 'across', 'whom.', 'experts', 'discuss', 'ongoing', 'developments', 'technology', 'breakthrough.']","(10000,[70,735,1020,2227,2708,3614,4506,4687,6332,7074,7937,9462],[4.607168188650764,3.914021008090819,2.579019941358479,2.7200985396183848,3.6516567436233283,0.667530016189645,0.691153161953081,0.691153161953081,4.42484663185681,6.888034757690167,5.117993812416755,0.691153161953081])",1.0
F172,"['party', 'upon', 'rock', 'plant.', 'people', 'avoid', 'quite.', 'information', 'plant', 'within.', '—', 'shocking', 'claims', 'hoax', 'surface', 'internet.']","(10000,[503,574,1379,1388,4263,4295,4377,5850,6735,7178,7244,7281,7936,8190,8338,8878],[0.691153161953081,3.914021008090819,4.137164559405029,4.019381523748645,4.270695952029551,4.830311739964974,2.60568818844064,0.691153161953081,4.270695952029551,5.117993812416755,3.4440173788450834,0.6753425559264385,0.691153161953081,4.137164559405029,0.691153161953081,5.523458920524919])",0.0
R182,"['value', 'rather', 'least', 'vote.', 'top', 'receive', 'eye', 'ability', 'number.', 'sit', 'participant', 'growth', 'friend', 'movie.', 'experts', 'discuss', 'ongoing', 'developments', 'economic', 'growth.']","(10000,[320,488,1341,1634,2837,3614,3681,4506,4617,4687,4702,4715,5328,5396,6878,6946,7403,9034,9144,9462],[3.8187108282864943,3.914021008090819,4.137164559405029,4.137164559405029,4.137164559405029,0.667530016189645,4.42484663185681,0.691153161953081,3.7316994512968646,0.691153161953081,4.42484663185681,4.137164559405029,3.5085558999826545,4.607168188650764,4.830311739964974,4.019381523748645,4.137164559405029,2.920769235080536,2.7508701982851385,0.691153161953081])",1.0
F014,"['particularly', 'popular', 'project', 'upon', 'policy', 'discuss', 'director.', 'appear', 'begin', 'church', 'technology', 'away.', '—', 'shocking', 'claims', 'secret', 'cure', 'surface', 'internet.']","(10000,[503,1020,1273,1513,2230,3614,3892,4142,5850,6148,6443,6735,6747,6830,7281,7936,8182,8338,8408],[0.691153161953081,2.579019941358479,4.019381523748645,3.7316994512968646,4.42484663185681,0.667530016189645,2.5530444549552183,4.607168188650764,0.691153161953081,4.270695952029551,3.6516567436233283,4.270695952029551,2.5530444549552183,4.830311739964974,0.6753425559264385,0.691153161953081,3.8187108282864943,0.691153161953081,4.42484663185681])",0.0
R230,"['tv', 'general', 'daughter', 'free.', 'maintain', 'heart', 'energy', 'real', 'industry', 'husband.', 'wind', 'southern', 'professional', 'fast', 'century', 'modern', 'hard.', 'experts', 'discuss', 'ongoing', 'developments', 'election.']","(10000,[2117,2155,2336,2558,3010,3556,3614,3743,4391,4506,4547,4687,5247,5465,7623,7841,8307,9142,9263,9462,9691,9808],[4.830311739964974,5.117993812416755,3.914021008090819,4.270695952029551,4.607168188650764,2.8844015909096608,0.667530016189645,3.914021008090819,5.523458920524919,0.691153161953081,4.830311739964974,0.691153161953081,4.42484663185681,4.137164559405029,4.019381523748645,4.270695952029551,4.42484663185681,5.117993812416755,3.8187108282864943,0.691153161953081,4.42484663185681,4.270695952029551])",1.0
F223,"['sign', 'serve', 'adult', 'government', 'nation', 'let.', 'hope', 'produce', 'stand.', 'water', 'mother', 'stage', 'site', 'million.', '—', 'shocking', 'claims', 'government', 'cover-up', 'surface', 'internet.']","(10000,[30,72,354,503,1648,1725,2259,2589,3564,4014,5850,5891,6000,6090,6756,7281,7724,7936,8338,9813],[3.914021008090819,4.270695952029551,3.577548771469606,0.691153161953081,4.270695952029551,4.42484663185681,5.630817438845419,3.577548771469606,4.830311739964974,4.830311739964974,0.691153161953081,4.830311739964974,4.019381523748645,5.117993812416755,3.577548771469606,0.6753425559264385,5.523458920524919,0.691153161953081,0.691153161953081,2.997730276216664])",0.0
R221,"['quality', 'defense', 'whole', 'safe', 'see.', 'energy', 'protect', 'the.', 'experts', 'discuss', 'ongoing', 'developments', 'policy.']","(10000,[627,2260,3506,3543,3614,4506,4687,6944,6975,7235,7642,8307,9462],[4.019381523748645,5.117993812416755,3.8187108282864943,3.7316994512968646,0.667530016189645,0.691153161953081,0.691153161953081,2.8154087194227095,5.117993812416755,4.270695952029551,3.8187108282864943,4.42484663185681,0.691153161953081])",1.0
R173,"['civil', 'hold', 'party', 'place.', 'edge', 'thought', 'assume', 'current.', 'last', 'bag', 'choice', 'attention', 'affect.', 'experts', 'discuss', 'ongoing', 'developments', 'climate', 'change.']","(10000,[55,415,593,821,1379,2059,2389,2664,3144,3614,3921,3989,4131,4506,4687,5692,6000,6053,9462],[4.270695952029551,4.270695952029551,3.6516567436233283,2.849310271098391,4.137164559405029,2.60568818844064,4.42484663185681,3.8187108282864943,3.7316994512968646,0.667530016189645,3.7316994512968646,4.270695952029551,5.117993812416755,0.691153161953081,0.691153161953081,5.117993812416755,4.019381523748645,3.4440173788450834,0.691153161953081])",1.0
F249,"['camera', 'finish', 'recently', 'available', 'gun.', 'story', 'customer', 'treatment', 'relationship', 'born.', 'chance', 'plan', 'tough', 'several', 'appear', 'wait.', 'nothing', 'prove', 'situation', 'life.', '—', 'shocking', 'claims', 'immortal', 'jellyfish', 'surface', 'internet.']","(10000,[346,503,1413,1650,2034,2066,2475,3136,3286,4260,4292,5214,5447,5535,5850,6063,6123,6578,6855,7281,7586,7936,8015,8182,8338,9227,9876],[4.42484663185681,0.691153161953081,3.914021008090819,4.019381523748645,4.607168188650764,2.7508701982851385,4.137164559405029,4.42484663185681,4.830311739964974,4.137164559405029,4.830311739964974,4.270695952029551,3.6516567436233283,5.117993812416755,0.691153161953081,5.523458920524919,4.830311739964974,4.607168188650764,4.270695952029551,0.6753425559264385,5.117993812416755,0.691153161953081,4.270695952029551,3.8187108282864943,0.691153161953081,4.270695952029551,2.7508701982851385])",0.0
F112,"['onto', 'improve', 'seek', 'use.', 'financial', 'citizen', 'mrs', 'form', 'around.', 'southern', 'cut', 'represent.', 'bag', 'top', 'public', 'common.', '—', 'shocking', 'claims', 'government', 'cover-up', 'surface', 'internet.']","(10000,[8,171,415,503,1206,1770,2259,2408,3538,3743,3744,4319,5328,5621,5850,6257,7281,7407,7936,8338,9021,9751,9813],[4.137164559405029,3.577548771469606,4.270695952029551,0.691153161953081,4.019381523748645,2.8844015909096608,2.8154087194227095,4.270695952029551,4.42484663185681,3.914021008090819,5.523458920524919,3.5085558999826545,3.5085558999826545,4.42484663185681,0.691153161953081,5.523458920524919,0.6753425559264385,3.914021008090819,0.691153161953081,0.691153161953081,4.270695952029551,4.019381523748645,2.997730276216664])",0.0
R058,"['mission', 'material', 'sea.', 'manager', 'big', 'lose', 'condition.', 'experts', 'discuss', 'ongoing', 'developments', 'budget', 'report.']","(10000,[1652,3048,3231,3614,4422,4506,4687,4991,5268,5432,6069,7723,9462],[4.137164559405029,4.42484663185681,4.270695952029551,0.667530016189645,4.42484663185681,0.691153161953081,0.691153161953081,2.6902455764687034,5.523458920524919,2.7200985396183848,4.019381523748645,4.607168188650764,0.691153161953081])",1.0
R159,"['trip', 'reality', 'civil', 'box', 'interesting.', 'board', 'word', 'quite', 'reason.', 'experts', 'discuss', 'ongoing', 'developments', 'economic', 'growth.']","(10000,[109,593,680,3519,3614,4506,4687,5375,5782,6056,7454,7922,9034,9144,9462],[5.523458920524919,3.6516567436233283,4.607168188650764,4.607168188650764,0.667530016189645,0.691153161953081,0.691153161953081,4.830311739964974,4.137164559405029,3.914021008090819,4.42484663185681,4.019381523748645,2.920769235080536,2.7508701982851385,0.691153161953081])",1.0
R029,"['section', 'north', 'although', 'garden', 'north', 'picture.', 'group', 'top', 'shoulder', 'later.', 'federal', 'foreign', 'behind', 'with.', 'present', 'live', 'always', 'nation', 'design', 'research.', 'experts', 'discuss', 'ongoing', 'developments', 'economic', 'growth.']","(10000,[493,633,1778,2887,3059,3614,3922,4014,4346,4506,4687,5328,5936,6206,6756,6968,7066,7640,7766,7779,8130,9011,9034,9144,9462],[4.019381523748645,3.914021008090819,8.541391904059102,5.523458920524919,4.019381523748645,0.667530016189645,4.42484663185681,4.830311739964974,4.019381523748645,0.691153161953081,0.691153161953081,3.5085558999826545,4.270695952029551,4.607168188650764,3.577548771469606,4.019381523748645,2.7826188965997183,5.523458920524919,4.607168188650764,3.7316994512968646,3.8187108282864943,4.019381523748645,2.920769235080536,2.7508701982851385,0.691153161953081])",1.0
R126,"['reason', 'serve', 'nature', 'gas', 'price', 'may', 'read.', 'wide', 'reflect', 'bar', 'manage', 'assume.', 'example', 'discussion', 'open', 'perhaps', 'if.', 'experts', 'discuss', 'ongoing', 'developments', 'research.']","(10000,[1259,1725,1738,2836,2944,3611,3614,4506,4687,5315,5321,5607,5783,6259,7066,7332,7883,8550,9160,9459,9462,9606],[4.830311739964974,4.42484663185681,4.137164559405029,4.42484663185681,3.5085558999826545,4.42484663185681,0.667530016189645,0.691153161953081,0.691153161953081,4.607168188650764,3.914021008090819,4.137164559405029,4.019381523748645,5.117993812416755,2.7826188965997183,4.270695952029551,4.019381523748645,5.117993812416755,4.607168188650764,5.117993812416755,0.691153161953081,3.7316994512968646])",1.0
R132,"['cold', 'bit', 'federal', 'reveal', 'thank', 'pass.', 'help', 'air', 'goal', 'join.', 'edge', 'skill', 'focus', 'similar', 'significant', 'improve.', 'experts', 'discuss', 'ongoing', 'developments', 'education.']","(10000,[88,633,1507,1687,1989,3614,3920,3921,3931,4506,4687,5047,5089,5564,7046,8171,8552,9347,9462,9968,9994],[4.270695952029551,3.914021008090819,3.6516567436233283,4.137164559405029,3.914021008090819,0.667530016189645,4.42484663185681,3.7316994512968646,3.4440173788450834,0.691153161953081,0.691153161953081,2.6902455764687034,4.270695952029551,4.830311739964974,4.607168188650764,3.4440173788450834,4.42484663185681,4.137164559405029,0.691153161953081,3.914021008090819,4.830311739964974])",1.0
R025,"['security', 'home', 'nation.', 'state', 'board', 'miss.', 'contain', 'step', 'cause', 'take.', 'experts', 'discuss', 'ongoing', 'developments', 'election.']","(10000,[316,1558,1808,2634,3365,3556,3614,4357,4506,4687,6961,7454,7493,7725,9462],[3.8187108282864943,4.019381523748645,4.830311739964974,3.8187108282864943,4.42484663185681,2.8844015909096608,0.667530016189645,4.830311739964974,0.691153161953081,0.691153161953081,5.117993812416755,4.42484663185681,4.270695952029551,5.117993812416755,0.691153161953081])",1.0
F214,"['memory', 'business', 'road', 'anyone.', 'business', 'firm', 'book.', '—', 'shocking', 'claims', 'secret', 'cure', 'surface', 'internet.']","(10000,[503,3226,3892,5374,5725,5850,5931,6747,6941,7281,7936,8338,8894],[0.691153161953081,5.117993812416755,2.5530444549552183,8.274329118810059,4.42484663185681,0.691153161953081,5.117993812416755,2.5530444549552183,4.830311739964974,0.6753425559264385,0.691153161953081,0.691153161953081,3.8187108282864943])",0.0
R177,"['institution', 'perform', 'high', 'relationship', 'college', 'decision.', 'leave', 'cut', 'develop', 'heavy', 'see.', 'arrive', 'debate', 'despite', 'including.', 'must', 'color', 'outside', 'film', 'least', 'strong.', 'experts', 'discuss', 'ongoing', 'developments', 'policy.']","(10000,[278,1023,1098,1206,1241,1301,1634,2116,2913,3243,3614,4260,4506,4687,5003,5377,6944,6975,7391,8057,8276,8568,8888,8949,9462,9832],[4.830311739964974,3.914021008090819,4.270695952029551,4.019381523748645,3.4440173788450834,4.607168188650764,4.137164559405029,3.914021008090819,3.5085558999826545,4.270695952029551,0.667530016189645,4.137164559405029,0.691153161953081,0.691153161953081,4.42484663185681,5.117993812416755,2.8154087194227095,5.117993812416755,3.914021008090819,4.830311739964974,3.914021008090819,4.137164559405029,5.117993812416755,4.270695952029551,0.691153161953081,4.830311739964974])",1.0
R196,"['something', 'wonder', 'worker.', 'often', 'sister', 'pay', 'avoid', 'receive', 'sister.', 'experts', 'discuss', 'ongoing', 'developments', 'budget', 'report.']","(10000,[7,1388,2664,3521,3614,4506,4617,4687,4723,4897,4991,5371,5432,9462,9826],[4.137164559405029,4.019381523748645,3.8187108282864943,3.8187108282864943,0.667530016189645,0.691153161953081,3.7316994512968646,0.691153161953081,4.137164559405029,4.42484663185681,2.6902455764687034,4.830311739964974,2.7200985396183848,0.691153161953081,3.8187108282864943])",1.0
R135,"['fine', 'smile', 'occur', 'together', 'head.', 'cause', 'woman', 'north', 'become.', 'network', 'focus', 'provide', 'throw', 'yard', 'increase.', 'experts', 'discuss', 'ongoing', 'developments', 'budget', 'report.']","(10000,[316,424,1778,1921,2713,3593,3614,3931,4506,4563,4687,4991,5432,5946,6431,6623,8312,8325,9152,9462,9714],[3.8187108282864943,4.270695952029551,4.270695952029551,4.607168188650764,4.019381523748645,4.830311739964974,0.667530016189645,3.4440173788450834,0.691153161953081,4.42484663185681,0.691153161953081,2.6902455764687034,2.7200985396183848,4.42484663185681,4.42484663185681,4.830311739964974,4.137164559405029,4.42484663185681,4.42484663185681,0.691153161953081,5.117993812416755])",1.0
F152,"['watch', 'case', 'member.', 'play', 'score', 'actually', 'least', 'side', 'mouth', 'lawyer.', '—', 'shocking', 'claims', 'government', 'cover-up', 'surface', 'internet.']","(10000,[141,503,1634,1927,2173,2259,2403,2708,5850,6342,6447,7281,7497,7936,8338,9781,9813],[4.270695952029551,0.691153161953081,4.137164559405029,4.019381523748645,4.607168188650764,2.8154087194227095,3.6516567436233283,3.6516567436233283,0.691153161953081,3.914021008090819,4.137164559405029,0.6753425559264385,4.137164559405029,0.691153161953081,0.691153161953081,4.607168188650764,2.997730276216664])",0.0
F180,"['whether', 'actually', 'leg', 'live', 'third.', 'partner', 'free', 'affect', 'today.', 'receive', 'hot', 'couple', 'middle', 'indicate.', '—', 'shocking', 'claims', 'secret', 'cure', 'surface', 'internet.']","(10000,[116,493,503,1073,3406,3882,3892,4528,4617,5850,6055,6290,6447,6747,7281,7702,7936,8151,8338,9693,9878],[4.019381523748645,4.019381523748645,0.691153161953081,3.914021008090819,4.019381523748645,5.523458920524919,2.5530444549552183,5.117993812416755,3.7316994512968646,0.691153161953081,4.019381523748645,4.019381523748645,4.137164559405029,2.5530444549552183,0.6753425559264385,4.607168188650764,0.691153161953081,4.019381523748645,0.691153161953081,4.137164559405029,4.019381523748645])",0.0
F003,"['recent', 'fish', 'part', 'such.', 'life', 'inside', 'opportunity', 'alone', 'value', 'send', 'dog', 'stage.', 'eye', 'since', 'head', 'ahead', 'great.', 'politics', 'hospital', 'newspaper', 'civil', 'watch.', '—', 'shocking', 'claims', 'secret', 'cure', 'surface', 'internet.']","(10000,[503,593,1064,1341,1376,2492,2519,3238,3477,3629,3892,4930,5523,5591,5850,5887,6287,6591,6643,6747,6976,7281,7403,7936,8268,8338,8740,9066,9564],[0.691153161953081,3.6516567436233283,4.270695952029551,4.137164559405029,4.270695952029551,4.137164559405029,5.523458920524919,3.914021008090819,4.270695952029551,5.117993812416755,2.5530444549552183,3.577548771469606,4.607168188650764,3.914021008090819,0.691153161953081,4.42484663185681,5.117993812416755,5.523458920524919,5.523458920524919,2.5530444549552183,4.270695952029551,0.6753425559264385,4.137164559405029,0.691153161953081,3.383392757028649,0.691153161953081,4.42484663185681,4.019381523748645,4.830311739964974])",0.0
F244,"['mr', 'real', 'heart', 'somebody', 'force.', 'break', 'wear', 'hotel', 'left', 'question.', '—', 'shocking', 'claims', 'celebrity', 'scandal', 'surface', 'internet.']","(10000,[503,668,1662,2647,2663,3089,3479,3486,4921,5850,6291,6581,7281,7936,8338,9691,9808],[0.691153161953081,4.830311739964974,4.830311739964974,4.137164559405029,4.270695952029551,4.42484663185681,4.42484663185681,2.849310271098391,2.849310271098391,0.691153161953081,4.607168188650764,4.42484663185681,0.6753425559264385,0.691153161953081,0.691153161953081,4.42484663185681,4.270695952029551])",0.0
F194,"['economy', 'professor', 'nearly', 'mother', 'wear.', 'kid', 'official', 'less', 'first', 'fast', 'make.', '—', 'shocking', 'claims', 'immortal', 'jellyfish', 'surface', 'internet.']","(10000,[217,354,503,1195,2066,2543,2866,3529,3723,5850,6403,7281,7576,7936,8338,8485,9263,9876],[4.270695952029551,3.577548771469606,0.691153161953081,4.137164559405029,2.7508701982851385,3.3262343431887,4.42484663185681,4.830311739964974,4.42484663185681,0.691153161953081,4.137164559405029,0.6753425559264385,5.523458920524919,0.691153161953081,0.691153161953081,4.270695952029551,3.8187108282864943,2.7508701982851385])",0.0
R044,"['hand', 'surface', 'long', 'power', 'mission', 'firm.', 'song', 'century.', 'whole', 'something', 'police', 'executive.', 'experts', 'discuss', 'ongoing', 'developments', 'policy.']","(10000,[627,751,2551,2788,3056,3423,3614,3876,4506,4687,6069,6944,7281,7350,8904,9462,9826],[4.019381523748645,5.523458920524919,5.117993812416755,5.117993812416755,4.019381523748645,4.42484663185681,0.667530016189645,4.42484663185681,0.691153161953081,0.691153161953081,4.019381523748645,2.8154087194227095,0.6753425559264385,4.42484663185681,4.270695952029551,0.691153161953081,3.8187108282864943])",1.0
R141,"['growth', 'worker', 'general', 'music', 'industry', 'edge', 'away', 'available.', 'student', 'keep', 'fall', 'effort', 'evidence.', 'experts', 'discuss', 'ongoing', 'developments', 'economic', 'growth.']","(10000,[320,2481,2676,3010,3536,3614,3729,3737,3921,4506,4687,5465,5726,6370,9034,9144,9462,9588,9594],[3.8187108282864943,3.8187108282864943,4.607168188650764,4.607168188650764,4.607168188650764,0.667530016189645,4.019381523748645,3.6516567436233283,3.7316994512968646,0.691153161953081,0.691153161953081,4.137164559405029,4.019381523748645,3.914021008090819,2.920769235080536,2.7508701982851385,0.691153161953081,4.607168188650764,4.137164559405029])",1.0
R188,"['push', 'concern', 'generation', 'represent', 'approach.', 'experts', 'discuss', 'ongoing', 'developments', 'climate', 'change.']","(10000,[821,1968,2059,3614,4506,4687,5978,6434,6963,8717,9462],[2.849310271098391,5.117993812416755,2.60568818844064,0.667530016189645,0.691153161953081,0.691153161953081,4.42484663185681,4.607168188650764,4.270695952029551,4.42484663185681,0.691153161953081])",1.0
F010,"['congress', 'section', 'five', 'support', 'first', 'wrong.', 'choice', 'condition', 'save', 'fact.', '—', 'shocking', 'claims', 'aliens', 'surface', 'internet.']","(10000,[503,650,4520,4905,5328,5850,5974,6053,6403,6968,7281,7936,8217,8338,8728,9192],[0.691153161953081,2.958509563063383,4.137164559405029,5.117993812416755,3.5085558999826545,0.691153161953081,3.7316994512968646,3.4440173788450834,4.137164559405029,4.019381523748645,0.6753425559264385,0.691153161953081,4.42484663185681,0.691153161953081,3.5085558999826545,5.523458920524919])",0.0
R106,"['task', 'sure', 'cause.', 'difficult', 'coach', 'develop', 'customer', 'movie.', 'federal', 'entire', 'return', 'strong', 'grow', 'sport.', 'experts', 'discuss', 'ongoing', 'developments', 'economic', 'growth.']","(10000,[633,635,1241,1413,1712,1821,2111,2404,3514,3614,4506,4687,4715,6355,7070,8451,8824,9034,9144,9462],[3.914021008090819,3.914021008090819,3.4440173788450834,3.914021008090819,4.137164559405029,4.270695952029551,4.830311739964974,4.42484663185681,3.914021008090819,0.667530016189645,0.691153161953081,0.691153161953081,4.137164559405029,4.137164559405029,5.523458920524919,4.42484663185681,4.42484663185681,2.920769235080536,2.7508701982851385,0.691153161953081])",1.0
R049,"['early', 'admit', 'benefit', 'artist.', 'rock', 'story', 'pattern.', 'decision', 'water', 'activity', 'decade.', 'experts', 'discuss', 'ongoing', 'developments', 'research.']","(10000,[574,997,2193,2589,3614,4092,4506,4687,5653,6855,7066,7117,8110,8326,8714,9462],[3.914021008090819,4.830311739964974,4.607168188650764,3.577548771469606,0.667530016189645,4.42484663185681,0.691153161953081,0.691153161953081,4.137164559405029,4.270695952029551,2.7826188965997183,4.830311739964974,4.42484663185681,4.830311739964974,4.019381523748645,0.691153161953081])",1.0
R144,"['security', 'scene', 'yard', 'market', 'walk', 'only.', 'fall', 'want', 'early', 'beyond', 'voice', 'catch', 'quality.', 'experts', 'discuss', 'ongoing', 'developments', 'budget', 'report.']","(10000,[424,1243,2589,2634,2657,3530,3614,3729,4092,4506,4687,4991,5432,5844,6142,7712,7949,8900,9462],[4.270695952029551,3.914021008090819,3.577548771469606,3.8187108282864943,3.2721671219184243,4.830311739964974,0.667530016189645,4.019381523748645,4.42484663185681,0.691153161953081,0.691153161953081,2.6902455764687034,2.7200985396183848,3.914021008090819,4.137164559405029,4.607168188650764,4.019381523748645,5.117993812416755,0.691153161953081])",1.0
F199,"['eye', 'play', 'factor', 'partner', 'number.', 'surface', 'decide', 'write', 'collection', 'civil', 'tend', 'building.', 'majority', 'democrat', 'toward.', '—', 'shocking', 'claims', 'celebrity', 'scandal', 'surface', 'internet.']","(10000,[116,503,593,1341,1810,2173,2278,3486,4531,4702,4921,5234,5445,5850,7281,7936,8209,8293,8338,9244,9561],[4.019381523748645,0.691153161953081,3.6516567436233283,4.137164559405029,3.914021008090819,4.607168188650764,4.830311739964974,2.849310271098391,5.117993812416755,4.42484663185681,2.849310271098391,4.019381523748645,4.137164559405029,0.691153161953081,1.350685111852877,0.691153161953081,4.42484663185681,3.8187108282864943,0.691153161953081,4.270695952029551,4.42484663185681])",0.0
F215,"['task', 'listen', 'company', 'tell', 'operation.', '—', 'shocking', 'claims', 'secret', 'cure', 'surface', 'internet.']","(10000,[429,503,942,1850,3892,5850,5887,6747,7281,7936,8338,8451],[4.270695952029551,0.691153161953081,4.019381523748645,4.42484663185681,2.5530444549552183,0.691153161953081,4.42484663185681,2.5530444549552183,0.6753425559264385,0.691153161953081,0.691153161953081,4.42484663185681])",0.0
R176,"['party', 'husband', 'sing', 'marriage.', 'art', 'ever', 'serious', 'station.', 'experts', 'discuss', 'ongoing', 'developments', 'economic', 'growth.']","(10000,[1117,1290,1344,1379,3614,4506,4687,5594,6451,7208,7854,9034,9144,9462],[4.42484663185681,4.830311739964974,5.117993812416755,4.137164559405029,0.667530016189645,0.691153161953081,0.691153161953081,4.137164559405029,3.6516567436233283,4.42484663185681,4.42484663185681,2.920769235080536,2.7508701982851385,0.691153161953081])",1.0
F105,"['strategy', 'behavior', 'money', 'arrive', 'prove.', 'idea', 'appear', 'represent.', '—', 'shocking', 'claims', 'hoax', 'surface', 'internet.']","(10000,[503,735,2291,3538,4377,5105,5850,5958,6103,7281,7391,7936,8182,8338],[0.691153161953081,3.914021008090819,4.019381523748645,4.42484663185681,2.60568818844064,5.523458920524919,0.691153161953081,4.137164559405029,4.137164559405029,0.6753425559264385,3.914021008090819,0.691153161953081,3.8187108282864943,0.691153161953081])",0.0
F031,"['rise', 'thing', 'commercial', 'machine', 'mission', 'military.', 'head', 'avoid', 'former.', '—', 'shocking', 'claims', 'miracle', 'drug', 'surface', 'internet.']","(10000,[503,1064,1256,1388,3857,4439,4816,5850,6069,6443,7281,7860,7936,8040,8338,9401],[0.691153161953081,4.270695952029551,3.125563647726549,4.019381523748645,4.270695952029551,4.607168188650764,3.5085558999826545,0.691153161953081,4.019381523748645,3.6516567436233283,0.6753425559264385,2.7826188965997183,0.691153161953081,3.6516567436233283,0.691153161953081,5.523458920524919])",0.0
R206,"['daughter', 'read', 'statement.', 'culture', 'reason', 'culture', 'market', 'week.', 'assume', 'situation', 'maybe', 'rock', 'top', 'imagine.', 'including', 'care', 'join', 'manager.', 'experts', 'discuss', 'ongoing', 'developments', 'research.']","(10000,[574,2302,2657,2664,2944,3136,3548,3614,4506,4687,4818,5310,5328,7066,7161,7334,7623,7650,8645,8952,9026,9462],[3.914021008090819,5.117993812416755,3.2721671219184243,3.8187108282864943,3.5085558999826545,4.42484663185681,5.117993812416755,0.667530016189645,0.691153161953081,0.691153161953081,4.607168188650764,3.6516567436233283,3.5085558999826545,2.7826188965997183,4.830311739964974,4.607168188650764,4.019381523748645,4.607168188650764,10.23598762483351,4.137164559405029,5.523458920524919,0.691153161953081])",1.0
F238,"['choice', 'pretty', 'box', 'read', 'partner', 'water', 'else.', 'leader', 'product', 'power', 'whether.', 'possible', 'safe', 'answer', 'establish', 'pay', 'power', 'industry.', '—', 'shocking', 'claims', 'secret', 'cure', 'surface', 'internet.']","(10000,[116,447,503,662,1526,2589,2923,3056,3619,3892,3919,4897,5850,6053,6100,6547,6747,7281,7642,7650,7922,7936,8338,9757],[4.019381523748645,3.914021008090819,0.691153161953081,5.523458920524919,4.019381523748645,3.577548771469606,4.137164559405029,8.03876304749729,4.137164559405029,2.5530444549552183,4.42484663185681,4.42484663185681,0.691153161953081,3.4440173788450834,4.270695952029551,4.42484663185681,2.5530444549552183,0.6753425559264385,3.8187108282864943,4.607168188650764,4.019381523748645,0.691153161953081,0.691153161953081,5.523458920524919])",0.0
R027,"['simply', 'buy', 'concern', 'cause', 'develop', 'tax.', 'face', 'tonight', 'girl', 'rich', 'subject', 'end', 'consider.', 'trouble', 'take', 'perhaps', 'prepare', 'attorney', 'likely.', 'experts', 'discuss', 'ongoing', 'developments', 'climate', 'change.']","(10000,[80,316,453,821,855,1029,1241,1259,1642,1968,2059,2286,2909,3389,3614,4034,4506,4529,4687,4853,6212,6751,8113,8655,9462],[4.42484663185681,3.8187108282864943,4.270695952029551,2.849310271098391,4.019381523748645,4.137164559405029,3.4440173788450834,4.830311739964974,4.607168188650764,5.117993812416755,2.60568818844064,4.830311739964974,4.830311739964974,4.019381523748645,0.667530016189645,4.270695952029551,0.691153161953081,5.117993812416755,0.691153161953081,3.6516567436233283,4.607168188650764,5.117993812416755,5.523458920524919,4.270695952029551,0.691153161953081])",1.0
F169,"['show', 'spend', 'treatment', 'defense', 'only.', 'anything', 'partner', 'sing', 'quickly.', 'reason', 'defense', 'list', 'white', 'whether.', 'performance', 'media', 'senior', 'reality', 'anyone', 'finish.', '—', 'shocking', 'claims', 'government', 'cover-up', 'surface', 'internet.']","(10000,[116,353,503,666,680,1209,1243,2114,2259,2944,3543,3818,4019,4144,5843,5850,6451,6547,7281,7688,7936,8015,8338,8728,9351,9813],[4.019381523748645,3.8187108282864943,0.691153161953081,4.607168188650764,4.607168188650764,4.607168188650764,3.914021008090819,4.42484663185681,2.8154087194227095,3.5085558999826545,7.463398902593729,5.117993812416755,4.270695952029551,4.607168188650764,4.42484663185681,0.691153161953081,3.6516567436233283,4.42484663185681,0.6753425559264385,5.523458920524919,0.691153161953081,4.270695952029551,0.691153161953081,3.5085558999826545,4.42484663185681,2.997730276216664])",0.0
F208,"['nice', 'feel', 'discover', 'yard', 'perform.', 'sister', 'past', 'democratic.', 'five', 'near', 'sort.', 'top', 'always', 'goal', 'product', 'attorney.', '—', 'shocking', 'claims', 'aliens', 'surface', 'internet.']","(10000,[424,447,503,650,3115,3370,3521,4102,4170,4214,5089,5328,5850,5974,7281,7936,8338,9011,9275,9311,9513],[4.270695952029551,3.914021008090819,0.691153161953081,2.958509563063383,4.607168188650764,4.270695952029551,3.8187108282864943,4.42484663185681,4.270695952029551,5.523458920524919,4.270695952029551,3.5085558999826545,0.691153161953081,7.463398902593729,0.6753425559264385,0.691153161953081,0.691153161953081,4.019381523748645,4.270695952029551,4.607168188650764,3.577548771469606])",0.0
F212,"['mission', 'wonder', 'one', 'world', 'away', 'american.', 'social', 'force', 'seek', 'parent', 'recognize.', '—', 'shocking', 'claims', 'miracle', 'drug', 'surface', 'internet.']","(10000,[171,391,503,815,823,1256,3737,4723,5511,5850,6069,7281,7381,7860,7936,8338,9360,9932],[3.577548771469606,3.7316994512968646,0.691153161953081,4.42484663185681,4.42484663185681,3.125563647726549,3.6516567436233283,4.137164559405029,4.607168188650764,0.691153161953081,4.019381523748645,0.6753425559264385,4.607168188650764,2.7826188965997183,0.691153161953081,0.691153161953081,4.019381523748645,4.137164559405029])",0.0
F032,"['education', 'mother', 'much.', 'difficult', 'effect', 'record.', '—', 'shocking', 'claims', 'hoax', 'surface', 'internet.']","(10000,[354,503,924,1712,4377,5530,5850,6324,7281,7634,7936,8338],[3.577548771469606,0.691153161953081,4.830311739964974,4.137164559405029,2.60568818844064,4.607168188650764,0.691153161953081,4.270695952029551,0.6753425559264385,5.523458920524919,0.691153161953081,0.691153161953081])",0.0
F109,"['cultural', 'owner', 'woman', 'trial', 'hospital', 'part', 'edge', 'charge.', 'figure', 'tree', 'career', 'animal', 'environment.', 'room', 'writer', 'certain', 'degree.', '—', 'shocking', 'claims', 'hoax', 'surface', 'internet.']","(10000,[494,503,3410,3921,4110,4377,4563,4722,4928,4930,5089,5850,5871,6053,6906,7281,7360,7936,8338,8740,9233,9288],[4.270695952029551,0.691153161953081,4.019381523748645,3.7316994512968646,5.523458920524919,2.60568818844064,4.42484663185681,5.117993812416755,5.117993812416755,7.155097542939212,4.270695952029551,0.691153161953081,4.137164559405029,3.4440173788450834,4.42484663185681,0.6753425559264385,4.607168188650764,0.691153161953081,0.691153161953081,4.42484663185681,4.019381523748645,3.8187108282864943])",0.0
R111,"['organization', 'necessary', 'better', 'rise', 'participant', 'cell', 'forward', 'policy.', 'man', 'picture', 'approach', 'employee.', 'article', 'able', 'security', 'argue', 'foreign', 'must.', 'experts', 'discuss', 'ongoing', 'developments', 'policy.']","(10000,[1364,1702,2481,2543,2569,2634,3095,3210,3496,3614,3730,3739,4506,4687,4816,5396,6206,6944,7979,8408,8411,9462],[4.42484663185681,4.830311739964974,3.8187108282864943,3.3262343431887,4.270695952029551,3.8187108282864943,4.019381523748645,3.8187108282864943,5.523458920524919,0.667530016189645,4.137164559405029,5.117993812416755,0.691153161953081,0.691153161953081,3.5085558999826545,4.607168188650764,4.607168188650764,5.630817438845419,4.137164559405029,4.42484663185681,3.577548771469606,0.691153161953081])",1.0
F078,"['step', 'keep', 'science', 'whose', 'benefit.', 'affect', 'amount', 'sit', 'third', 'manager.', 'adult', 'miss', 'management', 'action', 'lead', 'offer.', 'picture', 'walk', 'people', 'soon.', '—', 'shocking', 'claims', 'aliens', 'surface', 'internet.']","(10000,[72,503,650,1071,1241,1558,1840,2481,3331,3363,4263,5356,5635,5850,6055,6142,6633,6946,7161,7222,7281,7936,8338,8771,9539,9594],[4.270695952029551,0.691153161953081,2.958509563063383,4.42484663185681,3.4440173788450834,4.019381523748645,4.607168188650764,3.8187108282864943,5.117993812416755,4.270695952029551,4.270695952029551,4.137164559405029,4.830311739964974,0.691153161953081,4.019381523748645,4.137164559405029,4.270695952029551,4.019381523748645,4.830311739964974,4.270695952029551,0.6753425559264385,0.691153161953081,0.691153161953081,4.830311739964974,4.019381523748645,4.137164559405029])",0.0
R105,"['attorney', 'trial', 'happen', 'talk', 'success', 'join.', 'return', 'media', 'risk', 'term.', 'experts', 'discuss', 'ongoing', 'developments', 'budget', 'report.']","(10000,[635,1209,3410,3614,4506,4687,4704,4853,4991,5432,6533,8794,8925,9462,9828,9994],[3.914021008090819,4.607168188650764,4.019381523748645,0.667530016189645,0.691153161953081,0.691153161953081,3.8187108282864943,3.6516567436233283,2.6902455764687034,2.7200985396183848,5.117993812416755,4.137164559405029,4.607168188650764,0.691153161953081,4.607168188650764,4.830311739964974])",1.0
F196,"['great', 'north', 'live', 'shake', 'decade', 'pay.', 'weight', 'probably', 'truth', 'physical.', '—', 'shocking', 'claims', 'government', 'cover-up', 'surface', 'internet.']","(10000,[493,503,750,1116,1676,1778,2069,2180,2259,2297,5850,6030,7281,7936,8004,8338,9813],[4.019381523748645,0.691153161953081,4.019381523748645,4.607168188650764,5.117993812416755,4.270695952029551,4.607168188650764,4.270695952029551,2.8154087194227095,4.270695952029551,0.691153161953081,4.270695952029551,0.6753425559264385,0.691153161953081,4.019381523748645,0.691153161953081,2.997730276216664])",0.0
F118,"['fear', 'grow', 'minute', 'into.', 'must', 'along', 'somebody', 'sometimes.', '—', 'shocking', 'claims', 'immortal', 'jellyfish', 'surface', 'internet.']","(10000,[442,503,1023,1144,2066,2404,2840,3089,3357,5850,7281,7936,8338,9513,9876],[5.523458920524919,0.691153161953081,3.914021008090819,5.117993812416755,2.7508701982851385,4.42484663185681,4.270695952029551,4.42484663185681,4.830311739964974,0.691153161953081,0.6753425559264385,0.691153161953081,0.691153161953081,3.577548771469606,2.7508701982851385])",0.0
F077,"['official', 'around', 'pressure', 'major.', '—', 'shocking', 'claims', 'secret', 'cure', 'surface', 'internet.']","(10000,[503,3892,5661,5850,6197,6747,7281,7936,8338,8485,9829],[0.691153161953081,2.5530444549552183,4.607168188650764,0.691153161953081,3.914021008090819,2.5530444549552183,0.6753425559264385,0.691153161953081,0.691153161953081,4.270695952029551,5.523458920524919])",0.0
F070,"['degree', 'hope', 'base', 'size.', 'method', 'mission', 'last', 'before.', 'entire', 'plant', 'name', 'whether', 'model', 'assume.', '—', 'shocking', 'claims', 'government', 'cover-up', 'surface', 'internet.']","(10000,[15,503,2259,3406,3989,5850,6000,6015,6069,6532,7102,7244,7281,7696,7936,8173,8338,8550,8824,9813,9943],[4.270695952029551,0.691153161953081,2.8154087194227095,4.019381523748645,4.270695952029551,0.691153161953081,4.019381523748645,4.270695952029551,4.019381523748645,4.42484663185681,4.019381523748645,3.4440173788450834,0.6753425559264385,4.830311739964974,0.691153161953081,3.7316994512968646,0.691153161953081,5.117993812416755,4.42484663185681,2.997730276216664,4.607168188650764])",0.0
F041,"['deal', 'art', 'stock', 'price', 'effect', 'though.', 'reach', 'trial', 'prevent', 'soon', 'past', 'professor', 'manager.', '—', 'shocking', 'claims', 'immortal', 'jellyfish', 'surface', 'internet.']","(10000,[503,793,1041,1433,1738,2066,2543,3252,3410,5850,6324,7161,7281,7854,7936,8338,8386,9012,9275,9876],[0.691153161953081,4.42484663185681,4.42484663185681,4.607168188650764,4.137164559405029,2.7508701982851385,3.3262343431887,4.42484663185681,4.019381523748645,0.691153161953081,4.270695952029551,4.830311739964974,0.6753425559264385,4.42484663185681,0.691153161953081,0.691153161953081,4.607168188650764,5.523458920524919,4.270695952029551,2.7508701982851385])",0.0
R026,"['system', 'floor', 'easy', 'everybody', 'southern.', 'really', 'admit', 'single', 'step', 'hair', 'entire.', 'need', 'peace', 'area', 'on.', 'experts', 'discuss', 'ongoing', 'developments', 'policy.']","(10000,[656,760,1417,1558,2561,3614,3996,4112,4319,4506,4687,5611,5649,6537,6697,6944,7664,7889,8714,9462],[5.523458920524919,4.270695952029551,5.117993812416755,4.019381523748645,3.8187108282864943,0.667530016189645,5.117993812416755,4.137164559405029,3.5085558999826545,0.691153161953081,0.691153161953081,5.523458920524919,4.270695952029551,4.019381523748645,4.137164559405029,2.8154087194227095,4.607168188650764,4.830311739964974,4.019381523748645,0.691153161953081])",1.0
R207,"['total', 'someone', 'special.', 'inside', 'another', 'bring', 'box', 'agree', 'once.', 'program', 'huge', 'difficult', 'forward', 'teacher', 'according.', 'experts', 'discuss', 'ongoing', 'developments', 'policy.']","(10000,[573,1712,2198,3057,3614,3671,4506,4687,5118,6279,6925,6944,7922,8166,8411,8692,8708,9066,9462,9907],[4.607168188650764,4.137164559405029,3.914021008090819,4.270695952029551,0.667530016189645,4.270695952029551,0.691153161953081,0.691153161953081,4.830311739964974,3.8187108282864943,3.914021008090819,2.8154087194227095,4.019381523748645,3.914021008090819,3.577548771469606,5.117993812416755,4.830311739964974,4.019381523748645,0.691153161953081,5.117993812416755])",1.0
F163,"['west', 'week', 'work.', 'deep', 'bad', 'accept', 'eye.', 'medical', 'specific', 'democrat', 'raise', 'necessary', 'party.', 'threat', 'happy', 'simple', 'cup.', '—', 'shocking', 'claims', 'secret', 'cure', 'surface', 'internet.']","(10000,[360,503,1762,2059,2600,2657,2913,3527,3892,4201,5085,5122,5234,5347,5850,6747,7281,7936,7956,7979,8070,8268,8338,9300],[5.523458920524919,0.691153161953081,4.42484663185681,2.60568818844064,5.117993812416755,3.2721671219184243,3.5085558999826545,4.607168188650764,2.5530444549552183,4.830311739964974,3.5085558999826545,4.270695952029551,4.019381523748645,4.137164559405029,0.691153161953081,2.5530444549552183,0.6753425559264385,0.691153161953081,4.42484663185681,4.137164559405029,4.607168188650764,3.383392757028649,0.691153161953081,5.117993812416755])",0.0
F171,"['husband', 'traditional', 'training', 'however', 'answer', 'wife.', 'hair', 'quite', 'thought', 'financial', 'box', 'answer', 'tax.', 'leader', 'everybody', 'hit', 'rest', 'history', 'place.', '—', 'shocking', 'claims', 'government', 'cover-up', 'surface', 'internet.']","(10000,[55,503,911,1526,2259,2561,2708,3619,4131,4486,4529,5399,5850,6056,6543,7208,7281,7407,7538,7664,7922,7936,8252,8338,9813],[4.270695952029551,0.691153161953081,4.270695952029551,4.019381523748645,2.8154087194227095,3.8187108282864943,3.6516567436233283,8.274329118810059,5.117993812416755,4.270695952029551,5.117993812416755,4.270695952029551,0.691153161953081,3.914021008090819,4.019381523748645,4.42484663185681,0.6753425559264385,3.914021008090819,4.019381523748645,4.607168188650764,4.019381523748645,0.691153161953081,4.830311739964974,0.691153161953081,2.997730276216664])",0.0
F139,"['security', 'institution', 'true', 'general', 'up.', 'collection', 'avoid', 'perform', 'make', 'art.', '—', 'shocking', 'claims', 'immortal', 'jellyfish', 'surface', 'internet.']","(10000,[503,796,1098,1388,2066,2634,3243,3525,4043,5465,5850,7188,7281,7936,8209,8338,9876],[0.691153161953081,3.914021008090819,4.270695952029551,4.019381523748645,2.7508701982851385,3.8187108282864943,4.270695952029551,4.42484663185681,4.607168188650764,4.137164559405029,0.691153161953081,4.42484663185681,0.6753425559264385,0.691153161953081,4.42484663185681,0.691153161953081,2.7508701982851385])",0.0
F120,"['cold', 'quickly', 'attention', 'open', 'mission.', 'necessary', 'word', 'standard', 'everything', 'director.', 'strategy', 'evidence', 'writer', 'per', 'world', 'remember', 'actually.', '—', 'shocking', 'claims', 'miracle', 'drug', 'surface', 'internet.']","(10000,[298,503,1256,2054,2291,2967,3144,3391,3519,3888,3920,4489,5685,5783,5850,6906,7281,7860,7936,7979,8338,8408,9156,9360],[4.137164559405029,0.691153161953081,3.125563647726549,4.137164559405029,4.019381523748645,4.270695952029551,3.7316994512968646,5.117993812416755,4.607168188650764,5.523458920524919,4.42484663185681,5.523458920524919,4.607168188650764,4.019381523748645,0.691153161953081,4.42484663185681,0.6753425559264385,2.7826188965997183,0.691153161953081,4.137164559405029,0.691153161953081,4.42484663185681,4.019381523748645,4.019381523748645])",0.0
F146,"['message', 'war', 'political', 'plant', 'middle.', 'huge', 'street', 'later', 'water.', 'across', 'drive', 'real', 'president.', '—', 'shocking', 'claims', 'mind', 'control', 'surface', 'internet.']","(10000,[503,560,1208,2198,2715,3184,3684,3935,3973,5374,5850,6069,6325,7074,7244,7281,7936,8338,8719,9691],[0.691153161953081,4.270695952029551,2.7826188965997183,3.914021008090819,4.270695952029551,2.7508701982851385,4.137164559405029,4.137164559405029,5.523458920524919,4.137164559405029,0.691153161953081,4.019381523748645,3.8187108282864943,3.4440173788450834,3.4440173788450834,0.6753425559264385,0.691153161953081,0.691153161953081,4.42484663185681,4.42484663185681])",0.0
R115,"['step', 'enter', 'music', 'prevent', 'physical.', 'amount', 'day', 'huge', 'security', 'market', 'eight', 'help.', 'experts', 'discuss', 'ongoing', 'developments', 'research.']","(10000,[1116,1558,2198,2634,2657,3252,3614,3952,4506,4687,6370,7066,7222,7435,8482,9133,9462],[4.607168188650764,4.019381523748645,3.914021008090819,3.8187108282864943,3.2721671219184243,4.42484663185681,0.667530016189645,4.830311739964974,0.691153161953081,0.691153161953081,3.914021008090819,2.7826188965997183,4.270695952029551,4.607168188650764,4.270695952029551,4.42484663185681,0.691153161953081])",1.0
F039,"['common', 'information', 'behavior', 'its.', 'economic', 'effect', 'character', 'sit.', '—', 'shocking', 'claims', 'aliens', 'surface', 'internet.']","(10000,[503,650,735,2778,4867,5850,6324,6332,7015,7281,7936,8190,8338,9144],[0.691153161953081,2.958509563063383,3.914021008090819,5.117993812416755,4.270695952029551,0.691153161953081,4.270695952029551,4.42484663185681,5.523458920524919,0.6753425559264385,0.691153161953081,4.137164559405029,0.691153161953081,2.7508701982851385])",0.0
F225,"['power', 'listen', 'conference', 'return.', 'mother', 'heavy', 'thought', 'mr', 'customer', 'white.', 'hard', 'allow', 'southern', 'wish', 'student', 'cost', 'art.', '—', 'shocking', 'claims', 'hoax', 'surface', 'internet.']","(10000,[55,354,429,495,503,1413,2647,3056,3536,3743,4043,4377,4490,4835,5125,5657,5850,6877,7281,7936,8338,8684,8949],[4.270695952029551,3.577548771469606,4.270695952029551,4.137164559405029,0.691153161953081,3.914021008090819,4.137164559405029,4.019381523748645,4.607168188650764,3.914021008090819,4.607168188650764,2.60568818844064,3.8187108282864943,4.137164559405029,4.270695952029551,4.42484663185681,0.691153161953081,5.523458920524919,0.6753425559264385,0.691153161953081,0.691153161953081,5.117993812416755,4.270695952029551])",0.0
F140,"['learn', 'billion', 'whether.', 'work', 'peace', 'tree', 'reflect', 'environmental', 'must', 'final.', 'animal', 'charge', 'pay.', '—', 'shocking', 'claims', 'aliens', 'surface', 'internet.']","(10000,[258,503,650,1023,1676,2101,5321,5850,5871,5967,6027,6547,6697,6812,7281,7360,7936,8338,9527],[4.137164559405029,0.691153161953081,2.958509563063383,3.914021008090819,5.117993812416755,4.607168188650764,3.914021008090819,0.691153161953081,4.137164559405029,4.270695952029551,4.270695952029551,4.42484663185681,4.137164559405029,4.607168188650764,0.6753425559264385,4.607168188650764,0.691153161953081,0.691153161953081,4.270695952029551])",0.0
F122,"['inside', 'strategy', 'lot', 'job', 'much', 'resource.', 'first', 'court', 'laugh', 'wife.', '—', 'shocking', 'claims', 'mind', 'control', 'surface', 'internet.']","(10000,[503,524,557,1208,2291,3184,4568,4943,5399,5850,6403,6484,7098,7281,7936,8338,9066],[0.691153161953081,3.7316994512968646,4.42484663185681,2.7826188965997183,4.019381523748645,2.7508701982851385,4.42484663185681,4.830311739964974,4.270695952029551,0.691153161953081,4.137164559405029,5.117993812416755,4.270695952029551,0.6753425559264385,0.691153161953081,0.691153161953081,4.019381523748645])",0.0
R070,"['morning', 'important', 'write', 'enjoy', 'page.', 'bed', 'scene', 'worker', 'son', 'ball', 'light.', 'experts', 'discuss', 'ongoing', 'developments', 'budget', 'report.']","(10000,[209,1805,1967,2676,3160,3614,3813,4390,4506,4687,4991,5432,5445,5844,7492,9462,9497],[4.830311739964974,4.270695952029551,4.607168188650764,4.607168188650764,4.830311739964974,0.667530016189645,4.830311739964974,5.117993812416755,0.691153161953081,0.691153161953081,2.6902455764687034,2.7200985396183848,4.137164559405029,3.914021008090819,4.270695952029551,0.691153161953081,4.270695952029551])",1.0
F248,"['red', 'play', 'go', 'world', 'attention', 'law', 'class.', 'middle', 'answer', 'idea', 'officer', 'become', 'do.', 'example', 'sort', 'camera', 'various', 'kitchen', 'red.', '—', 'shocking', 'claims', 'celebrity', 'scandal', 'surface', 'internet.']","(10000,[52,503,696,756,1650,1862,2173,3144,3486,3619,3979,4921,5241,5720,5850,5958,6451,6647,7090,7281,7936,8338,9360,9606,9878,9948],[5.117993812416755,0.691153161953081,4.42484663185681,4.42484663185681,4.019381523748645,5.523458920524919,4.607168188650764,3.7316994512968646,2.849310271098391,4.137164559405029,4.137164559405029,2.849310271098391,5.117993812416755,4.270695952029551,0.691153161953081,4.137164559405029,3.6516567436233283,4.270695952029551,4.830311739964974,0.6753425559264385,0.691153161953081,0.691153161953081,4.019381523748645,3.7316994512968646,4.019381523748645,5.523458920524919])",0.0
R016,"['wait', 'even', 'effect.', 'together', 'word', 'ahead', 'hotel', 'half', 'figure.', 'analysis', 'show', 'certain', 'born', 'onto', 'play.', 'experts', 'discuss', 'ongoing', 'developments', 'technology', 'breakthrough.']","(10000,[1020,1296,1780,1890,2227,2663,3519,3614,4019,4247,4319,4506,4517,4687,5477,6406,8268,8312,9288,9462,9545],[2.579019941358479,3.914021008090819,4.607168188650764,4.830311739964974,2.7200985396183848,4.270695952029551,4.607168188650764,0.667530016189645,4.270695952029551,4.607168188650764,3.5085558999826545,0.691153161953081,5.523458920524919,0.691153161953081,4.42484663185681,3.914021008090819,3.383392757028649,4.137164559405029,3.8187108282864943,0.691153161953081,5.117993812416755])",1.0
R148,"['eat', 'nice', 'popular', 'report.', 'mother', 'prepare', 'score', 'source', 'station.', 'experts', 'discuss', 'ongoing', 'developments', 'technology', 'breakthrough.']","(10000,[354,1020,1290,1927,2227,2286,3370,3614,4506,4687,5432,6148,7276,7721,9462],[3.577548771469606,2.579019941358479,4.830311739964974,4.019381523748645,2.7200985396183848,4.830311739964974,4.270695952029551,0.667530016189645,0.691153161953081,0.691153161953081,2.7200985396183848,4.270695952029551,3.8187108282864943,4.137164559405029,0.691153161953081])",1.0
R142,"['east', 'two', 'war', 'institution.', 'seek', 'laugh', 'analysis', 'cost', 'party', 'nature', 'degree.', 'anyone', 'goal', 'phone', 'fish.', 'experts', 'discuss', 'ongoing', 'developments', 'budget', 'report.']","(10000,[171,666,1296,1379,1626,3471,3611,3614,4490,4506,4687,4728,4928,4991,5089,5432,6576,7098,7180,8719,9462],[3.577548771469606,4.607168188650764,3.914021008090819,4.137164559405029,4.137164559405029,5.523458920524919,4.42484663185681,0.667530016189645,3.8187108282864943,0.691153161953081,0.691153161953081,4.42484663185681,5.117993812416755,2.6902455764687034,4.270695952029551,2.7200985396183848,4.137164559405029,4.270695952029551,4.830311739964974,4.42484663185681,0.691153161953081])",1.0
F141,"['street', 'stage', 'raise', 'personal', 'thought', 'mr', 'month.', 'test', 'soldier', 'environmental', 'free', 'better', 'deep.', 'home', 'reveal', 'require', 'work', 'discussion.', '—', 'shocking', 'claims', 'miracle', 'drug', 'surface', 'internet.']","(10000,[30,55,503,1073,1256,1481,1507,1982,2543,2647,3365,3527,3684,4079,4141,5850,6027,6586,7281,7860,7936,7939,8338,8449,9527],[3.914021008090819,4.270695952029551,0.691153161953081,3.914021008090819,3.125563647726549,4.270695952029551,3.6516567436233283,5.117993812416755,3.3262343431887,4.137164559405029,4.42484663185681,4.607168188650764,4.137164559405029,4.607168188650764,4.42484663185681,0.691153161953081,4.270695952029551,4.270695952029551,0.6753425559264385,2.7826188965997183,0.691153161953081,4.42484663185681,0.691153161953081,4.270695952029551,4.270695952029551])",0.0
R076,"['personal', 'list', 'least', 'way.', 'pattern', 'physical', 'find', 'character', 'sometimes', 'their.', 'experts', 'discuss', 'ongoing', 'developments', 'technology', 'breakthrough.']","(10000,[617,1020,1634,2227,3614,4108,4506,4639,4687,4867,5869,7510,7939,8649,8728,9462],[5.117993812416755,2.579019941358479,4.137164559405029,2.7200985396183848,0.667530016189645,4.830311739964974,0.691153161953081,4.830311739964974,0.691153161953081,4.270695952029551,4.607168188650764,4.42484663185681,4.42484663185681,3.6516567436233283,3.5085558999826545,0.691153161953081])",1.0
R180,"['professor', 'term', 'from.', 'mr', 'senior', 'type', 'try', 'position.', 'hair', 'indicate', 'bar', 'sport', 'civil', 'avoid', 'point.', 'experts', 'discuss', 'ongoing', 'developments', 'budget', 'report.']","(10000,[454,593,1388,1819,2188,2543,2647,3495,3526,3614,4144,4506,4687,4693,4991,5432,6485,7332,7664,8278,9462],[4.42484663185681,3.6516567436233283,4.019381523748645,5.523458920524919,4.830311739964974,3.3262343431887,4.137164559405029,5.523458920524919,4.270695952029551,0.667530016189645,4.607168188650764,0.691153161953081,0.691153161953081,3.914021008090819,2.6902455764687034,2.7200985396183848,4.270695952029551,4.270695952029551,4.607168188650764,4.830311739964974,0.691153161953081])",1.0
F126,"['former', 'trade.', 'agree', 'economic', 'hair', 'add', 'event.', 'available', 'ten', 'task', 'product', 'less', 'data', 'lawyer.', 'physical', 'sister', 'small', 'rest', 'important', 'green', 'recent', 'reason.', '—', 'shocking', 'claims', 'aliens', 'surface', 'internet.']","(10000,[141,222,447,503,551,650,1195,1695,1967,2475,2708,3521,4160,5085,5279,5375,5591,5850,6925,7166,7281,7664,7936,8338,8451,8649,9144,9887],[4.270695952029551,4.270695952029551,3.914021008090819,0.691153161953081,4.270695952029551,2.958509563063383,4.137164559405029,4.830311739964974,4.607168188650764,4.137164559405029,3.6516567436233283,3.8187108282864943,4.830311739964974,3.5085558999826545,5.117993812416755,4.830311739964974,3.914021008090819,0.691153161953081,3.914021008090819,5.117993812416755,0.6753425559264385,4.607168188650764,0.691153161953081,0.691153161953081,4.42484663185681,3.6516567436233283,2.7508701982851385,5.117993812416755])",0.0
R134,"['pull', 'thank', 'position', 'some.', 'professor', 'unit', 'tough', 'technology', 'lot', 'call.', 'large', 'bar', 'brother', 'ten', 'low', 'free', 'reality.', 'experts', 'discuss', 'ongoing', 'developments', 'economic', 'growth.']","(10000,[291,1020,1073,1339,1687,2543,3082,3244,3614,4506,4687,4943,5085,5447,6335,6597,7022,7183,7332,8411,9034,9144,9462],[4.607168188650764,2.579019941358479,3.914021008090819,4.42484663185681,4.137164559405029,3.3262343431887,5.523458920524919,5.523458920524919,0.667530016189645,0.691153161953081,0.691153161953081,4.830311739964974,3.5085558999826545,3.6516567436233283,4.830311739964974,3.8187108282864943,4.42484663185681,5.117993812416755,4.270695952029551,3.577548771469606,2.920769235080536,2.7508701982851385,0.691153161953081])",1.0
F132,"['mrs', 'article', 'behind.', '—', 'shocking', 'claims', 'mind', 'control', 'surface', 'internet.']","(10000,[503,1208,1702,3184,5850,7281,7936,8271,8338,9751],[0.691153161953081,2.7826188965997183,4.830311739964974,2.7508701982851385,0.691153161953081,0.6753425559264385,0.691153161953081,4.830311739964974,0.691153161953081,4.019381523748645])",0.0
F230,"['recognize', 'fill', 'win.', 'security', 'human', 'analysis', 'admit.', 'industry', 'technology', 'want', 'artist.', '—', 'shocking', 'claims', 'immortal', 'jellyfish', 'surface', 'internet.']","(10000,[503,1020,1296,2066,2634,3010,3761,5850,6436,7117,7281,7712,7936,8171,8303,8338,9727,9876],[0.691153161953081,2.579019941358479,3.914021008090819,2.7508701982851385,3.8187108282864943,4.607168188650764,4.270695952029551,0.691153161953081,4.830311739964974,4.830311739964974,0.6753425559264385,4.607168188650764,0.691153161953081,3.4440173788450834,4.607168188650764,0.691153161953081,4.607168188650764,2.7508701982851385])",0.0
F243,"['house', 'billion', 'situation', 'away', 'member.', 'interesting', 'dinner', 'treatment.', 'evening', 'within', 'public', 'position', 'return.', '—', 'shocking', 'claims', 'aliens', 'surface', 'internet.']","(10000,[258,503,650,1339,1770,2240,2403,3136,3143,3634,3737,5286,5836,5850,7281,7936,8338,8684,9817],[4.137164559405029,0.691153161953081,2.958509563063383,4.42484663185681,2.8844015909096608,4.019381523748645,3.6516567436233283,4.42484663185681,4.830311739964974,3.8187108282864943,3.6516567436233283,4.137164559405029,4.830311739964974,0.691153161953081,0.6753425559264385,0.691153161953081,0.691153161953081,5.117993812416755,3.7316994512968646])",0.0
R191,"['firm', 'issue', 'strong', 'accept', 'get', 'dream', 'foreign', 'news.', 'wish', 'wide', 'democrat', 'involve', 'large', 'often.', 'answer', 'officer', 'food', 'them.', 'experts', 'discuss', 'ongoing', 'developments', 'budget', 'report.']","(10000,[495,696,1195,2366,2657,2836,3614,3619,4506,4687,4991,5234,5432,6206,6271,6355,6616,7022,8653,8757,8894,8957,9426,9462],[4.137164559405029,4.42484663185681,4.137164559405029,4.137164559405029,3.2721671219184243,4.42484663185681,0.667530016189645,4.137164559405029,0.691153161953081,0.691153161953081,2.6902455764687034,4.019381523748645,2.7200985396183848,4.607168188650764,4.137164559405029,4.137164559405029,4.270695952029551,4.42484663185681,4.607168188650764,4.830311739964974,3.8187108282864943,5.117993812416755,4.270695952029551,0.691153161953081])",1.0
R130,"['magazine.', 'push', 'already', 'hour', 'forget.', 'author', 'really', 'young', 'study', 'source', 'mission', 'trial.', 'experts', 'discuss', 'ongoing', 'developments', 'public', 'health.']","(10000,[497,527,594,1770,2419,3032,3614,4112,4224,4506,4687,5978,6069,6219,7721,7809,9350,9462],[4.830311739964974,4.270695952029551,4.607168188650764,2.8844015909096608,5.117993812416755,5.117993812416755,0.667530016189645,4.137164559405029,4.607168188650764,0.691153161953081,0.691153161953081,4.42484663185681,4.019381523748645,3.172083663361442,4.137164559405029,4.270695952029551,4.607168188650764,0.691153161953081])",1.0
F081,"['either', 'meet', 'range', 'worker.', 'ago', 'force', 'year', 'section', 'soon.', '—', 'shocking', 'claims', 'mind', 'control', 'surface', 'internet.']","(10000,[165,391,503,1208,1896,3184,5371,5635,5850,6968,7281,7936,8338,8899,9126,9940],[4.830311739964974,3.7316994512968646,0.691153161953081,2.7826188965997183,3.914021008090819,2.7508701982851385,4.830311739964974,4.830311739964974,0.691153161953081,4.019381523748645,0.6753425559264385,0.691153161953081,0.691153161953081,4.830311739964974,4.42484663185681,4.270695952029551])",0.0
R209,"['customer', 'impact', 'leader', 'foot', 'week', 'idea.', 'perform', 'central', 'several', 'girl', 'paper.', 'experts', 'discuss', 'ongoing', 'developments', 'technology', 'breakthrough.']","(10000,[1020,1029,1098,1375,1413,1526,1972,2227,3614,4506,4687,5122,7890,8928,9227,9462,9766],[2.579019941358479,4.137164559405029,4.270695952029551,5.523458920524919,3.914021008090819,4.019381523748645,4.019381523748645,2.7200985396183848,0.667530016189645,0.691153161953081,0.691153161953081,4.270695952029551,4.137164559405029,4.607168188650764,4.270695952029551,0.691153161953081,4.607168188650764])",1.0
F228,"['television', 'record', 'power', 'sort.', 'computer', 'fall', 'hit', 'eat', 'truth.', 'cultural', 'look', 'somebody.', '—', 'shocking', 'claims', 'hoax', 'surface', 'internet.']","(10000,[503,3056,3729,4347,4377,5850,6373,7276,7281,7936,8151,8252,8338,8713,8741,9233,9311,9939],[0.691153161953081,4.019381523748645,4.019381523748645,5.117993812416755,2.60568818844064,0.691153161953081,5.117993812416755,3.8187108282864943,0.6753425559264385,0.691153161953081,4.019381523748645,4.830311739964974,0.691153161953081,4.607168188650764,5.117993812416755,4.019381523748645,4.607168188650764,5.523458920524919])",0.0
R030,"['professor', 'fall', 'difference', 'baby', 'sense.', 'daughter', 'test', 'case', 'describe', 'happen', 'west', 'inside.', 'include', 'compare.', 'experts', 'discuss', 'ongoing', 'developments', 'budget', 'report.']","(10000,[353,1348,2543,2953,3614,3729,4506,4570,4687,4704,4991,5085,5432,5465,6342,6586,7085,7623,7866,9462],[3.8187108282864943,5.117993812416755,3.3262343431887,3.914021008090819,0.667530016189645,4.019381523748645,0.691153161953081,4.830311739964974,0.691153161953081,3.8187108282864943,2.6902455764687034,3.5085558999826545,2.7200985396183848,4.137164559405029,3.914021008090819,4.270695952029551,4.270695952029551,4.019381523748645,4.42484663185681,0.691153161953081])",1.0
R214,"['life', 'official', 'quality', 'federal.', 'onto', 'authority', 'member.', 'let', 'impact', 'activity', 'prove', 'hundred', 'body', 'listen', 'production.', 'experts', 'discuss', 'ongoing', 'developments', 'education.']","(10000,[429,841,1176,1640,1972,2403,2782,3477,3506,3614,4319,4506,4687,5047,5175,5214,8110,8267,8485,9462],[4.270695952029551,4.607168188650764,4.137164559405029,5.523458920524919,4.019381523748645,3.6516567436233283,5.117993812416755,4.270695952029551,3.8187108282864943,0.667530016189645,3.5085558999826545,0.691153161953081,0.691153161953081,2.6902455764687034,4.42484663185681,4.270695952029551,4.42484663185681,4.270695952029551,4.270695952029551,0.691153161953081])",1.0
R175,"['religious', 'family', 'degree', 'scene', 'green', 'no.', 'various', 'beautiful', 'middle', 'us', 'wait', 'tend.', 'child', 'benefit', 'art', 'finally.', 'easy', 'mouth', 'everything', 'later', 'evidence', 'whatever', 'run.', 'experts', 'discuss', 'ongoing', 'developments', 'economic', 'growth.']","(10000,[551,560,760,1273,1619,2054,2470,3614,4293,4506,4687,5477,5653,5797,5844,6647,6660,7244,7497,7695,7854,7912,8297,9034,9144,9156,9462,9878,9943],[4.270695952029551,4.270695952029551,4.270695952029551,4.019381523748645,5.523458920524919,4.137164559405029,5.117993812416755,0.667530016189645,4.42484663185681,0.691153161953081,0.691153161953081,4.42484663185681,4.137164559405029,5.117993812416755,3.914021008090819,4.270695952029551,4.270695952029551,3.4440173788450834,4.137164559405029,4.42484663185681,4.42484663185681,4.830311739964974,4.830311739964974,2.920769235080536,2.7508701982851385,4.019381523748645,0.691153161953081,4.019381523748645,4.607168188650764])",1.0
