id,title,filtered_words,label
R129,New Report on Election,"['camera', 'environment', 'movie', 'girl', 'tonight', 'second', 'service', 'just.', 'fear', 'sit', 'early', 'however', 'true', 'join', 'media.', 'experts', 'discuss', 'ongoing', 'developments', 'election.']",REAL
R227,New Report on Climate Change,"['either', 'something', 'include', 'pretty.', 'report', 'form', 'huge', 'interesting', 'line', 'majority.', 'experts', 'discuss', 'ongoing', 'developments', 'climate', 'change.']",REAL
F231,Aliens Confirmed by Sources,"['trade', 'successful', 'real', 'service', 'if.', 'allow', 'camera', 'together', 'keep', 'group', 'like.', '—', 'shocking', 'claims', 'aliens', 'surface', 'internet.']",FAKE
R066,New Report on Policy,"['teach', 'five', 'story', 'process', 'trial', 'article.', 'company', 'factor', 'store', 'relationship', 'message', 'time', 'raise.', 'democrat', 'reveal', 'hold', 'finally', 'economic', 'help', 'church.', 'experts', 'discuss', 'ongoing', 'developments', 'policy.']",REAL
F095,Mind Control Confirmed by Sources,"['appear', 'give', 'everybody', 'age', 'light', 'sort.', '—', 'shocking', 'claims', 'mind', 'control', 'surface', 'internet.']",FAKE
R174,New Report on Policy,"['agency', 'agency', 'develop', 'decade', 'role', 'it.', 'start', 'cell', 'consider', 'everybody', 'situation', 'performance', 'customer', 'notice.', 'experts', 'discuss', 'ongoing', 'developments', 'policy.']",REAL
R201,New Report on Public Health,"['return', 'space', 'number', 'live', 'happy', 'project', 'relate.', 'director', 'change', 'growth', 'father', 'answer.', 'future', 'inside', 'detail', 'light', 'small', 'speak.', 'experts', 'discuss', 'ongoing', 'developments', 'public', 'health.']",REAL
R072,New Report on Education,"['light', 'represent', 'check', 'manager', 'us', 'decade', 'attorney', 'happen.', 'large', 'idea', 'much', 'style', 'surface', 'bar.', 'experts', 'discuss', 'ongoing', 'developments', 'education.']",REAL
R064,New Report on Research,"['need', 'ground', 'step', 'bill', 'west', 'various', 'hold.', 'reveal', 'last', 'television', 'kid', 'animal', 'leave.', 'experts', 'discuss', 'ongoing', 'developments', 'research.']",REAL
F037,Miracle Drug Confirmed by Sources,"['arm', 'public', 'pay', 'effect', 'happen', 'main.', 'reduce', 'music', 'spring', 'possible', 'consumer', 'cultural.', '—', 'shocking', 'claims', 'miracle', 'drug', 'surface', 'internet.']",FAKE
R170,New Report on Technology Breakthrough,"['explain', 'guess', 'try', 'note.', 'statement', 'knowledge', 'former', 'week.', 'fall', 'use', 'base', 'risk', 'rise.', 'seek', 'resource', 'focus.', 'experts', 'discuss', 'ongoing', 'developments', 'technology', 'breakthrough.']",REAL
F110,Celebrity Scandal Confirmed by Sources,"['sea', 'hard', 'the.', 'whatever', 'happy', 'world', 'physical', 'billion', 'evidence.', 'daughter', 'public', 'create.', '—', 'shocking', 'claims', 'celebrity', 'scandal', 'surface', 'internet.']",FAKE
F048,Secret Cure Confirmed by Sources,"['evening', 'water', 'customer', 'believe', 'store', 'effort', 'along', 'wear.', 'case', 'argue', 'conference.', '—', 'shocking', 'claims', 'secret', 'cure', 'surface', 'internet.']",FAKE
F082,Hoax Confirmed by Sources,"['list', 'technology', 'author', 'recognize', 'billion.', 'meeting', 'across', 'realize', 'chance.', 'general', 'pass', 'fact', 'walk', 'enter', 'away', 'treatment.', '—', 'shocking', 'claims', 'hoax', 'surface', 'internet.']",FAKE
F187,Miracle Drug Confirmed by Sources,"['adult', 'gun', 'firm', 'along.', 'participant', 'good', 'century', 'car', 'black.', 'score', 'indicate', 'leader.', '—', 'shocking', 'claims', 'miracle', 'drug', 'surface', 'internet.']",FAKE
F027,Miracle Drug Confirmed by Sources,"['information', 'rich', 'price', 'whose', 'author.', 'reveal', 'town', 'word', 'poor', 'modern.', '—', 'shocking', 'claims', 'miracle', 'drug', 'surface', 'internet.']",FAKE
F202,Hoax Confirmed by Sources,"['attention', 'agree', 'test.', 'behind', 'safe', 'also.', '—', 'shocking', 'claims', 'hoax', 'surface', 'internet.']",FAKE
F197,Secret Cure Confirmed by Sources,"['world', 'food', 'city', 'method', 'benefit', 'institution.', 'whether', 'foot', 'respond', 'fight', 'specific.', 'set', 'every', 'us', 'instead.', '—', 'shocking', 'claims', 'secret', 'cure', 'surface', 'internet.']",FAKE
R128,New Report on Climate Change,"['ask', 'place', 'cold', 'different', 'hour', 'help', 'them.', 'drug', 'miss', 'season.', 'experts', 'discuss', 'ongoing', 'developments', 'climate', 'change.']",REAL
F157,Government Cover-Up Confirmed by Sources,"['sit', 'shake', 'religious', 'player', 'up.', '—', 'shocking', 'claims', 'government', 'cover-up', 'surface', 'internet.']",FAKE
F117,Hoax Confirmed by Sources,"['speak', 'three', 'event', 'grow', 'show', 'model', 'choice.', 'lawyer', 'program', 'wish', 'moment', 'none', 'traditional.', 'arm', 'bill', 'easy', 'upon.', '—', 'shocking', 'claims', 'hoax', 'surface', 'internet.']",FAKE
F173,Secret Cure Confirmed by Sources,"['left', 'focus', 'realize', 'camera', 'five', 'authority.', '—', 'shocking', 'claims', 'secret', 'cure', 'surface', 'internet.']",FAKE
F024,Aliens Confirmed by Sources,"['box', 'policy', 'floor', 'fear', 'arrive.', 'trade', 'end', 'wall', 'drug', 'structure.', '—', 'shocking', 'claims', 'aliens', 'surface', 'internet.']",FAKE
F096,Celebrity Scandal Confirmed by Sources,"['international', 'glass', 'nearly', 'fine.', 'analysis', 'left.', '—', 'shocking', 'claims', 'celebrity', 'scandal', 'surface', 'internet.']",FAKE
R247,New Report on Public Health,"['either', 'return', 'build', 'wind', 'lay', 'attention.', 'tend', 'country', 'mind', 'experience', 'better.', 'film', 'sport', 'medical', 'something.', 'defense', 'type', 'everyone', 'important.', 'experts', 'discuss', 'ongoing', 'developments', 'public', 'health.']",REAL
F226,Government Cover-Up Confirmed by Sources,"['traditional', 'available', 'policy.', 'security', 'today', 'far', 'debate', 'buy.', 'mrs', 'property', 'radio', 'lot', 'dinner', 'cup', 'heavy', 'memory.', '—', 'shocking', 'claims', 'government', 'cover-up', 'surface', 'internet.']",FAKE
F100,Flat Earth Confirmed by Sources,"['sing', 'study', 'member', 'certain', 'social', 'really.', 'company', 'dinner', 'tonight', 'conference.', 'cover', 'building', 'lead', 'right', 'whether.', '—', 'shocking', 'claims', 'flat', 'earth', 'surface', 'internet.']",FAKE
F246,Government Cover-Up Confirmed by Sources,"['degree', 'defense', 'near', 'line', 'black', 'force.', 'quality', 'foreign', 'may', 'hope', 'boy', 'season', 'somebody.', '—', 'shocking', 'claims', 'government', 'cover-up', 'surface', 'internet.']",FAKE
F183,Aliens Confirmed by Sources,"['development', 'recent', 'news', 'behavior', 'training', 'cost.', 'treat', 'dinner', 'month', 'doctor', 'coach', 'realize.', '—', 'shocking', 'claims', 'aliens', 'surface', 'internet.']",FAKE
R063,New Report on Policy,"['drop', 'attack', 'officer', 'main', 'chance', 'interview.', 'interview', 'large', 'identify', 'although', 'protect', 'themselves.', 'build', 'scientist', 'impact', 'choice', 'structure.', 'experts', 'discuss', 'ongoing', 'developments', 'policy.']",REAL
R005,New Report on Election,"['spring', 'many', 'military.', 'past', 'huge', 'treatment', 'water', 'room.', 'experts', 'discuss', 'ongoing', 'developments', 'election.']",REAL
R084,New Report on Election,"['technology', 'force', 'put', 'news', 'manage', 'that.', 'father', 'decide', 'recognize', 'edge', 'require', 'laugh.', 'radio', 'property', 'there.', 'experts', 'discuss', 'ongoing', 'developments', 'election.']",REAL
R124,New Report on Education,"['dinner', 'natural', 'everybody.', 'ask', 'recognize', 'positive', 'walk', 'hospital.', 'despite', 'doctor', 'government', 'upon', 'skin', 'ten', 'authority.', 'experts', 'discuss', 'ongoing', 'developments', 'education.']",REAL
R118,New Report on Research,"['amount', 'letter', 'study', 'approach.', 'hope', 'drive', 'recently', 'effort', 'behind.', 'successful', 'quality', 'whatever', 'plant', 'marriage.', 'experts', 'discuss', 'ongoing', 'developments', 'research.']",REAL
F001,Aliens Confirmed by Sources,"['sure', 'forget', 'thing', 'art', 'green', 'authority.', 'summer', 'manager', 'indeed', 'start.', 'garden', 'official', 'yet', 'within', 'box', 'whole.', '—', 'shocking', 'claims', 'aliens', 'surface', 'internet.']",FAKE
F007,Immortal Jellyfish Confirmed by Sources,"['trip', 'community', 'defense', 'attack.', 'fine', 'floor', 'usually', 'star', 'modern', 'my.', '—', 'shocking', 'claims', 'immortal', 'jellyfish', 'surface', 'internet.']",FAKE
F046,Mind Control Confirmed by Sources,"['pretty', 'threat', 'fine', 'full', 'style', 'whether.', '—', 'shocking', 'claims', 'mind', 'control', 'surface', 'internet.']",FAKE
R103,New Report on Research,"['mouth', 'series', 'often', 'decide', 'chair.', 'region', 'number', 'analysis', 'exist.', 'easy', 'available', 'hot', 'across.', 'experts', 'discuss', 'ongoing', 'developments', 'research.']",REAL
R037,New Report on Budget Report,"['brother', 'office', 'rock.', 'gas', 'catch', 'receive', 'rich.', 'experts', 'discuss', 'ongoing', 'developments', 'budget', 'report.']",REAL
F193,Secret Cure Confirmed by Sources,"['street', 'garden', 'thank', 'question', 'possible', 'soldier.', 'evidence', 'hope', 'free', 'spend', 'official.', 'store', 'phone', 'off.', '—', 'shocking', 'claims', 'secret', 'cure', 'surface', 'internet.']",FAKE
R166,New Report on Election,"['people', 'police', 'claim', 'scene', 'tax', 'quickly.', 'stay', 'artist', 'wife', 'green', 'girl', 'open.', 'experts', 'discuss', 'ongoing', 'developments', 'election.']",REAL
F017,Immortal Jellyfish Confirmed by Sources,"['establish', 'land', 'opportunity', 'hundred', 'thank', 'themselves.', 'authority', 'onto', 'specific', 'worry', 'institution.', 'official', 'almost', 'short', 'no.', '—', 'shocking', 'claims', 'immortal', 'jellyfish', 'surface', 'internet.']",FAKE
R008,New Report on Economic Growth,"['model', 'administration', 'number', 'agreement', 'family.', 'experts', 'discuss', 'ongoing', 'developments', 'economic', 'growth.']",REAL
F071,Celebrity Scandal Confirmed by Sources,"['reduce', 'however', 'reflect', 'quality', 'month.', 'focus', 'mind', 'condition', 'couple.', 'late', 'option', 'sister', 'air', 'fast.', '—', 'shocking', 'claims', 'celebrity', 'scandal', 'surface', 'internet.']",FAKE
F028,Mind Control Confirmed by Sources,"['really', 'difference', 'know.', 'water', 'vote', 'pull', 'well', 'board.', 'property', 'home', 'reason', 'white', 'foot', 'simple', 'list.', '—', 'shocking', 'claims', 'mind', 'control', 'surface', 'internet.']",FAKE
F227,Immortal Jellyfish Confirmed by Sources,"['chance', 'along', 'attention', 'suggest.', 'bit', 'party', 'determine', 'identify', 'phone', 'join', 'carry', 'wife.', 'rock', 'age.', '—', 'shocking', 'claims', 'immortal', 'jellyfish', 'surface', 'internet.']",FAKE
R200,New Report on Public Health,"['kitchen', 'outside', 'live', 'shake', 'fund', 'majority', 'know.', 'none', 'peace', 'property', 'response', 'partner', 'before.', 'reflect', 'improve', 'source', 'program.', 'experts', 'discuss', 'ongoing', 'developments', 'public', 'health.']",REAL
R225,New Report on Climate Change,"['second', 'seek', 'draw', 'gun', 'kind', 'mission', 'budget.', 'career', 'clearly', 'use', 'soldier', 'stock', 'story', 'run.', 'send', 'east', 'seem', 'democratic', 'pattern.', 'experts', 'discuss', 'ongoing', 'developments', 'climate', 'change.']",REAL
R062,New Report on Budget Report,"['mind', 'main', 'radio', 'white', 'boy.', 'experts', 'discuss', 'ongoing', 'developments', 'budget', 'report.']",REAL
F033,Hoax Confirmed by Sources,"['eight', 'certain', 'company', 'entire', 'safe', 'site.', 'throw', 'dog', 'radio', 'up.', 'entire', 'value', 'actually', 'example', 'glass', 'republican.', 'take', 'class.', '—', 'shocking', 'claims', 'hoax', 'surface', 'internet.']",FAKE
F012,Hoax Confirmed by Sources,"['safe', 'think', 'improve', 'decide', 'top', 'billion', 'manage.', 'pass', 'right.', 'subject', 'scientist', 'relate', 'final.', 'loss', 'per', 'choose', 'eight', 'set', 'second.', '—', 'shocking', 'claims', 'hoax', 'surface', 'internet.']",FAKE
R121,New Report on Research,"['start', 'possible', 'chance', 'forget.', 'country', 'wear', 'buy', 'local', 'outside', 'husband', 'home.', 'experts', 'discuss', 'ongoing', 'developments', 'research.']",REAL
F210,Aliens Confirmed by Sources,"['attorney', 'interesting', 'improve', 'make', 'store', 'small', 'ten.', 'test', 'lose', 'career', 'lawyer.', '—', 'shocking', 'claims', 'aliens', 'surface', 'internet.']",FAKE
F151,Hoax Confirmed by Sources,"['support', 'month', 'season', 'product', 'style.', 'agency', 'economy', 'bit.', '—', 'shocking', 'claims', 'hoax', 'surface', 'internet.']",FAKE
F099,Secret Cure Confirmed by Sources,"['billion', 'get', 'company.', 'radio', 'model', 'large.', '—', 'shocking', 'claims', 'secret', 'cure', 'surface', 'internet.']",FAKE
R090,New Report on Technology Breakthrough,"['fish', 'drive', 'page', 'understand', 'try.', 'address', 'later', 'finally', 'water', 'agent.', 'use', 'relate', 'whole', 'time.', 'experts', 'discuss', 'ongoing', 'developments', 'technology', 'breakthrough.']",REAL
R125,New Report on Budget Report,"['cut', 'vote', 'admit', 'stage', 'experience', 'result', 'month.', 'billion', 'agreement', 'share', 'activity', 'wait', 'seek', 'continue.', 'experts', 'discuss', 'ongoing', 'developments', 'budget', 'report.']",REAL
R091,New Report on Climate Change,"['discover', 'avoid', 'marriage', 'keep', 'amount', 'financial', 'campaign', 'must.', 'experts', 'discuss', 'ongoing', 'developments', 'climate', 'change.']",REAL
R157,New Report on Climate Change,"['little', 'become', 'commercial', 'sure', 'head', 'meeting.', 'red', 'according', 'change', 'game', 'she.', 'experts', 'discuss', 'ongoing', 'developments', 'climate', 'change.']",REAL
F098,Miracle Drug Confirmed by Sources,"['total', 'night', 'window', 'stay', 'both.', '—', 'shocking', 'claims', 'miracle', 'drug', 'surface', 'internet.']",FAKE
F164,Immortal Jellyfish Confirmed by Sources,"['positive', 'usually', 'interview', 'watch', 'item', 'down.', 'serious', 'build', 'seem', 'weight', 'adult.', '—', 'shocking', 'claims', 'immortal', 'jellyfish', 'surface', 'internet.']",FAKE
R050,New Report on Economic Growth,"['father', 'tell', 'season.', 'experts', 'discuss', 'ongoing', 'developments', 'economic', 'growth.']",REAL
R249,New Report on Climate Change,"['kitchen', 'table', 'information', 'tree', 'process', 'religious', 'change.', 'message', 'machine', 'option', 'manager', 'young.', 'experts', 'discuss', 'ongoing', 'developments', 'climate', 'change.']",REAL
R093,New Report on Election,"['front', 'much', 'all.', 'speech', 'statement', 'vote', 'music', 'party.', 'use', 'region', 'military', 'small', 'black', 'expect.', 'experts', 'discuss', 'ongoing', 'developments', 'election.']",REAL
R131,New Report on Education,"['want', 'third', 'rest', 'should.', 'event', 'price', 'try', 'garden', 'shake', 'time.', 'art', 'society', 'pass.', 'experts', 'discuss', 'ongoing', 'developments', 'education.']",REAL
F107,Flat Earth Confirmed by Sources,"['investment', 'develop', 'win', 'happen', 'another', 'book.', 'claim', 'fast', 'far', 'west', 'system.', 'president', 'weight', 'save', 'hospital.', '—', 'shocking', 'claims', 'flat', 'earth', 'surface', 'internet.']",FAKE
F153,Hoax Confirmed by Sources,"['successful', 'middle', 'job.', 'society', 'anyone', 'piece', 'collection', 'much', 'then.', 'offer', 'week', 'ago', 'everything', 'friend', 'trade', 'eye', 'section.', '—', 'shocking', 'claims', 'hoax', 'surface', 'internet.']",FAKE
F091,Flat Earth Confirmed by Sources,"['money', 'ability', 'society', 'attorney', 'program.', 'eat', 'leave', 'loss', 'middle', 'full', 'dog.', 'movement', 'right', 'cost', 'reason', 'size', 'partner.', '—', 'shocking', 'claims', 'flat', 'earth', 'surface', 'internet.']",FAKE
R246,New Report on Economic Growth,"['near', 'care', 'feel', 'sound', 'central', 'option', 'career.', 'represent', 'modern', 'stuff', 'stay', 'nothing.', 'morning', 'probably', 'rise', 'outside.', 'experts', 'discuss', 'ongoing', 'developments', 'economic', 'growth.']",REAL
F004,Secret Cure Confirmed by Sources,"['international', 'sit', 'company', 'candidate.', 'receive', 'reveal', 'realize', 'several.', 'run', 'coach', 'bar.', '—', 'shocking', 'claims', 'secret', 'cure', 'surface', 'internet.']",FAKE
F220,Celebrity Scandal Confirmed by Sources,"['sister', 'life', 'picture', 'message.', 'plant', 'environmental', 'miss', 'close', 'way', 'assume', 'yard', 'less.', '—', 'shocking', 'claims', 'celebrity', 'scandal', 'surface', 'internet.']",FAKE
F121,Hoax Confirmed by Sources,"['hard', 'president', 'reason', 'add.', 'eight', 'since', 'short', 'ago', 'hot', 'back.', 'fast', 'though', 'tree', 'fear', 'actually', 'decade.', '—', 'shocking', 'claims', 'hoax', 'surface', 'internet.']",FAKE
F245,Mind Control Confirmed by Sources,"['give', 'accept', 'property', 'song', 'employee.', 'fish', 'these.', '—', 'shocking', 'claims', 'mind', 'control', 'surface', 'internet.']",FAKE
R035,New Report on Climate Change,"['age', 'clearly', 'seek', 'guess', 'up.', 'current', 'really', 'quality', 'card', 'catch.', 'experts', 'discuss', 'ongoing', 'developments', 'climate', 'change.']",REAL
R024,New Report on Education,"['detail', 'weight', 'coach', 'central', 'budget.', 'explain', 'soon', 'clearly', 'tend', 'letter', 'exactly', 'attention', 'morning.', 'experts', 'discuss', 'ongoing', 'developments', 'education.']",REAL
F079,Miracle Drug Confirmed by Sources,"['plan', 'piece', 'market', 'series', 'quite', 'everything.', 'big', 'young', 'involve', 'work', 'now.', 'system', 'usually', 'great', 'physical', 'hold.', '—', 'shocking', 'claims', 'miracle', 'drug', 'surface', 'internet.']",FAKE
R094,New Report on Policy,"['pay', 'final', 'describe', 'still.', 'agency', 'pressure', 'finally', 'car', 'begin', 'baby.', 'blood', 'use', 'medical', 'tree', 'answer', 'arrive', 'list.', 'experts', 'discuss', 'ongoing', 'developments', 'policy.']",REAL
R040,New Report on Policy,"['role', 'drive', 'number', 'bring', 'support', 'green', 'coach.', 'experts', 'discuss', 'ongoing', 'developments', 'policy.']",REAL
F170,Immortal Jellyfish Confirmed by Sources,"['particular', 'happy', 'meet', 'physical', 'alone', 'republican', 'analysis.', 'push', 'fine', 'day', 'soon', 'mr', 'bad', 'message.', '—', 'shocking', 'claims', 'immortal', 'jellyfish', 'surface', 'internet.']",FAKE
F130,Immortal Jellyfish Confirmed by Sources,"['market', 'attorney', 'still', 'represent.', 'care', 'save', 'major', 'model.', '—', 'shocking', 'claims', 'immortal', 'jellyfish', 'surface', 'internet.']",FAKE
R085,New Report on Economic Growth,"['professional', 'risk', 'decade', 'low', 'avoid', 'reflect', 'learn', 'debate.', 'miss', 'hot', 'their.', 'area', 'behavior', 'position', 'station', 'sister', 'fund.', 'away', 'exactly', 'early', 'lead', 'age.', 'experts', 'discuss', 'ongoing', 'developments', 'economic', 'growth.']",REAL
R054,New Report on Budget Report,"['enough', 'event', 'contain.', 'experts', 'discuss', 'ongoing', 'developments', 'budget', 'report.']",REAL
R047,New Report on Technology Breakthrough,"['way', 'recognize', 'behind', 'office', 'history', 'remember.', 'try', 'plant.', 'experts', 'discuss', 'ongoing', 'developments', 'technology', 'breakthrough.']",REAL
R199,New Report on Economic Growth,"['bit', 'local', 'simple', 'style.', 'experts', 'discuss', 'ongoing', 'developments', 'economic', 'growth.']",REAL
F062,Miracle Drug Confirmed by Sources,"['report', 'section', 'pick', 'wall', 'use.', 'agent', 'rock', 'friend', 'building', 'society.', '—', 'shocking', 'claims', 'miracle', 'drug', 'surface', 'internet.']",FAKE
R244,New Report on Technology Breakthrough,"['heart', 'career', 'energy.', 'executive', 'toward', 'beautiful', 'front', 'professor.', 'finish', 'fear', 'shoulder', 'democrat', 'court', 'order.', 'experts', 'discuss', 'ongoing', 'developments', 'technology', 'breakthrough.']",REAL
R107,New Report on Election,"['mr', 'control', 'live', 'majority.', 'coach', 'doctor', 'letter', 'understand', 'foot', 'area', 'experience.', 'training', 'building', 'later', 'practice', 'season.', 'experts', 'discuss', 'ongoing', 'developments', 'election.']",REAL
F148,Aliens Confirmed by Sources,"['sit', 'environment', 'particularly', 'season', 'money', 'several.', 'close', 'political', 'population.', 'suddenly', 'government', 'discuss', 'floor.', '—', 'shocking', 'claims', 'aliens', 'surface', 'internet.']",FAKE
F023,Mind Control Confirmed by Sources,"['benefit', 'relationship', 'sell', 'phone', 'cost.', 'form', 'floor', 'present', 'bag', 'central.', 'represent', 'listen', 'friend', 'current', 'main', 'simply.', '—', 'shocking', 'claims', 'mind', 'control', 'surface', 'internet.']",FAKE
R075,New Report on Budget Report,"['course', 'beat', 'focus', 'each.', 'event', 'draw', 'pretty', 'finish', 'page.', 'experts', 'discuss', 'ongoing', 'developments', 'budget', 'report.']",REAL
R220,New Report on Public Health,"['name', 'american.', 'bit', 'size', 'shoulder', 'likely', 'guess.', 'indicate', 'sort', 'choose', 'reflect', 'position', 'wrong', 'season.', 'experts', 'discuss', 'ongoing', 'developments', 'public', 'health.']",REAL
R099,New Report on Economic Growth,"['never', 'build.', 'budget', 'edge', 'ground.', 'natural', 'organization', 'republican', 'newspaper', 'seven', 'economy.', 'experts', 'discuss', 'ongoing', 'developments', 'economic', 'growth.']",REAL
F066,Flat Earth Confirmed by Sources,"['black', 'meeting', 'crime', 'gun', 'throughout', 'eat', 'floor', 'vote.', 'employee', 'fly', 'fish', 'crime.', '—', 'shocking', 'claims', 'flat', 'earth', 'surface', 'internet.']",FAKE
F060,Flat Earth Confirmed by Sources,"['tell', 'popular', 'although', 'lawyer.', 'coach', 'cell', 'account', 'avoid', 'compare', 'place', 'something.', 'however', 'mrs', 'parent', 'represent.', '—', 'shocking', 'claims', 'flat', 'earth', 'surface', 'internet.']",FAKE
F022,Government Cover-Up Confirmed by Sources,"['trip', 'teach', 'return', 'treat', 'car', 'protect.', 'lose', 'vote', 'treat', 'recent', 'cultural', 'language.', '—', 'shocking', 'claims', 'government', 'cover-up', 'surface', 'internet.']",FAKE
F127,Mind Control Confirmed by Sources,"['need', 'military', 'memory', 'discuss', 'natural.', 'four', 'similar', 'letter', 'clearly', 'prepare.', 'especially', 'area', 'heart', 'player', 'standard', 'management.', 'month', 'head', 'trial', 'campaign', 'middle', 'hotel', 'condition.', '—', 'shocking', 'claims', 'mind', 'control', 'surface', 'internet.']",FAKE
R212,New Report on Education,"['close', 'approach', 'reduce.', 'cut', 'team', 'also', 'ready', 'office.', 'experts', 'discuss', 'ongoing', 'developments', 'education.']",REAL
F119,Mind Control Confirmed by Sources,"['behind', 'consider', 'increase', 'explain', 'company', 'individual', 'candidate.', 'table', 'product', 'court', 'family', 'information', 'responsibility', 'defense', 'wear.', '—', 'shocking', 'claims', 'mind', 'control', 'surface', 'internet.']",FAKE
F103,Hoax Confirmed by Sources,"['ask', 'opportunity', 'training', 'cell', 'time', 'safe', 'stay.', '—', 'shocking', 'claims', 'hoax', 'surface', 'internet.']",FAKE
F191,Mind Control Confirmed by Sources,"['require', 'single', 'claim', 'never.', 'sense', 'score', 'mind', 'fall', 'bit', 'record.', 'medical', 'music', 'audience', 'everybody', 'air.', 'level', 'discuss', 'computer', 'write', 'audience', 'conference.', '—', 'shocking', 'claims', 'mind', 'control', 'surface', 'internet.']",FAKE
F002,Mind Control Confirmed by Sources,"['mother', 'product', 'tonight', 'two', 'style', 'computer.', 'customer', 'pretty', 'crime', 'leader', 'father', 'certain.', '—', 'shocking', 'claims', 'mind', 'control', 'surface', 'internet.']",FAKE
R155,New Report on Election,"['wall', 'conference', 'specific', 'second.', 'federal', 'page', 'second', 'morning', 'item', 'forget', 'stay.', 'question', 'wonder', 'republican', 'physical', 'financial', 'resource.', 'experts', 'discuss', 'ongoing', 'developments', 'election.']",REAL
R006,New Report on Technology Breakthrough,"['popular', 'wonder', 'land', 'field', 'back', 'soon.', 'cultural', 'another', 'election', 'debate', 'major', 'none', 'choice.', 'rather', 'community', 'development', 'style', 'particular', 'still.', 'experts', 'discuss', 'ongoing', 'developments', 'technology', 'breakthrough.']",REAL
F086,Government Cover-Up Confirmed by Sources,"['daughter', 'ever', 'free', 'evidence', 'cell', 'say.', 'use', 'cut', 'arm', 'hundred', 'protect', 'onto', 'he.', '—', 'shocking', 'claims', 'government', 'cover-up', 'surface', 'internet.']",FAKE
R168,New Report on Election,"['break', 'might', 'skin', 'their.', 'resource', 'fire', 'mouth', 'size.', 'see', 'sell', 'drug', 'source', 'prove', 'month.', 'experts', 'discuss', 'ongoing', 'developments', 'election.']",REAL
R077,New Report on Public Health,"['role', 'always', 'quite', 'continue.', 'discussion', 'money', 'environmental', 'group', 'color', 'challenge.', 'receive', 'chair', 'wait', 'candidate', 'another.', 'experts', 'discuss', 'ongoing', 'developments', 'public', 'health.']",REAL
F209,Hoax Confirmed by Sources,"['fear', 'law', 'measure', 'address', 'right.', 'young', 'south', 'concern.', 'others', 'upon', 'office', 'present', 'power.', '—', 'shocking', 'claims', 'hoax', 'surface', 'internet.']",FAKE
R236,New Report on Public Health,"['anything', 'real', 'also', 'over.', 'table', 'similar', 'recognize', 'name', 'executive', 'perform.', 'experts', 'discuss', 'ongoing', 'developments', 'public', 'health.']",REAL
F186,Aliens Confirmed by Sources,"['total', 'claim', 'factor', 'set', 'term.', 'network', 'someone', 'perform.', '—', 'shocking', 'claims', 'aliens', 'surface', 'internet.']",FAKE
R243,New Report on Public Health,"['somebody', 'whose', 'sometimes', 'already', 'different', 'win.', 'move', 'bag', 'increase', 'happy.', 'enough', 'certain', 'away', 'smile', 'friend.', 'experts', 'discuss', 'ongoing', 'developments', 'public', 'health.']",REAL
F094,Immortal Jellyfish Confirmed by Sources,"['notice', 'show', 'community', 'various', 'cost', 'section', 'decision.', 'history', 'song', 'order', 'among.', '—', 'shocking', 'claims', 'immortal', 'jellyfish', 'surface', 'internet.']",FAKE
R032,New Report on Economic Growth,"['recent', 'draw', 'manager', 'pattern.', 'reflect', 'class', 'act', 'great', 'learn', 'traditional', 'authority.', 'rate', 'wall', 'possible', 'try', 'become.', 'experts', 'discuss', 'ongoing', 'developments', 'economic', 'growth.']",REAL
R033,New Report on Education,"['suddenly', 'laugh', 'notice', 'none', 'defense', 'imagine', 'body.', 'cover', 'partner', 'sea', 'help', 'his.', 'trial', 'sign', 'receive', 'hospital', 'strong.', 'experts', 'discuss', 'ongoing', 'developments', 'education.']",REAL
R045,New Report on Technology Breakthrough,"['surface', 'artist', 'value', 'treatment.', 'every', 'thought', 'close', 'seek', 'hair.', 'dream', 'open', 'network', 'three', 'say', 'thing.', 'experts', 'discuss', 'ongoing', 'developments', 'technology', 'breakthrough.']",REAL
R116,New Report on Education,"['customer', 'final.', 'imagine', 'among', 'even', 'parent.', 'experts', 'discuss', 'ongoing', 'developments', 'education.']",REAL
F056,Celebrity Scandal Confirmed by Sources,"['prove', 'begin', 'modern', 'weight.', 'pass', 'anything', 'list', 'choice', 'commercial.', '—', 'shocking', 'claims', 'celebrity', 'scandal', 'surface', 'internet.']",FAKE
R043,New Report on Policy,"['sing', 'wear', 'seek', 'law', 'local', 'but.', 'operation', 'ago', 'check', 'new', 'surface', 'leader', 'station', 'open.', 'certain', 'black', 'glass', 'high', 'majority', 'much', 'agent.', 'character', 'already', 'response', 'evidence.', 'experts', 'discuss', 'ongoing', 'developments', 'policy.']",REAL
R145,New Report on Economic Growth,"['apply', 'actually', 'challenge', 'another', 'decide', 'writer.', 'throughout', 'start', 'easy', 'manager', 'huge', 'set.', 'answer', 'attorney', 'southern.', 'experts', 'discuss', 'ongoing', 'developments', 'economic', 'growth.']",REAL
F200,Secret Cure Confirmed by Sources,"['oil', 'term', 'result', 'civil', 'city', 'knowledge.', 'experience', 'interesting', 'computer', 'according', 'statement', 'meet.', '—', 'shocking', 'claims', 'secret', 'cure', 'surface', 'internet.']",FAKE
F034,Celebrity Scandal Confirmed by Sources,"['face', 'several', 'behind', 'discussion.', 'century', 'ten', 'citizen', 'pressure.', 'little', 'point', 'benefit', 'top', 'agree', 'she.', '—', 'shocking', 'claims', 'celebrity', 'scandal', 'surface', 'internet.']",FAKE
F149,Secret Cure Confirmed by Sources,"['produce', 'nation', 'story', 'per', 'his.', 'generation', 'commercial', 'spring.', '—', 'shocking', 'claims', 'secret', 'cure', 'surface', 'internet.']",FAKE
F051,Secret Cure Confirmed by Sources,"['away', 'smile', 'modern.', 'fast', 'call', 'nature', 'blue', 'production', 'green.', '—', 'shocking', 'claims', 'secret', 'cure', 'surface', 'internet.']",FAKE
F089,Flat Earth Confirmed by Sources,"['budget', 'build', 'toward', 'share', 'final.', 'team', 'simple', 'development', 'meeting', 'away.', 'whether', 'audience', 'successful.', '—', 'shocking', 'claims', 'flat', 'earth', 'surface', 'internet.']",FAKE
F135,Flat Earth Confirmed by Sources,"['loss', 'force', 'father', 'modern.', '—', 'shocking', 'claims', 'flat', 'earth', 'surface', 'internet.']",FAKE
F088,Government Cover-Up Confirmed by Sources,"['push', 'federal', 'foot', 'candidate.', 'like', 'determine', 'special', 'right', 'financial', 'effort', 'next.', 'newspaper', 'special', 'action', 'tonight', 'let', 'according', 'board.', '—', 'shocking', 'claims', 'government', 'cover-up', 'surface', 'internet.']",FAKE
R010,New Report on Election,"['sound', 'door', 'recently', 'exactly', 'article.', 'movie', 'receive', 'interview.', 'experts', 'discuss', 'ongoing', 'developments', 'election.']",REAL
R211,New Report on Policy,"['office', 'health', 'law', 'couple', 'travel.', 'front', 'base', 'smile', 'high.', 'experts', 'discuss', 'ongoing', 'developments', 'policy.']",REAL
F204,Miracle Drug Confirmed by Sources,"['contain', 'necessary', 'agreement', 'course', 'require', 'garden', 'protect.', 'agency', 'allow', 'brother.', 'new', 'big', 'pay', 'personal.', '—', 'shocking', 'claims', 'miracle', 'drug', 'surface', 'internet.']",FAKE
F168,Miracle Drug Confirmed by Sources,"['factor', 'mean', 'picture', 'hospital', 'significant.', 'produce', 'book', 'space', 'american', 'face', 'develop', 'front', 'history.', '—', 'shocking', 'claims', 'miracle', 'drug', 'surface', 'internet.']",FAKE
R011,New Report on Public Health,"['drop', 'million', 'out.', 'exactly', 'professor', 'particularly', 'owner', 'newspaper', 'hour.', 'property', 'every', 'film', 'number', 'put', 'else', 'condition.', 'idea', 'let', 'whether', 'score', 'consider', 'member.', 'experts', 'discuss', 'ongoing', 'developments', 'public', 'health.']",REAL
R232,New Report on Climate Change,"['need', 'bad', 'information', 'will.', 'peace', 'reveal', 'prove', 'reason.', 'take.', 'sound', 'thing', 'middle', 'follow', 'example', 'since.', 'experts', 'discuss', 'ongoing', 'developments', 'climate', 'change.']",REAL
R042,New Report on Public Health,"['region', 'ok', 'field', 'well', 'wife.', 'raise', 'police', 'site', 'compare.', 'experts', 'discuss', 'ongoing', 'developments', 'public', 'health.']",REAL
F182,Hoax Confirmed by Sources,"['practice', 'seek', 'approach', 'challenge', 'lay', 'boy', 'away.', 'fund', 'cost', 'mention', 'similar.', 'opportunity', 'father', 'station', 'high', 'final', 'respond', 'past.', '—', 'shocking', 'claims', 'hoax', 'surface', 'internet.']",FAKE
F036,Miracle Drug Confirmed by Sources,"['week', 'recognize', 'physical', 'one', 'although', 'cold.', 'book', 'huge', 'outside', 'congress', 'data.', '—', 'shocking', 'claims', 'miracle', 'drug', 'surface', 'internet.']",FAKE
F068,Secret Cure Confirmed by Sources,"['training', 'join', 'response', 'there.', 'political', 'help.', 'age', 'instead', 'necessary', 'huge.', '—', 'shocking', 'claims', 'secret', 'cure', 'surface', 'internet.']",FAKE
R015,New Report on Election,"['clear', 'risk', 'season', 'rise', 'it.', 'particular', 'source', 'movie', 'effect.', 'total', 'begin', 'decade', 'television.', 'experts', 'discuss', 'ongoing', 'developments', 'election.']",REAL
R147,New Report on Climate Change,"['ability', 'bar', 'line', 'approach', 'firm', 'note', 'figure.', 'rise', 'go', 'recognize', 'science.', 'require', 'save', 'recent', 'foot', 'attorney.', 'experts', 'discuss', 'ongoing', 'developments', 'climate', 'change.']",REAL
F198,Government Cover-Up Confirmed by Sources,"['capital', 'drug', 'open', 'professor.', 'method', 'rise', 'final', 'score', 'candidate', 'message', 'leader', 'physical.', 'record', 'although', 'social', 'hotel', 'beyond.', '—', 'shocking', 'claims', 'government', 'cover-up', 'surface', 'internet.']",FAKE
R081,New Report on Climate Change,"['need', 'sure', 'beyond', 'walk', 'garden.', 'happen', 'ball', 'floor.', 'often', 'fall', 'authority', 'movement.', 'experts', 'discuss', 'ongoing', 'developments', 'climate', 'change.']",REAL
F050,Aliens Confirmed by Sources,"['mouth', 'issue', 'community', 'easy.', 'yet', 'away', 'nature', 'so.', 'ask', 'medical', 'off.', '—', 'shocking', 'claims', 'aliens', 'surface', 'internet.']",FAKE
F162,Celebrity Scandal Confirmed by Sources,"['write', 'amount', 'perform', 'college.', 'trial', 'coach', 'read', 'because.', 'maybe', 'within', 'wish', 'tend', 'per.', '—', 'shocking', 'claims', 'celebrity', 'scandal', 'surface', 'internet.']",FAKE
R028,New Report on Technology Breakthrough,"['president', 'family', 'husband.', 'amount', 'letter', 'also', 'ground', 'hard', 'thank.', 'experts', 'discuss', 'ongoing', 'developments', 'technology', 'breakthrough.']",REAL
R195,New Report on Budget Report,"['suffer', 'throw', 'cause', 'safe', 'southern', 'want.', 'know', 'yes', 'challenge', 'image', 'discover', 'bit', 'employee.', 'soon', 'table', 'affect', 'always', 'whether', 'base.', 'experts', 'discuss', 'ongoing', 'developments', 'budget', 'report.']",REAL
F116,Aliens Confirmed by Sources,"['purpose', 'stuff', 'fast', 'just.', 'resource', 'consumer', 'risk.', '—', 'shocking', 'claims', 'aliens', 'surface', 'internet.']",FAKE
R018,New Report on Research,"['resource', 'natural', 'prove', 'star', 'congress', 'whose.', 'general', 'interesting', 'successful', 'away', 'number', 'remember', 'deal.', 'experts', 'discuss', 'ongoing', 'developments', 'research.']",REAL
F073,Immortal Jellyfish Confirmed by Sources,"['direction', 'evening.', 'list', 'top', 'reason', 'prepare', 'player', 'teacher.', 'son', 'happy', 'never', 'official.', '—', 'shocking', 'claims', 'immortal', 'jellyfish', 'surface', 'internet.']",FAKE
F059,Miracle Drug Confirmed by Sources,"['law', 'none', 'and.', 'different', 'pull', 'three', 'provide', 'two', 'energy', 'draw.', '—', 'shocking', 'claims', 'miracle', 'drug', 'surface', 'internet.']",FAKE
R078,New Report on Budget Report,"['reason', 'control', 'expect', 'general.', 'event', 'congress', 'person', 'describe', 'let', 'any.', 'experts', 'discuss', 'ongoing', 'developments', 'budget', 'report.']",REAL
F216,Secret Cure Confirmed by Sources,"['suffer', 'indeed', 'recently', 'camera', 'product', 'item', 'natural.', 'focus', 'care', 'street', 'today', 'however', 'about.', 'voice', 'hundred', 'recent', 'car', 'present', 'party.', '—', 'shocking', 'claims', 'secret', 'cure', 'surface', 'internet.']",FAKE
F206,Celebrity Scandal Confirmed by Sources,"['economic', 'free', 'detail', 'stop.', 'eat', 'try', 'second', 'idea', 'management', 'example', 'question.', 'mention', 'knowledge', 'fall.', '—', 'shocking', 'claims', 'celebrity', 'scandal', 'surface', 'internet.']",FAKE
R036,New Report on Research,"['box', 'certain', 'experience', 'pass.', 'allow', 'keep', 'great', 'return', 'affect', 'product', 'defense.', 'experts', 'discuss', 'ongoing', 'developments', 'research.']",REAL
F104,Aliens Confirmed by Sources,"['member.', 'even', 'school', 'sister', 'another', 'fill', 'success.', 'door', 'interesting', 'industry', 'bed', 'air', 'sure', 'benefit.', '—', 'shocking', 'claims', 'aliens', 'surface', 'internet.']",FAKE
F000,Hoax Confirmed by Sources,"['carry', 'nice', 'produce', 'according.', 'hard', 'practice', 'huge', 'rule', 'member.', '—', 'shocking', 'claims', 'hoax', 'surface', 'internet.']",FAKE
R136,New Report on Education,"['meet', 'cold', 'simply', 'kid', 'thought', 'according', 'should.', 'close', 'one', 'sort', 'move.', 'listen', 'whatever', 'behavior.', 'experts', 'discuss', 'ongoing', 'developments', 'education.']",REAL
F019,Immortal Jellyfish Confirmed by Sources,"['around', 'create', 'remain', 'smile.', 'appear', 'ever', 'idea', 'start', 'cultural.', 'military', 'need', 'close', 'big.', '—', 'shocking', 'claims', 'immortal', 'jellyfish', 'surface', 'internet.']",FAKE
R012,New Report on Technology Breakthrough,"['course', 'choice', 'near', 'wind.', 'financial', 'pull', 'court', 'purpose.', 'tonight', 'east', 'mention', 'firm', 'success', 'member', 'letter', 'let.', 'experts', 'discuss', 'ongoing', 'developments', 'technology', 'breakthrough.']",REAL
R052,New Report on Education,"['yeah', 'fast', 'national', 'value', 'adult.', 'free', 'republican', 'section', 'it.', 'interesting', 'kid', 'late', 'model', 'answer.', 'experts', 'discuss', 'ongoing', 'developments', 'education.']",REAL
R123,New Report on Climate Change,"['maybe', 'option', 'worry', 'operation', 'attorney.', 'respond', 'dinner', 'indicate', 'world', 'across', 'opportunity.', 'experts', 'discuss', 'ongoing', 'developments', 'climate', 'change.']",REAL
F040,Government Cover-Up Confirmed by Sources,"['part', 'country', 'chance', 'attention', 'toward.', 'remain', 'fine', 'support', 'rest.', 'national', 'left', 'policy', 'me.', '—', 'shocking', 'claims', 'government', 'cover-up', 'surface', 'internet.']",FAKE
R160,New Report on Climate Change,"['eight', 'ahead', 'upon.', 'agent', 'old', 'appear', 'machine', 'upon', 'brother.', 'newspaper', 'everything', 'president', 'college', 'garden.', 'experts', 'discuss', 'ongoing', 'developments', 'climate', 'change.']",REAL
F067,Immortal Jellyfish Confirmed by Sources,"['call', 'history', 'heart.', 'party', 'hour', 'green.', '—', 'shocking', 'claims', 'immortal', 'jellyfish', 'surface', 'internet.']",FAKE
R069,New Report on Research,"['reason', 'point', 'stage', 'town.', 'field', 'news', 'human', 'outside', 'own.', 'continue', 'fall', 'course', 'civil.', 'experts', 'discuss', 'ongoing', 'developments', 'research.']",REAL
F160,Mind Control Confirmed by Sources,"['turn', 'must', 'expert', 'company.', 'quality', 'old', 'bag', 'far', 'late.', '—', 'shocking', 'claims', 'mind', 'control', 'surface', 'internet.']",FAKE
F053,Hoax Confirmed by Sources,"['adult', 'course', 'study', 'rate', 'establish', 'experience.', 'begin', 'scientist', 'learn', 'room.', '—', 'shocking', 'claims', 'hoax', 'surface', 'internet.']",FAKE
R074,New Report on Education,"['realize', 'move', 'benefit.', 'experts', 'discuss', 'ongoing', 'developments', 'education.']",REAL
R007,New Report on Election,"['natural', 'growth', 'truth', 'now.', 'instead', 'military', 'last', 'remember', 'reveal', 'fund', 'everybody.', 'experts', 'discuss', 'ongoing', 'developments', 'election.']",REAL
R119,New Report on Climate Change,"['market', 'candidate', 'growth', 'add.', 'still', 'assume', 'also', 'collection', 'enjoy', 'blue.', 'experts', 'discuss', 'ongoing', 'developments', 'climate', 'change.']",REAL
R087,New Report on Budget Report,"['work', 'key', 'another', 'early', 'office', 'tend', 'figure.', 'experts', 'discuss', 'ongoing', 'developments', 'budget', 'report.']",REAL
F145,Miracle Drug Confirmed by Sources,"['past', 'partner', 'thank', 'future', 'break', 'too.', 'build', 'region', 'management', 'material', 'common', 'throughout', 'wind.', 'traditional', 'size', 'pass', 'since.', '—', 'shocking', 'claims', 'miracle', 'drug', 'surface', 'internet.']",FAKE
R065,New Report on Budget Report,"['relate', 'stage', 'question', 'involve', 'place', 'especially.', 'experts', 'discuss', 'ongoing', 'developments', 'budget', 'report.']",REAL
R208,New Report on Budget Report,"['game', 'act', 'reveal', 'around', 'plan.', 'rich', 'person', 'spend', 'yourself.', 'experts', 'discuss', 'ongoing', 'developments', 'budget', 'report.']",REAL
R048,New Report on Budget Report,"['measure', 'seat', 'decision', 'relate.', 'sea', 'much', 'family.', 'run', 'might', 'high', 'unit', 'beautiful', 'official.', 'experts', 'discuss', 'ongoing', 'developments', 'budget', 'report.']",REAL
F076,Aliens Confirmed by Sources,"['work', 'send', 'agreement.', 'network', 'senior', 'rise', 'federal.', 'moment', 'ball', 'floor', 'position', 'option', 'catch', 'arm.', '—', 'shocking', 'claims', 'aliens', 'surface', 'internet.']",FAKE
R019,New Report on Policy,"['attack', 'bad', 'turn', 'section', 'catch', 'have.', 'mother', 'cultural', 'provide', 'only.', 'measure', 'believe', 'cause', 'page', 'blood', 'benefit.', 'experts', 'discuss', 'ongoing', 'developments', 'policy.']",REAL
F115,Immortal Jellyfish Confirmed by Sources,"['compare', 'still', 'example', 'child.', 'yes', 'reach', 'hospital.', '—', 'shocking', 'claims', 'immortal', 'jellyfish', 'surface', 'internet.']",FAKE
R031,New Report on Education,"['final', 'attorney', 'social', 'interest', 'fly', 'that.', 'certain', 'detail', 'specific', 'including.', 'best', 'hour', 'bar', 'wide', 'military.', 'experts', 'discuss', 'ongoing', 'developments', 'education.']",REAL
R190,New Report on Research,"['defense', 'weight', 'choose', 'trade.', 'protect', 'approach', 'reach', 'rule', 'discuss', 'action.', 'imagine', 'issue', 'news', 'something.', 'experts', 'discuss', 'ongoing', 'developments', 'research.']",REAL
F057,Mind Control Confirmed by Sources,"['group', 'sign', 'information.', 'film', 'compare', 'friend', 'two.', 'indicate', 'tough', 'interview', 'job.', '—', 'shocking', 'claims', 'mind', 'control', 'surface', 'internet.']",FAKE
F158,Immortal Jellyfish Confirmed by Sources,"['human', 'eight', 'news', 'blood.', 'interesting', 'help', 'military', 'sometimes.', '—', 'shocking', 'claims', 'immortal', 'jellyfish', 'surface', 'internet.']",FAKE
F234,Flat Earth Confirmed by Sources,"['choose', 'four', 'find', 'whose', 'training', 'surface', 'night', 'town.', '—', 'shocking', 'claims', 'flat', 'earth', 'surface', 'internet.']",FAKE
F155,Flat Earth Confirmed by Sources,"['treatment', 'yeah', 'floor', 'war', 'land', 'move.', 'economy', 'page', 'continue', 'development', 'boy', 'those.', 'somebody', 'among', 'wrong', 'responsibility.', '—', 'shocking', 'claims', 'flat', 'earth', 'surface', 'internet.']",FAKE
F106,Flat Earth Confirmed by Sources,"['claim', 'oil', 'range', 'matter', 'cause', 'point', 'hit.', 'important', 'reduce', 'heavy', 'item', 'trouble.', '—', 'shocking', 'claims', 'flat', 'earth', 'surface', 'internet.']",FAKE
R051,New Report on Policy,"['better', 'try', 'within', 'performance', 'might.', 'analysis', 'long', 'also', 'likely', 'nothing', 'mind', 'way.', 'experts', 'discuss', 'ongoing', 'developments', 'policy.']",REAL
R203,New Report on Education,"['character', 'consumer', 'level', 'property', 'room.', 'audience', 'keep', 'represent', 'board.', 'experts', 'discuss', 'ongoing', 'developments', 'education.']",REAL
F063,Secret Cure Confirmed by Sources,"['next', 'check', 'low', 'plant', 'determine.', '—', 'shocking', 'claims', 'secret', 'cure', 'surface', 'internet.']",FAKE
R080,New Report on Policy,"['political', 'attention', 'force.', 'experts', 'discuss', 'ongoing', 'developments', 'policy.']",REAL
R226,New Report on Public Health,"['peace', 'sound', 'capital', 'whose', 'yourself.', 'rate', 'offer', 'force', 'order', 'anyone.', 'much', 'institution', 'evening', 'use.', 'experts', 'discuss', 'ongoing', 'developments', 'public', 'health.']",REAL
F144,Hoax Confirmed by Sources,"['quite', 'even', 'truth', 'whose', 'daughter', 'consumer.', 'past', 'scene', 'congress', 'market', 'lead.', 'task', 'receive', 'ground', 'across', 'past.', '—', 'shocking', 'claims', 'hoax', 'surface', 'internet.']",FAKE
F241,Flat Earth Confirmed by Sources,"['return', 'business', 'tonight', 'player', 'team', 'pm', 'by.', 'generation', 'friend', 'play', 'similar', 'medical.', '—', 'shocking', 'claims', 'flat', 'earth', 'surface', 'internet.']",FAKE
R150,New Report on Election,"['kitchen', 'majority', 'together', 'sign.', 'describe', 'individual', 'receive', 'energy.', 'effort', 'civil', 'person', 'spend', 'buy', 'admit.', 'experts', 'discuss', 'ongoing', 'developments', 'election.']",REAL
R153,New Report on Research,"['nearly', 'behavior', 'start', 'program.', 'become', 'body', 'near', 'citizen', 'agent', 'teach', 'house', 'give.', 'quality', 'skill', 'say', 'sometimes', 'mr', 'total', 'reveal', 'good.', 'cold', 'loss', 'little', 'work', 'specific', 'occur.', 'experts', 'discuss', 'ongoing', 'developments', 'research.']",REAL
F175,Hoax Confirmed by Sources,"['church', 'within', 'agree', 'recently.', 'suddenly', 'east', 'assume', 'too.', 'especially', 'rule', 'detail', 'result.', '—', 'shocking', 'claims', 'hoax', 'surface', 'internet.']",FAKE
F161,Immortal Jellyfish Confirmed by Sources,"['long', 'involve', 'society.', 'arrive', 'plant', 'local.', 'owner', 'material', 'apply', 'four.', '—', 'shocking', 'claims', 'immortal', 'jellyfish', 'surface', 'internet.']",FAKE
F147,Secret Cure Confirmed by Sources,"['public', 'society', 'strategy', 'total', 'animal.', 'meet', 'list', 'give', 'general', 'suffer', 'plant', 'democrat.', 'letter', 'beautiful', 'thank', 'approach', 'later.', '—', 'shocking', 'claims', 'secret', 'cure', 'surface', 'internet.']",FAKE
F018,Secret Cure Confirmed by Sources,"['stock', 'skin', 'air', 'eye', 'move.', 'exactly', 'often', 'area', 'modern', 'issue.', '—', 'shocking', 'claims', 'secret', 'cure', 'surface', 'internet.']",FAKE
F211,Celebrity Scandal Confirmed by Sources,"['attorney', 'born', 'environment', 'standard', 'box', 'case', 'tough.', '—', 'shocking', 'claims', 'celebrity', 'scandal', 'surface', 'internet.']",FAKE
R117,New Report on Research,"['federal', 'care', 'wonder', 'man.', 'point', 'seat', 'sport', 'stock', 'less.', 'quite', 'example', 'parent', 'movie', 'support.', 'experts', 'discuss', 'ongoing', 'developments', 'research.']",REAL
F016,Aliens Confirmed by Sources,"['total', 'risk', 'front', 'begin.', 'news', 'see', 'agent', 'effect', 'always', 'staff.', 'price', 'election', 'task', 'admit.', '—', 'shocking', 'claims', 'aliens', 'surface', 'internet.']",FAKE
F029,Flat Earth Confirmed by Sources,"['fill', 'skin', 'national', 'law', 'another', 'process', 'range.', 'together', 'night', 'half', 'blue', 'sport.', 'southern', 'marriage', 'save', 'later', 'smile', 'discover', 'tough.', '—', 'shocking', 'claims', 'flat', 'earth', 'surface', 'internet.']",FAKE
F205,Celebrity Scandal Confirmed by Sources,"['message', 'model', 'admit', 'success', 'daughter', 'well', 'line.', 'model', 'team', 'future', 'sound', 'development', 'administration', 'good.', '—', 'shocking', 'claims', 'celebrity', 'scandal', 'surface', 'internet.']",FAKE
R112,New Report on Economic Growth,"['offer', 'happen', 'cause', 'guess', 'age', 'pick', 'gun.', 'seem', 'energy', 'really', 'director', 'effect', 'begin', 'economy.', 'experts', 'discuss', 'ongoing', 'developments', 'economic', 'growth.']",REAL
F218,Government Cover-Up Confirmed by Sources,"['control', 'boy', 'medical', 'total.', 'number', 'something', 'administration', 'dark', 'scientist.', '—', 'shocking', 'claims', 'government', 'cover-up', 'surface', 'internet.']",FAKE
R187,New Report on Education,"['research', 'kid', 'attorney', 'sell.', 'change', 'picture', 'edge', 'consumer', 'visit', 'within.', 'experts', 'discuss', 'ongoing', 'developments', 'education.']",REAL
F087,Celebrity Scandal Confirmed by Sources,"['necessary', 'live', 'get', 'officer.', 'care', 'probably', 'course', 'court.', '—', 'shocking', 'claims', 'celebrity', 'scandal', 'surface', 'internet.']",FAKE
R171,New Report on Education,"['rather', 'allow', 'small', 'whole.', 'cell', 'step', 'guess', 'interest', 'political', 'view', 'theory', 'matter.', 'spring', 'arm', 'town', 'year', 'set', 'so.', 'process', 'inside', 'catch', 'rest', 'trial.', 'experts', 'discuss', 'ongoing', 'developments', 'education.']",REAL
R113,New Report on Technology Breakthrough,"['exactly', 'politics', 'go.', 'experts', 'discuss', 'ongoing', 'developments', 'technology', 'breakthrough.']",REAL
R222,New Report on Public Health,"['onto', 'board', 'imagine', 'number', 'science', 'agency.', 'tough', 'leg', 'include', 'type', 'executive', 'friend', 'movie.', 'coach', 'direction.', 'possible', 'air', 'commercial', 'new', 'land', 'than.', 'experts', 'discuss', 'ongoing', 'developments', 'public', 'health.']",REAL
F233,Secret Cure Confirmed by Sources,"['piece', 'energy', 'head.', 'face', 'change', 'management.', 'modern', 'skill', 'southern', 'person', 'her.', '—', 'shocking', 'claims', 'secret', 'cure', 'surface', 'internet.']",FAKE
R223,New Report on Climate Change,"['mother', 'join', 'economy', 'order', 'include', 'church', 'step.', 'including', 'pull', 'hotel', 'others.', 'spend', 'newspaper', 'impact', 'sell', 'material.', 'experts', 'discuss', 'ongoing', 'developments', 'climate', 'change.']",REAL
F224,Secret Cure Confirmed by Sources,"['cultural', 'offer', 'low', 'key.', 'inside', 'treatment', 'dinner', 'strong', 'base', 'produce.', 'national', 'skin', 'special.', '—', 'shocking', 'claims', 'secret', 'cure', 'surface', 'internet.']",FAKE
R181,New Report on Climate Change,"['life', 'reveal', 'goal', 'despite', 'spend.', 'others', 'use', 'smile', 'party', 'face.', 'experts', 'discuss', 'ongoing', 'developments', 'climate', 'change.']",REAL
R056,New Report on Public Health,"['president', 'parent', 'single.', 'experts', 'discuss', 'ongoing', 'developments', 'public', 'health.']",REAL
R110,New Report on Education,"['best', 'realize.', 'blue', 'sometimes', 'go', 'least', 'great', 'standard', 'quickly', 'company.', 'help', 'campaign', 'approach', 'rather', 'affect', 'through.', 'experts', 'discuss', 'ongoing', 'developments', 'education.']",REAL
R219,New Report on Education,"['assume', 'consumer', 'cover', 'system.', 'likely', 'provide', 'nature', 'these.', 'experts', 'discuss', 'ongoing', 'developments', 'education.']",REAL
R224,New Report on Education,"['strong', 'little', 'specific', 'present', 'begin', 'stage', 'develop.', 'experts', 'discuss', 'ongoing', 'developments', 'education.']",REAL
F178,Immortal Jellyfish Confirmed by Sources,"['within', 'current', 'i.', 'leg', 'environmental', 'paper', 'black', 'easy', 'enough.', '—', 'shocking', 'claims', 'immortal', 'jellyfish', 'surface', 'internet.']",FAKE
F074,Secret Cure Confirmed by Sources,"['share', 'think', 'maintain', 'true.', 'call', 'enough', 'lawyer', 'contain', 'live', 'lay.', '—', 'shocking', 'claims', 'secret', 'cure', 'surface', 'internet.']",FAKE
R034,New Report on Budget Report,"['expect', 'decide', 'leg', 'instead.', 'firm', 'society', 'assume', 'serious.', 'experts', 'discuss', 'ongoing', 'developments', 'budget', 'report.']",REAL
R095,New Report on Policy,"['take', 'wrong', 'run', 'research', 'news.', 'present', 'rise', 'hot', 'can.', 'happen', 'central', 'ahead.', 'experts', 'discuss', 'ongoing', 'developments', 'policy.']",REAL
F011,Aliens Confirmed by Sources,"['walk', 'woman', 'order', 'today', 'difficult.', 'hear', 'reduce', 'bill', 'establish.', 'sure', 'walk', 'window', 'find', 'someone.', '—', 'shocking', 'claims', 'aliens', 'surface', 'internet.']",FAKE
R162,New Report on Policy,"['build', 'like', 'state', 'hand.', 'experts', 'discuss', 'ongoing', 'developments', 'policy.']",REAL
R218,New Report on Election,"['measure', 'commercial', 'spend', 'professional.', 'teach', 'first', 'science', 'draw', 'feel', 'order.', 'experts', 'discuss', 'ongoing', 'developments', 'election.']",REAL
F136,Miracle Drug Confirmed by Sources,"['executive', 'sister', 'score', 'fast', 'miss', 'everything.', 'find', 'major', 'often', 'next', 'health', 'trip', 'miss', 'student.', 'find', 'very.', '—', 'shocking', 'claims', 'miracle', 'drug', 'surface', 'internet.']",FAKE
R108,New Report on Economic Growth,"['player', 'artist', 'west', 'former', 'force', 'step', 'american.', 'manage', 'explain', 'child', 'present', 'reason', 'thing.', 'north', 'least', 'product', 'lawyer', 'common', 'once.', 'experts', 'discuss', 'ongoing', 'developments', 'economic', 'growth.']",REAL
R186,New Report on Research,"['also', 'authority', 'stage', 'knowledge', 'whole.', 'even', 'share', 'purpose', 'avoid.', 'experts', 'discuss', 'ongoing', 'developments', 'research.']",REAL
R248,New Report on Technology Breakthrough,"['yeah', 'find', 'daughter', 'positive.', 'make', 'opportunity', 'major', 'evening', 'clear', 'southern', 'space', 'upon.', 'management', 'gas', 'hand', 'happen.', 'experts', 'discuss', 'ongoing', 'developments', 'technology', 'breakthrough.']",REAL
F045,Immortal Jellyfish Confirmed by Sources,"['base', 'air', 'wind', 'only.', 'health', 'evidence.', 'nearly', 'move', 'sure.', '—', 'shocking', 'claims', 'immortal', 'jellyfish', 'surface', 'internet.']",FAKE
F092,Secret Cure Confirmed by Sources,"['ahead', 'audience', 'window', 'discover', 'teacher', 'eight.', 'class', 'someone', 'later.', '—', 'shocking', 'claims', 'secret', 'cure', 'surface', 'internet.']",FAKE
R100,New Report on Technology Breakthrough,"['subject', 'behind', 'director', 'century.', 'senior', 'imagine', 'open', 'animal', 'short.', 'experts', 'discuss', 'ongoing', 'developments', 'technology', 'breakthrough.']",REAL
F075,Miracle Drug Confirmed by Sources,"['enjoy', 'gas', 'today', 'food.', 'phone', 'end', 'wind', 'probably.', '—', 'shocking', 'claims', 'miracle', 'drug', 'surface', 'internet.']",FAKE
R059,New Report on Technology Breakthrough,"['social', 'successful', 'shake.', 'scientist', 'medical', 'long', 'direction', 'difference', 'themselves.', 'officer', 'ball', 'thank.', 'view', 'rule', 'sister.', 'experts', 'discuss', 'ongoing', 'developments', 'technology', 'breakthrough.']",REAL
F213,Hoax Confirmed by Sources,"['two', 'country', 'decide', 'left.', 'change', 'true', 'first', 'american', 'choice', 'month.', '—', 'shocking', 'claims', 'hoax', 'surface', 'internet.']",FAKE
R233,New Report on Education,"['land', 'country', 'order', 'skill', 'hand', 'understand.', 'matter', 'tell', 'decide', 'choose', 'enter', 'career', 'feeling.', 'experts', 'discuss', 'ongoing', 'developments', 'education.']",REAL
F072,Mind Control Confirmed by Sources,"['cost', 'end', 'water', 'type', 'wrong.', 'boy', 'list', 'star', 'must', 'office', 'every.', '—', 'shocking', 'claims', 'mind', 'control', 'surface', 'internet.']",FAKE
R184,New Report on Budget Report,"['speak', 'hear', 'care', 'life', 'rock', 'test', 'represent.', 'write', 'protect', 'bag', 'house', 'follow', 'agency', 'where.', 'experts', 'discuss', 'ongoing', 'developments', 'budget', 'report.']",REAL
F134,Secret Cure Confirmed by Sources,"['sell', 'successful', 'sea', 'business', 'message.', 'stop', 'pattern', 'see', 'appear.', 'around', 'finish', 'low.', '—', 'shocking', 'claims', 'secret', 'cure', 'surface', 'internet.']",FAKE
R096,New Report on Research,"['impact', 'camera', 'watch', 'opportunity', 'face', 'develop.', 'institution', 'use', 'difficult', 'pull', 'everybody', 'sport.', 'argue', 'really', 'guess', 'prepare.', 'experts', 'discuss', 'ongoing', 'developments', 'research.']",REAL
R020,New Report on Policy,"['common', 'thousand', 'though', 'establish', 'owner.', 'speak', 'man', 'team', 'affect', 'close.', 'sell', 'none', 'account.', 'experts', 'discuss', 'ongoing', 'developments', 'policy.']",REAL
R067,New Report on Policy,"['education', 'continue', 'successful', 'feel', 'indeed', 'floor.', 'case', 'make', 'marriage', 'indeed', 'cell', 'remain', 'attack', 'administration.', 'choice', 'significant', 'green.', 'experts', 'discuss', 'ongoing', 'developments', 'policy.']",REAL
R215,New Report on Education,"['answer', 'arm', 'condition', 'firm', 'class', 'standard.', 'age', 'field', 'true.', 'always', 'ball', 'name', 'care.', 'experts', 'discuss', 'ongoing', 'developments', 'education.']",REAL
R127,New Report on Policy,"['hand', 'movie', 'south', 'chance.', 'tell', 'change', 'indicate.', 'subject', 'congress', 'experience', 'force', 'man', 'join', 'say.', 'experts', 'discuss', 'ongoing', 'developments', 'policy.']",REAL
R235,New Report on Technology Breakthrough,"['discuss', 'none', 'police', 'religious', 'arrive', 'population.', 'fill', 'nice', 'share', 'city', 'list', 'matter.', 'expect', 'admit', 'parent', 'rate', 'region', 'note', 'project.', 'experts', 'discuss', 'ongoing', 'developments', 'technology', 'breakthrough.']",REAL
R163,New Report on Climate Change,"['decide', 'religious.', 'experts', 'discuss', 'ongoing', 'developments', 'climate', 'change.']",REAL
R002,New Report on Education,"['indeed', 'picture', 'check', 'still.', 'wish', 'financial', 'science.', 'back', 'tree', 'account', 'writer', 'ahead.', 'experts', 'discuss', 'ongoing', 'developments', 'education.']",REAL
R021,New Report on Education,"['hold', 'firm', 'evidence', 'east', 'whose.', 'back', 'talk', 'else', 'defense', 'city', 'building.', 'experts', 'discuss', 'ongoing', 'developments', 'education.']",REAL
R013,New Report on Technology Breakthrough,"['player', 'go', 'purpose.', 'door', 'join', 'room', 'successful.', 'base', 'example', 'reality', 'something.', 'experts', 'discuss', 'ongoing', 'developments', 'technology', 'breakthrough.']",REAL
F195,Flat Earth Confirmed by Sources,"['low', 'machine', 'issue', 'seem', 'leave.', 'car', 'first', 'story', 'peace', 'including', 'hotel', 'available', 'eye.', 'idea', 'black', 'nearly', 'much', 'law.', 'mother', 'sort', 'candidate', 'often.', '—', 'shocking', 'claims', 'flat', 'earth', 'surface', 'internet.']",FAKE
R101,New Report on Research,"['return', 'national', 'rich', 'vote', 'expect', 'door.', 'throughout', 'first', 'laugh', 'affect.', 'government', 'military', 'mention', 'yourself.', 'experts', 'discuss', 'ongoing', 'developments', 'research.']",REAL
R055,New Report on Research,"['toward', 'us', 'fish', 'star.', 'management', 'behavior', 'crime', 'travel.', 'experts', 'discuss', 'ongoing', 'developments', 'research.']",REAL
F190,Secret Cure Confirmed by Sources,"['guess', 'article', 'evening', 'music', 'produce', 'physical', 'direction.', 'agreement', 'control', 'occur.', '—', 'shocking', 'claims', 'secret', 'cure', 'surface', 'internet.']",FAKE
R004,New Report on Education,"['charge', 'future', 'perform', 'case', 'south', 'however.', 'song', 'child', 'event', 'wide', 'loss', 'wide.', 'experts', 'discuss', 'ongoing', 'developments', 'education.']",REAL
F080,Celebrity Scandal Confirmed by Sources,"['manage', 'scientist', 'collection', 'sing', 'debate', 'money', 'personal.', 'office', 'action', 'field.', 'lead', 'drug', 'strong', 'prevent', 'sister', 'than.', '—', 'shocking', 'claims', 'celebrity', 'scandal', 'surface', 'internet.']",FAKE
F049,Hoax Confirmed by Sources,"['bad', 'debate', 'reason', 'board', 'quality', 'night.', 'summer', 'yeah', 'current', 'loss', 'meet.', 'cost', 'store', 'rock', 'ground', 'begin', 'give.', 'fly', 'team', 'woman', 'friend.', '—', 'shocking', 'claims', 'hoax', 'surface', 'internet.']",FAKE
F184,Secret Cure Confirmed by Sources,"['federal', 'ground', 'name', 'history', 'such.', 'interview', 'close', 'growth', 'computer.', 'main', 'follow', 'compare', 'town', 'apply', 'sense.', 'toward', 'black', 'bill', 'fund', 'attention.', '—', 'shocking', 'claims', 'secret', 'cure', 'surface', 'internet.']",FAKE
F030,Secret Cure Confirmed by Sources,"['world', 'increase', 'analysis', 'table', 'company.', 'security', 'close', 'street', 'even', 'management.', '—', 'shocking', 'claims', 'secret', 'cure', 'surface', 'internet.']",FAKE
R213,New Report on Budget Report,"['matter', 'building', 'building.', 'fact', 'claim', 'agent', 'nor.', 'clear', 'local', 'blue', 'current', 'issue', 'ten.', 'experts', 'discuss', 'ongoing', 'developments', 'budget', 'report.']",REAL
F128,Immortal Jellyfish Confirmed by Sources,"['explain', 'sound', 'election', 'try.', '—', 'shocking', 'claims', 'immortal', 'jellyfish', 'surface', 'internet.']",FAKE
R231,New Report on Policy,"['expect', 'half', 'happen', 'power', 'rise.', 'shake', 'cost', 'generation', 'person', 'past', 'i.', 'computer', 'parent', 'care', 'heart', 'fear', 'sense', 'approach.', 'experts', 'discuss', 'ongoing', 'developments', 'policy.']",REAL
R061,New Report on Technology Breakthrough,"['factor', 'black', 'career', 'standard', 'easy.', 'attack', 'get', 'lead', 'tend', 'beat.', 'experts', 'discuss', 'ongoing', 'developments', 'technology', 'breakthrough.']",REAL
R137,New Report on Education,"['practice', 'several', 'anything', 'lose', 'thing', 'laugh.', 'experts', 'discuss', 'ongoing', 'developments', 'education.']",REAL
R185,New Report on Technology Breakthrough,"['trial', 'sign', 'card', 'ever', 'boy', 'month.', 'nothing', 'head', 'action', 'budget.', 'health', 'provide', 'week', 'model', 'off.', 'experts', 'discuss', 'ongoing', 'developments', 'technology', 'breakthrough.']",REAL
R204,New Report on Technology Breakthrough,"['capital', 'table.', 'someone', 'organization', 'water', 'save', 'since.', 'experts', 'discuss', 'ongoing', 'developments', 'technology', 'breakthrough.']",REAL
F217,Immortal Jellyfish Confirmed by Sources,"['town', 'very.', 'class', 'type', 'character', 'occur.', '—', 'shocking', 'claims', 'immortal', 'jellyfish', 'surface', 'internet.']",FAKE
F176,Miracle Drug Confirmed by Sources,"['deep', 'moment', 'three', 'defense', 'produce', 'yes', 'magazine.', 'theory', 'certain', 'difficult', 'speak', 'pretty.', 'human', 'prevent', 'bank', 'data.', 'trip', 'medical', 'music', 'worry.', '—', 'shocking', 'claims', 'miracle', 'drug', 'surface', 'internet.']",FAKE
R245,New Report on Technology Breakthrough,"['whole', 'marriage', 'foreign.', 'pick', 'five', 'hospital', 'traditional.', 'need', 'end', 'information', 'century', 'peace.', 'experts', 'discuss', 'ongoing', 'developments', 'technology', 'breakthrough.']",REAL
R104,New Report on Election,"['young', 'care', 'pass', 'go', 'admit.', 'drive', 'black', 'total', 'mind', 'country.', 'hospital', 'reduce', 'experience', 'positive.', 'develop', 'guy', 'close', 'teach', 'community.', 'experts', 'discuss', 'ongoing', 'developments', 'election.']",REAL
F156,Flat Earth Confirmed by Sources,"['music', 'realize', 'four', 'build', 'serve', 'total.', '—', 'shocking', 'claims', 'flat', 'earth', 'surface', 'internet.']",FAKE
R194,New Report on Election,"['pick', 'source', 'ready', 'source', 'civil', 'prevent.', 'response', 'around', 'million', 'brother', 'window', 'hospital.', 'maybe', 'relationship', 'woman.', 'experts', 'discuss', 'ongoing', 'developments', 'election.']",REAL
R161,New Report on Technology Breakthrough,"['lay', 'image', 'service.', 'authority', 'range', 'raise', 'deal', 'thus.', 'experts', 'discuss', 'ongoing', 'developments', 'technology', 'breakthrough.']",REAL
F113,Immortal Jellyfish Confirmed by Sources,"['result', 'course', 'especially', 'need.', 'employee', 'beat', 'get', 'option', 'area.', '—', 'shocking', 'claims', 'immortal', 'jellyfish', 'surface', 'internet.']",FAKE
F150,Hoax Confirmed by Sources,"['nice', 'act', 'actually', 'often.', 'wrong', 'enjoy', 'compare', 'within.', 'cost', 'within', 'road.', 'consider', 'personal', 'place', 'deal', 'likely', 'least.', '—', 'shocking', 'claims', 'hoax', 'surface', 'internet.']",FAKE
F047,Miracle Drug Confirmed by Sources,"['lay', 'seem', 'suddenly', 'send', 'include', 'discover', 'much', 'until.', 'whatever', 'east', 'commercial', 'born.', 'project', 'college', 'machine', 'hear.', '—', 'shocking', 'claims', 'miracle', 'drug', 'surface', 'internet.']",FAKE
F008,Hoax Confirmed by Sources,"['personal', 'bit', 'project', 'arrive', 'machine', 'focus.', 'executive', 'throw', 'sense', 'thank', 'serious', 'year.', 'admit', 'two', 'sit', 'increase', 'sit.', '—', 'shocking', 'claims', 'hoax', 'surface', 'internet.']",FAKE
F229,Aliens Confirmed by Sources,"['establish', 'help', 'seven', 'rock', 'data', 'get.', 'power', 'history', 'phone', 'machine', 'although', 'physical.', '—', 'shocking', 'claims', 'aliens', 'surface', 'internet.']",FAKE
R001,New Report on Research,"['maintain', 'travel', 'almost', 'how.', 'experts', 'discuss', 'ongoing', 'developments', 'research.']",REAL
R241,New Report on Public Health,"['million', 'physical', 'authority', 'establish', 'ever.', 'season', 'generation', 'away', 'election', 'others', 'get.', 'something', 'everything', 'far', 'until.', 'experts', 'discuss', 'ongoing', 'developments', 'public', 'health.']",REAL
R198,New Report on Climate Change,"['even', 'price', 'suggest.', 'exactly', 'standard', 'heavy', 'character', 'college.', 'culture', 'almost', 'significant', 'less', 'each.', 'experts', 'discuss', 'ongoing', 'developments', 'climate', 'change.']",REAL
R229,New Report on Research,"['rather', 'mother', 'service', 'attack', 'across', 'forget', 'realize', 'back.', 'land', 'skill', 'fight', 'win', 'size.', 'experts', 'discuss', 'ongoing', 'developments', 'research.']",REAL
R205,New Report on Public Health,"['community', 'necessary', 'job', 'series', 'physical', 'research.', 'top', 'today', 'local.', 'ever', 'customer', 'food', 'pass', 'feeling.', 'experts', 'discuss', 'ongoing', 'developments', 'public', 'health.']",REAL
F123,Celebrity Scandal Confirmed by Sources,"['need', 'discuss', 'tax', 'high', 'full.', 'case', 'increase', 'exactly', 'cut', 'care', 'home.', '—', 'shocking', 'claims', 'celebrity', 'scandal', 'surface', 'internet.']",FAKE
F043,Celebrity Scandal Confirmed by Sources,"['sense', 'remain', 'discussion', 'great', 'mrs', 'simple', 'score.', 'big', 'learn', 'city', 'cup.', 'front', 'piece', 'experience', 'she.', '—', 'shocking', 'claims', 'celebrity', 'scandal', 'surface', 'internet.']",FAKE
F097,Celebrity Scandal Confirmed by Sources,"['right', 'forward', 'series', 'education.', 'hot', 'suggest', 'serious', 'someone', 'old', 'commercial.', '—', 'shocking', 'claims', 'celebrity', 'scandal', 'surface', 'internet.']",FAKE
R014,New Report on Research,"['time', 'travel', 'health', 'hear', 'mother.', 'must', 'democrat', 'act', 'arrive', 'family.', 'experts', 'discuss', 'ongoing', 'developments', 'research.']",REAL
F005,Flat Earth Confirmed by Sources,"['assume', 'executive', 'protect', 'race.', 'small', 'skill', 'example', 'push', 'alone', 'focus', 'job', 'decade.', '—', 'shocking', 'claims', 'flat', 'earth', 'surface', 'internet.']",FAKE
R234,New Report on Research,"['walk', 'production', 'majority', 'subject', 'according', 'rather', 'tough.', 'power', 'military', 'clearly', 'bill', 'republican', 'detail.', 'medical', 'force', 'improve', 'professional.', 'experts', 'discuss', 'ongoing', 'developments', 'research.']",REAL
F143,Aliens Confirmed by Sources,"['author', 'something', 'bill', 'alone', 'here.', 'develop', 'involve', 'southern', 'eat', 'serve.', '—', 'shocking', 'claims', 'aliens', 'surface', 'internet.']",FAKE
R073,New Report on Economic Growth,"['tough', 'leg', 'president', 'staff', 'difficult', 'apply.', 'experts', 'discuss', 'ongoing', 'developments', 'economic', 'growth.']",REAL
R239,New Report on Education,"['catch', 'table', 'remember', 'agree', 'serve', 'drug.', 'let', 'local', 'cover', 'always', 'note', 'stock.', 'experts', 'discuss', 'ongoing', 'developments', 'education.']",REAL
F181,Aliens Confirmed by Sources,"['sign', 'claim', 'available', 'continue', 'service', 'area', 'cover.', 'stock', 'lay', 'want', 'street', 'interesting', 'before.', '—', 'shocking', 'claims', 'aliens', 'surface', 'internet.']",FAKE
R138,New Report on Election,"['open', 'bring', 'alone.', 'relationship', 'project', 'couple', 'expect', 'development', 'statement.', 'impact', 'oil', 'traditional', 'try', 'whole', 'manager', 'research.', 'understand', 'second', 'whole', 'contain.', 'experts', 'discuss', 'ongoing', 'developments', 'election.']",REAL
R172,New Report on Economic Growth,"['home', 'foreign.', 'experts', 'discuss', 'ongoing', 'developments', 'economic', 'growth.']",REAL
R143,New Report on Policy,"['many', 'political', 'result', 'write', 'little.', 'reason', 'wrong', 'improve', 'degree', 'treat', 'increase.', 'well', 'pretty.', 'experts', 'discuss', 'ongoing', 'developments', 'policy.']",REAL
F166,Mind Control Confirmed by Sources,"['page', 'ahead', 'accept', 'drop', 'alone', 'way.', 'must', 'picture', 'policy', 'science', 'change', 'material', 'question.', 'current', 'realize', 'follow', 'capital', 'national', 'far', 'teach.', '—', 'shocking', 'claims', 'mind', 'control', 'surface', 'internet.']",FAKE
R003,New Report on Budget Report,"['moment', 'admit', 'pretty', 'person', 'spring', 'base', 'thousand.', 'next', 'traditional', 'stage', 'card', 'result', 'who.', 'military', 'around', 'none', 'mr.', 'experts', 'discuss', 'ongoing', 'developments', 'budget', 'report.']",REAL
R167,New Report on Climate Change,"['act', 'boy', 'open', 'clearly.', 'simple', 'shake', 'hour', 'sound', 'according', 'rule.', 'experts', 'discuss', 'ongoing', 'developments', 'climate', 'change.']",REAL
R183,New Report on Climate Change,"['soldier', 'development', 'director', 'drive.', 'north', 'maintain', 'analysis', 'investment', 'usually', 'art.', 'best', 'reality', 'matter', 'share', 'six', 'bed', 'effort', 'wonder.', 'young', 'strong', 'american', 'happy', 'others', 'avoid.', 'experts', 'discuss', 'ongoing', 'developments', 'climate', 'change.']",REAL
R238,New Report on Technology Breakthrough,"['major', 'enjoy', 'expert', 'suffer', 'across', 'field.', 'staff', 'wind', 'reduce', 'goal', 'far', 'size.', 'experts', 'discuss', 'ongoing', 'developments', 'technology', 'breakthrough.']",REAL
R041,New Report on Election,"['mother', 'others', 'decide', 'field', 'level', 'change.', 'side', 'difficult', 'matter', 'capital', 'mouth.', 'life', 'far', 'consider', 'glass.', 'time', 'firm.', 'experts', 'discuss', 'ongoing', 'developments', 'election.']",REAL
F237,Government Cover-Up Confirmed by Sources,"['agreement', 'enjoy', 'mention', 'door.', 'alone', 'night', 'still.', '—', 'shocking', 'claims', 'government', 'cover-up', 'surface', 'internet.']",FAKE
R086,New Report on Research,"['inside', 'material', 'begin', 'fly', 'tonight.', 'three', 'city', 'decision', 'read.', 'experts', 'discuss', 'ongoing', 'developments', 'research.']",REAL
R240,New Report on Policy,"['field', 'ago', 'within', 'personal.', 'low', 'doctor', 'late', 'back', 'arrive', 'baby.', 'many', 'yard', 'lead', 'shoulder.', 'experts', 'discuss', 'ongoing', 'developments', 'policy.']",REAL
R133,New Report on Public Health,"['reflect', 'give', 'international', 'test', 'population', 'low.', 'every', 'fund', 'doctor.', 'safe', 'civil', 'method', 'lead', 'agency', 'like.', 'experts', 'discuss', 'ongoing', 'developments', 'public', 'health.']",REAL
F044,Hoax Confirmed by Sources,"['leg', 'skill', 'cultural', 'white', 'among.', 'paper', 'claim', 'population', 'begin', 'style', 'drop.', 'summer', 'reduce', 'force', 'firm', 'drive.', 'away', 'glass', 'hand', 'owner', 'simply', 'citizen', 'involve.', '—', 'shocking', 'claims', 'hoax', 'surface', 'internet.']",FAKE
F125,Government Cover-Up Confirmed by Sources,"['home', 'rest', 'step', 'government', 'throughout', 'away', 'paper.', 'relationship', 'admit.', '—', 'shocking', 'claims', 'government', 'cover-up', 'surface', 'internet.']",FAKE
F165,Secret Cure Confirmed by Sources,"['care', 'style', 'argue', 'rest', 'look.', 'student', 'service', 'get', 'likely', 'president.', '—', 'shocking', 'claims', 'secret', 'cure', 'surface', 'internet.']",FAKE
F137,Flat Earth Confirmed by Sources,"['institution', 'simply', 'great', 'course.', '—', 'shocking', 'claims', 'flat', 'earth', 'surface', 'internet.']",FAKE
R088,New Report on Research,"['imagine', 'serve', 'seem', 'truth', 'day.', 'hit', 'material', 'marriage', 'discussion', 'republican', 'popular', 'get.', 'new', 'local', 'less', 'event', 'grow', 'education', 'behind.', 'experts', 'discuss', 'ongoing', 'developments', 'research.']",REAL
R169,New Report on Technology Breakthrough,"['center', 'least', 'stop', 'question', 'every.', 'low', 'science', 'rate', 'run.', 'million', 'local', 'blue.', 'experts', 'discuss', 'ongoing', 'developments', 'technology', 'breakthrough.']",REAL
R193,New Report on Technology Breakthrough,"['message', 'catch', 'deep', 'impact', 'five.', 'man', 'future', 'green', 'discuss', 'allow', 'young', 'option.', 'experts', 'discuss', 'ongoing', 'developments', 'technology', 'breakthrough.']",REAL
F247,Mind Control Confirmed by Sources,"['although', 'plant', 'ask', 'likely', 'expert', 'significant.', 'include', 'democrat', 'either.', 'draw', 'ever', 'stand', 'tough', 'total', 'pass.', '—', 'shocking', 'claims', 'mind', 'control', 'surface', 'internet.']",FAKE
R179,New Report on Technology Breakthrough,"['difference', 'dinner', 'room', 'offer.', 'worker', 'deep', 'stop', 'six', 'around', 'prevent', 'record.', 'painting', 'leave.', 'experts', 'discuss', 'ongoing', 'developments', 'technology', 'breakthrough.']",REAL
F138,Immortal Jellyfish Confirmed by Sources,"['design', 'coach', 'debate', 'your.', 'machine', 'ground', 'strategy', 'picture', 'girl', 'only.', '—', 'shocking', 'claims', 'immortal', 'jellyfish', 'surface', 'internet.']",FAKE
R017,New Report on Policy,"['professor', 'eye', 'husband', 'some.', 'window', 'next', 'respond', 'financial', 'build.', 'experts', 'discuss', 'ongoing', 'developments', 'policy.']",REAL
F090,Mind Control Confirmed by Sources,"['whole', 'hope.', 'available', 'care.', 'marriage', 'day', 'sit', 'night.', '—', 'shocking', 'claims', 'mind', 'control', 'surface', 'internet.']",FAKE
F222,Mind Control Confirmed by Sources,"['cover', 'report', 'truth.', 'ago', 'situation', 'american.', 'positive', 'level', 'consumer', 'reason', 'theory', 'water', 'american.', '—', 'shocking', 'claims', 'mind', 'control', 'surface', 'internet.']",FAKE
R114,New Report on Climate Change,"['everybody', 'dog', 'analysis', 'form', 'research.', 'experts', 'discuss', 'ongoing', 'developments', 'climate', 'change.']",REAL
F235,Celebrity Scandal Confirmed by Sources,"['accept', 'create', 'professional.', 'whose', 'way', 'life.', 'subject', 'personal', 'american', 'day', 'several', 'eat', 'military', 'those.', '—', 'shocking', 'claims', 'celebrity', 'scandal', 'surface', 'internet.']",FAKE
F185,Hoax Confirmed by Sources,"['fish', 'final', 'pm', 'decision', 'consider.', 'watch', 'recognize', 'difference', 'model', 'market', 'risk.', 'land', 'main', 'fire', 'early.', 'example', 'success', 'affect', 'community', 'issue.', '—', 'shocking', 'claims', 'hoax', 'surface', 'internet.']",FAKE
F221,Flat Earth Confirmed by Sources,"['light', 'might', 'probably', 'smile', 'drive', 'bill.', 'thousand', 'together', 'religious', 'involve', 'quite', 'one.', '—', 'shocking', 'claims', 'flat', 'earth', 'surface', 'internet.']",FAKE
F054,Secret Cure Confirmed by Sources,"['around', 'argue', 'run', 'threat.', 'bank', 'recognize', 'reason', 'director', 'approach.', 'response', 'long', 'attorney', 'special', 'shoulder.', '—', 'shocking', 'claims', 'secret', 'cure', 'surface', 'internet.']",FAKE
R000,New Report on Public Health,"['take', 'price', 'head.', 'deal', 'firm', 'leader.', 'else', 'trip', 'positive', 'simple.', 'experts', 'discuss', 'ongoing', 'developments', 'public', 'health.']",REAL
R178,New Report on Budget Report,"['theory', 'present', 'republican', 'ten', 'family.', 'increase', 'seek', 'note', 'song.', 'experts', 'discuss', 'ongoing', 'developments', 'budget', 'report.']",REAL
F006,Hoax Confirmed by Sources,"['environment', 'imagine', 'station.', '—', 'shocking', 'claims', 'hoax', 'surface', 'internet.']",FAKE
F174,Secret Cure Confirmed by Sources,"['resource', 'south', 'company', 'stand.', 'debate', 'grow', 'describe', 'appear', 'city', 'wife.', 'attention', 'glass', 'tend', 'course', 'according', 'huge', 'religious.', '—', 'shocking', 'claims', 'secret', 'cure', 'surface', 'internet.']",FAKE
R009,New Report on Election,"['compare', 'radio.', 'name', 'support', 'paper', 'drug', 'president', 'although.', 'know', 'affect', 'born.', 'experts', 'discuss', 'ongoing', 'developments', 'election.']",REAL
R122,New Report on Economic Growth,"['tonight', 'management', 'cell', 'true.', 'ago', 'ground', 'instead', 'food', 'recognize', 'serve.', 'behavior', 'old', 'career', 'travel', 'mother', 'others', 'task.', 'experts', 'discuss', 'ongoing', 'developments', 'economic', 'growth.']",REAL
F189,Immortal Jellyfish Confirmed by Sources,"['property', 'key', 'anything', 'debate', 'letter', 'receive', 'attorney.', 'benefit', 'politics', 'door', 'lose', 'possible.', 'better', 'road', 'evening', 'risk.', '—', 'shocking', 'claims', 'immortal', 'jellyfish', 'surface', 'internet.']",FAKE
R146,New Report on Technology Breakthrough,"['tv', 'market', 'night', 'dog.', 'experts', 'discuss', 'ongoing', 'developments', 'technology', 'breakthrough.']",REAL
R022,New Report on Climate Change,"['fact', 'leave', 'cup', 'better', 'mrs', 'military.', 'along', 'mind', 'baby', 'site', 'win.', 'like', 'role', 'already', 'data', 'weight', 'eight.', 'experts', 'discuss', 'ongoing', 'developments', 'climate', 'change.']",REAL
F177,Aliens Confirmed by Sources,"['drug', 'citizen', 'try', 'entire', 'development', 'appear', 'check.', 'partner', 'factor.', 'whether', 'eye', 'matter', 'mouth', 'training.', '—', 'shocking', 'claims', 'aliens', 'surface', 'internet.']",FAKE
F021,Secret Cure Confirmed by Sources,"['form', 'cause', 'husband', 'great', 'standard.', 'rule', 'shoulder', 'threat', 'show', 'three.', 'fear', 'take', 'meeting', 'about.', '—', 'shocking', 'claims', 'secret', 'cure', 'surface', 'internet.']",FAKE
R039,New Report on Economic Growth,"['strategy', 'wish', 'explain', 'approach', 'suffer', 'production', 'radio.', 'experts', 'discuss', 'ongoing', 'developments', 'economic', 'growth.']",REAL
F061,Miracle Drug Confirmed by Sources,"['people', 'friend', 'federal', 'citizen', 'movie', 'cell.', 'manage', 'dog.', 'administration', 'today', 'wind', 'something', 'hard', 'recent', 'series', 'attorney.', '—', 'shocking', 'claims', 'miracle', 'drug', 'surface', 'internet.']",FAKE
R057,New Report on Technology Breakthrough,"['institution', 'two.', 'television', 'part', 'room', 'item', 'paper', 'every.', 'experts', 'discuss', 'ongoing', 'developments', 'technology', 'breakthrough.']",REAL
F154,Immortal Jellyfish Confirmed by Sources,"['economy', 'everybody', 'far', 'cup', 'might', 'north', 'gas.', 'evidence', 'adult.', '—', 'shocking', 'claims', 'immortal', 'jellyfish', 'surface', 'internet.']",FAKE
F052,Mind Control Confirmed by Sources,"['debate', 'explain', 'mrs', 'drive', 'wall', 'special.', 'save', 'age', 'wrong', 'plant', 'apply', 'bit', 'remember.', '—', 'shocking', 'claims', 'mind', 'control', 'surface', 'internet.']",FAKE
F124,Flat Earth Confirmed by Sources,"['bank', 'test', 'education', 'ability', 'low', 'give.', 'summer', 'pull', 'actually', 'adult', 'tree.', 'true', 'style', 'fear', 'community', 'thousand.', '—', 'shocking', 'claims', 'flat', 'earth', 'surface', 'internet.']",FAKE
R071,New Report on Budget Report,"['meet', 'long', 'marriage', 'require', 'shoulder', 'type.', 'present', 'time', 'health', 'apply.', 'order', 'agree', 'civil', 'thing', 'although', 'ahead', 'media.', 'experts', 'discuss', 'ongoing', 'developments', 'budget', 'report.']",REAL
R152,New Report on Budget Report,"['see', 'better', 'camera', 'sea', 'power', 'worker.', 'hold', 'land', 'body', 'agree', 'charge', 'light.', 'experts', 'discuss', 'ongoing', 'developments', 'budget', 'report.']",REAL
F038,Mind Control Confirmed by Sources,"['often', 'vote', 'many', 'news.', 'sign', 'field', 'beautiful', 'financial', 'activity', 'wonder.', '—', 'shocking', 'claims', 'mind', 'control', 'surface', 'internet.']",FAKE
F101,Immortal Jellyfish Confirmed by Sources,"['water', 'hope', 'mother', 'choose.', 'someone', 'type', 'past.', '—', 'shocking', 'claims', 'immortal', 'jellyfish', 'surface', 'internet.']",FAKE
F203,Celebrity Scandal Confirmed by Sources,"['drug', 'image', 'organization', 'tend.', 'outside', 'skin', 'board', 'son', 'simply.', 'cut', 'day', 'include.', 'international', 'agent', 'happy', 'news', 'break.', '—', 'shocking', 'claims', 'celebrity', 'scandal', 'surface', 'internet.']",FAKE
F192,Government Cover-Up Confirmed by Sources,"['every', 'wait', 'another', 'behind', 'direction', 'simple', 'plan.', '—', 'shocking', 'claims', 'government', 'cover-up', 'surface', 'internet.']",FAKE
R189,New Report on Climate Change,"['go', 'attention', 'couple', 'clearly', 'response', 'still.', 'condition', 'society', 'well.', 'experts', 'discuss', 'ongoing', 'developments', 'climate', 'change.']",REAL
R098,New Report on Election,"['security', 'east', 'water', 'thus', 'government', 'response.', 'experts', 'discuss', 'ongoing', 'developments', 'election.']",REAL
R149,New Report on Economic Growth,"['question', 'magazine', 'million', 'strategy', 'put.', 'science', 'movie', 'light', 'compare', 'arm.', 'one', 'term', 'business.', 'experts', 'discuss', 'ongoing', 'developments', 'economic', 'growth.']",REAL
R046,New Report on Education,"['point', 'call', 'big', 'toward', 'claim', 'these.', 'later', 'thing', 'his.', 'unit', 'contain', 'safe', 'according', 'case', 'artist.', 'experts', 'discuss', 'ongoing', 'developments', 'education.']",REAL
F055,Hoax Confirmed by Sources,"['loss', 'realize', 'foot', 'friend', 'beat.', 'evening', 'relationship.', 'indeed', 'wear', 'half', 'use', 'election', 'financial.', 'color', 'teach', 'forward', 'something', 'money.', '—', 'shocking', 'claims', 'hoax', 'surface', 'internet.']",FAKE
F159,Flat Earth Confirmed by Sources,"['follow', 'discuss', 'take', 'republican', 'better', 'simple', 'how.', 'significant', 'face', 'wife', 'theory', 'public', 'go.', '—', 'shocking', 'claims', 'flat', 'earth', 'surface', 'internet.']",FAKE
F083,Secret Cure Confirmed by Sources,"['last', 'room', 'impact', 'continue', 'image', 'break.', 'may', 'anyone', 'really', 'structure.', '—', 'shocking', 'claims', 'secret', 'cure', 'surface', 'internet.']",FAKE
R109,New Report on Education,"['occur', 'bring', 'view', 'reduce', 'candidate', 'game.', 'phone', 'explain', 'contain', 'fill.', 'experts', 'discuss', 'ongoing', 'developments', 'education.']",REAL
R102,New Report on Climate Change,"['peace', 'ten', 'either', 'business', 'risk', 'question', 'hit.', 'use', 'father', 'tree', 'us', 'his.', 'experts', 'discuss', 'ongoing', 'developments', 'climate', 'change.']",REAL
R060,New Report on Election,"['campaign', 'wish', 'culture.', 'establish', 'plant', 'road', 'add', 'vote.', 'experts', 'discuss', 'ongoing', 'developments', 'election.']",REAL
F085,Secret Cure Confirmed by Sources,"['near', 'market', 'skill', 'trouble', 'catch.', 'specific', 'bring', 'fast', 'tell.', 'include', 'act', 'still', 'worker', 'one', 'investment.', '—', 'shocking', 'claims', 'secret', 'cure', 'surface', 'internet.']",FAKE
F188,Hoax Confirmed by Sources,"['money', 'bring', 'magazine', 'each.', 'seem', 'republican', 'call', 'issue', 'edge', 'under.', '—', 'shocking', 'claims', 'hoax', 'surface', 'internet.']",FAKE
F131,Hoax Confirmed by Sources,"['together', 'whether', 'factor.', 'large', 'well', 'station', 'parent', 'level.', 'strong', 'guy', 'boy.', '—', 'shocking', 'claims', 'hoax', 'surface', 'internet.']",FAKE
R202,New Report on Public Health,"['per', 'region', 'single', 'either', 'size.', 'market', 'ask', 'maintain.', 'experts', 'discuss', 'ongoing', 'developments', 'public', 'health.']",REAL
F111,Celebrity Scandal Confirmed by Sources,"['place', 'black', 'pressure', 'address', 'current', 'interest.', 'edge', 'many', 'probably', 'war', 'teacher.', '—', 'shocking', 'claims', 'celebrity', 'scandal', 'surface', 'internet.']",FAKE
R151,New Report on Policy,"['fact', 'leg', 'adult', 'keep', 'accept', 'stop', 'commercial.', 'hope', 'something', 'might', 'history', 'wide', 'cause', 'after.', 'side', 'attention', 'people', 'matter', 'performance', 'staff', 'consumer.', 'experts', 'discuss', 'ongoing', 'developments', 'policy.']",REAL
F058,Government Cover-Up Confirmed by Sources,"['style', 'soldier', 'player', 'beat.', '—', 'shocking', 'claims', 'government', 'cover-up', 'surface', 'internet.']",FAKE
R164,New Report on Education,"['cell', 'development', 'even', 'popular', 'hard.', 'official', 'drive', 'rock', 'certain', 'computer', 'safe.', 'inside', 'mind', 'sea', 'many', 'begin.', 'experts', 'discuss', 'ongoing', 'developments', 'education.']",REAL
F242,Celebrity Scandal Confirmed by Sources,"['school', 'stop', 'yeah', 'event.', 'entire', 'somebody', 'clearly', 'without.', 'federal', 'court', 'talk', 'discussion.', 'season', 'another', 'conference', 'investment', 'successful', 'service.', '—', 'shocking', 'claims', 'celebrity', 'scandal', 'surface', 'internet.']",FAKE
F064,Mind Control Confirmed by Sources,"['check', 'perhaps', 'well', 'even', 'number', 'you.', 'plan', 'challenge', 'appear', 'interest', 'music', 'movement', 'weight.', 'gas', 'attorney', 'forget.', '—', 'shocking', 'claims', 'mind', 'control', 'surface', 'internet.']",FAKE
R228,New Report on Education,"['week', 'throw', 'year', 'full', 'style', 'year.', 'draw', 'meet', 'weight', 'information.', 'experts', 'discuss', 'ongoing', 'developments', 'education.']",REAL
R210,New Report on Economic Growth,"['agree', 'hundred', 'offer', 'personal.', 'ready', 'organization', 'leg', 'usually', 'appear', 'something.', 'along', 'short', 'health', 'bank', 'as.', 'experts', 'discuss', 'ongoing', 'developments', 'economic', 'growth.']",REAL
R156,New Report on Policy,"['value', 'training', 'run', 'must', 'claim.', 'detail', 'describe', 'everyone', 'safe.', 'officer', 'seek', 'space', 'theory', 'government', 'whole.', 'experts', 'discuss', 'ongoing', 'developments', 'policy.']",REAL
R192,New Report on Climate Change,"['imagine', 'wonder', 'age', 'item', 'exist', 'out.', 'experts', 'discuss', 'ongoing', 'developments', 'climate', 'change.']",REAL
F102,Government Cover-Up Confirmed by Sources,"['often', 'seek', 'model.', 'drive', 'yes', 'apply', 'resource', 'wind.', 'century', 'newspaper', 'painting', 'write', 'brother.', 'pressure', 'weight', 'commercial', 'mention', 'second', 'describe.', '—', 'shocking', 'claims', 'government', 'cover-up', 'surface', 'internet.']",FAKE
R237,New Report on Election,"['address', 'check', 'maintain', 'officer.', 'experts', 'discuss', 'ongoing', 'developments', 'election.']",REAL
F015,Immortal Jellyfish Confirmed by Sources,"['outside', 'program', 'table', 'police', 'image.', 'care', 'argue', 'night', 'help.', 'put', 'writer', 'various.', '—', 'shocking', 'claims', 'immortal', 'jellyfish', 'surface', 'internet.']",FAKE
F020,Celebrity Scandal Confirmed by Sources,"['rate', 'nice', 'age', 'future', 'yeah', 'control', 'sense.', 'sort', 'sense', 'half.', 'smile', 'pull', 'sort', 'probably', 'scene', 'compare.', 'drive', 'head', 'choice', 'threat', 'probably', 'scene', 'full.', '—', 'shocking', 'claims', 'celebrity', 'scandal', 'surface', 'internet.']",FAKE
R083,New Report on Election,"['field', 'relate', 'indicate', 'authority.', 'physical', 'sign', 'cup', 'child', 'take', 'despite', 'open.', 'ago', 'matter', 'international', 'mrs', 'enter', 'third.', 'experts', 'discuss', 'ongoing', 'developments', 'election.']",REAL
F035,Hoax Confirmed by Sources,"['modern', 'cut', 'table', 'yard', 'happen', 'drug.', 'feeling', 'buy', 'force.', 'fund', 'month', 'decide.', '—', 'shocking', 'claims', 'hoax', 'surface', 'internet.']",FAKE
R082,New Report on Budget Report,"['minute', 'ten', 'game', 'wrong', 'bed', 'student.', 'experts', 'discuss', 'ongoing', 'developments', 'budget', 'report.']",REAL
F114,Mind Control Confirmed by Sources,"['perform', 'store', 'pull', 'him.', 'various', 'black', 'important', 'television', 'knowledge.', '—', 'shocking', 'claims', 'mind', 'control', 'surface', 'internet.']",FAKE
F179,Secret Cure Confirmed by Sources,"['room', 'quality', 'never', 'year.', 'follow', 'risk', 'condition.', '—', 'shocking', 'claims', 'secret', 'cure', 'surface', 'internet.']",FAKE
F026,Celebrity Scandal Confirmed by Sources,"['job', 'tv', 'physical', 'question', 'increase', 'view.', 'reveal', 'hot', 'measure', 'fast', 'choose', 'move.', '—', 'shocking', 'claims', 'celebrity', 'scandal', 'surface', 'internet.']",FAKE
R217,New Report on Election,"['value', 'car', 'strategy', 'tend', 'court.', 'ever', 'safe', 'woman', 'ten', 'nor.', 'blood', 'allow', 'arrive', 'newspaper', 'go', 'race.', 'experts', 'discuss', 'ongoing', 'developments', 'election.']",REAL
F009,Celebrity Scandal Confirmed by Sources,"['player', 'total', 'throughout.', 'per', 'building', 'control', 'listen.', 'spend', 'scene', 'see', 'senior.', '—', 'shocking', 'claims', 'celebrity', 'scandal', 'surface', 'internet.']",FAKE
F240,Aliens Confirmed by Sources,"['seven', 'leave', 'activity', 'trouble', 'sort.', 'still', 'well', 'camera.', 'suffer', 'boy', 'trade', 'garden', 'blue.', '—', 'shocking', 'claims', 'aliens', 'surface', 'internet.']",FAKE
R216,New Report on Research,"['others', 'still', 'join.', 'way', 'conference', 'economic', 'really.', 'republican', 'student', 'rise', 'situation.', 'experts', 'discuss', 'ongoing', 'developments', 'research.']",REAL
F129,Flat Earth Confirmed by Sources,"['dream', 'section', 'night', 'company', 'everything.', '—', 'shocking', 'claims', 'flat', 'earth', 'surface', 'internet.']",FAKE
R197,New Report on Education,"['show', 'school', 'whole', 'program', 'process', 'take.', 'kitchen', 'benefit', 'laugh', 'ago', 'film', 'store.', 'marriage', 'design', 'soldier', 'wonder.', 'contain', 'trade', 'point.', 'experts', 'discuss', 'ongoing', 'developments', 'education.']",REAL
F142,Government Cover-Up Confirmed by Sources,"['act', 'think', 'various', 'detail.', 'bed', 'conference', 'or.', 'ground', 'brother', 'side', 'hard.', '—', 'shocking', 'claims', 'government', 'cover-up', 'surface', 'internet.']",FAKE
R140,New Report on Climate Change,"['treat', 'short', 'commercial', 'learn', 'citizen', 'back.', 'example', 'occur', 'newspaper', 'power.', 'window', 'must', 'evidence', 'school', 'upon.', 'experts', 'discuss', 'ongoing', 'developments', 'climate', 'change.']",REAL
R165,New Report on Budget Report,"['wrong', 'wonder', 'reach', 'continue.', 'campaign', 'agreement', 'wonder', 'series', 'leader', 'edge', 'foreign.', 'response', 'listen', 'eat', 'south', 'force', 'car', 'authority.', 'may', 'money', 'better', 'piece', 'evening.', 'experts', 'discuss', 'ongoing', 'developments', 'budget', 'report.']",REAL
R139,New Report on Education,"['leader', 'measure', 'guy', 'performance', 'radio.', 'politics', 'billion', 'around', 'very.', 'experts', 'discuss', 'ongoing', 'developments', 'education.']",REAL
F232,Hoax Confirmed by Sources,"['bed', 'short', 'ground', 'behavior', 'bar', 'authority', 'present.', 'world', 'hold', 'open', 'century', 'share', 'through.', 'bit', 'ahead', 'fact', 'buy', 'behind', 'figure.', '—', 'shocking', 'claims', 'hoax', 'surface', 'internet.']",FAKE
F108,Celebrity Scandal Confirmed by Sources,"['option', 'movement', 'loss', 'miss.', 'condition', 'research', 'line', 'account', 'manage', 'body', 'respond.', '—', 'shocking', 'claims', 'celebrity', 'scandal', 'surface', 'internet.']",FAKE
F167,Celebrity Scandal Confirmed by Sources,"['likely', 'yet', 'admit', 'discussion.', 'high', 'include', 'rather', 'fear', 'poor.', '—', 'shocking', 'claims', 'celebrity', 'scandal', 'surface', 'internet.']",FAKE
R242,New Report on Research,"['little', 'commercial', 'window.', 'training', 'ball', 'notice', 'half.', 'experts', 'discuss', 'ongoing', 'developments', 'research.']",REAL
F133,Immortal Jellyfish Confirmed by Sources,"['close', 'whole', 'cause', 'science.', 'include', 'school', 'director', 'identify', 'laugh', 'let.', 'simple', 'song', 'action', 'republican', 'note.', 'alone', 'speech', 'point', 'people', 'although', 'of.', '—', 'shocking', 'claims', 'immortal', 'jellyfish', 'surface', 'internet.']",FAKE
F025,Flat Earth Confirmed by Sources,"['gas', 'method', 'decade', 'special', 'fly', 'small.', 'management', 'four', 'take', 'arm', 'area.', '—', 'shocking', 'claims', 'flat', 'earth', 'surface', 'internet.']",FAKE
F093,Immortal Jellyfish Confirmed by Sources,"['participant', 'recent', 'manage', 'role', 'deep.', 'call', 'charge.', 'computer', 'store', 'property', 'western', 'southern', 'long.', '—', 'shocking', 'claims', 'immortal', 'jellyfish', 'surface', 'internet.']",FAKE
F236,Government Cover-Up Confirmed by Sources,"['never', 'defense', 'design', 'executive', 'tough.', 'owner', 'several', 'cost', 'catch', 'risk.', 'night', 'catch', 'mouth', 'cell', 'force', 'skill', 'group.', '—', 'shocking', 'claims', 'government', 'cover-up', 'surface', 'internet.']",FAKE
F069,Flat Earth Confirmed by Sources,"['clear', 'read', 'edge', 'space', 'strategy.', 'none', 'hospital', 'turn', 'law', 'history', 'door.', '—', 'shocking', 'claims', 'flat', 'earth', 'surface', 'internet.']",FAKE
F219,Flat Earth Confirmed by Sources,"['picture', 'language', 'relationship.', 'ability', 'road', 'table.', 'voice', 'stage', 'majority', 'order', 'let', 'third', 'ten.', '—', 'shocking', 'claims', 'flat', 'earth', 'surface', 'internet.']",FAKE
R079,New Report on Election,"['international', 'blue', 'tend', 'i.', 'major', 'tough', 'body.', 'experts', 'discuss', 'ongoing', 'developments', 'election.']",REAL
F042,Hoax Confirmed by Sources,"['present', 'quite', 'activity.', 'gas', 'everything', 'section.', 'score', 'method', 'else', 'father.', '—', 'shocking', 'claims', 'hoax', 'surface', 'internet.']",FAKE
R154,New Report on Budget Report,"['market', 'understand', 'set', 'media', 'eat', 'war.', 'better', 'region', 'interesting', 'there.', 'experts', 'discuss', 'ongoing', 'developments', 'budget', 'report.']",REAL
R089,New Report on Public Health,"['remain', 'true', 'job', 'spend.', 'sister', 'short', 'quite', 'seat', 'carry', 'find.', 'experts', 'discuss', 'ongoing', 'developments', 'public', 'health.']",REAL
R038,New Report on Public Health,"['us', 'economy', 'wear', 'manage', 'something', 'ok', 'page.', 'investment', 'state', 'memory', 'return', 'every.', 'business', 'successful', 'watch', 'camera.', 'experts', 'discuss', 'ongoing', 'developments', 'public', 'health.']",REAL
R053,New Report on Economic Growth,"['usually', 'deep', 'property', 'soon', 'product.', 'base', 'including', 'design', 'teacher', 'sign', 'make', 'network', 'bad.', 'experts', 'discuss', 'ongoing', 'developments', 'economic', 'growth.']",REAL
F201,Hoax Confirmed by Sources,"['per', 'whose', 'report', 'hour', 'admit.', 'blood', 'along', 'author', 'try.', 'begin', 'lay', 'number.', 'last', 'part', 'three', 'several.', '—', 'shocking', 'claims', 'hoax', 'surface', 'internet.']",FAKE
F013,Secret Cure Confirmed by Sources,"['occur', 'civil', 'camera.', 'owner', 'style', 'generation', 'talk', 'wife.', '—', 'shocking', 'claims', 'secret', 'cure', 'surface', 'internet.']",FAKE
R023,New Report on Policy,"['likely', 'free', 'other.', 'experts', 'discuss', 'ongoing', 'developments', 'policy.']",REAL
R068,New Report on Technology Breakthrough,"['high', 'case', 'minute', 'member', 'eat', 'against.', 'marriage', 'significant', 'sort', 'role', 'simple', 'usually.', 'center', 'five', 'serve.', 'heavy', 'executive', 'office', 'free', 'environmental', 'arm.', 'experts', 'discuss', 'ongoing', 'developments', 'technology', 'breakthrough.']",REAL
F065,Hoax Confirmed by Sources,"['however', 'high', 'serious', 'add.', 'drug', 'western', 'yes', 'west', 'dream', 'may.', '—', 'shocking', 'claims', 'hoax', 'surface', 'internet.']",FAKE
F239,Celebrity Scandal Confirmed by Sources,"['democrat', 'scene', 'without', 'sign.', '—', 'shocking', 'claims', 'celebrity', 'scandal', 'surface', 'internet.']",FAKE
F084,Miracle Drug Confirmed by Sources,"['consider', 'doctor', 'behavior.', 'understand', 'might', 'increase', 'republican', 'pm.', 'finally', 'everybody', 'always', 'close', 'property', 'four.', '—', 'shocking', 'claims', 'miracle', 'drug', 'surface', 'internet.']",FAKE
R120,New Report on Election,"['cup', 'letter', 'expect.', 'civil', 'floor', 'cultural', 'toward', 'war', 'nation.', 'experts', 'discuss', 'ongoing', 'developments', 'election.']",REAL
F207,Government Cover-Up Confirmed by Sources,"['size', 'happen', 'per', 'minute.', '—', 'shocking', 'claims', 'government', 'cover-up', 'surface', 'internet.']",FAKE
R158,New Report on Economic Growth,"['high', 'note', 'church.', 'trip', 'writer', 'white', 'seat.', 'pull', 'treatment', 'charge', 'everybody', 'right', 'yes', 'enough', 'impact.', 'experts', 'discuss', 'ongoing', 'developments', 'economic', 'growth.']",REAL
R097,New Report on Technology Breakthrough,"['road', 'upon', 'marriage', 'argue', 'debate.', 'better', 'action', 'majority.', 'experts', 'discuss', 'ongoing', 'developments', 'technology', 'breakthrough.']",REAL
R092,New Report on Technology Breakthrough,"['across', 'interest', 'watch', 'close.', 'common', 'across', 'whom.', 'experts', 'discuss', 'ongoing', 'developments', 'technology', 'breakthrough.']",REAL
F172,Hoax Confirmed by Sources,"['party', 'upon', 'rock', 'plant.', 'people', 'avoid', 'quite.', 'information', 'plant', 'within.', '—', 'shocking', 'claims', 'hoax', 'surface', 'internet.']",FAKE
R182,New Report on Economic Growth,"['value', 'rather', 'least', 'vote.', 'top', 'receive', 'eye', 'ability', 'number.', 'sit', 'participant', 'growth', 'friend', 'movie.', 'experts', 'discuss', 'ongoing', 'developments', 'economic', 'growth.']",REAL
F014,Secret Cure Confirmed by Sources,"['particularly', 'popular', 'project', 'upon', 'policy', 'discuss', 'director.', 'appear', 'begin', 'church', 'technology', 'away.', '—', 'shocking', 'claims', 'secret', 'cure', 'surface', 'internet.']",FAKE
R230,New Report on Election,"['tv', 'general', 'daughter', 'free.', 'maintain', 'heart', 'energy', 'real', 'industry', 'husband.', 'wind', 'southern', 'professional', 'fast', 'century', 'modern', 'hard.', 'experts', 'discuss', 'ongoing', 'developments', 'election.']",REAL
F223,Government Cover-Up Confirmed by Sources,"['sign', 'serve', 'adult', 'government', 'nation', 'let.', 'hope', 'produce', 'stand.', 'water', 'mother', 'stage', 'site', 'million.', '—', 'shocking', 'claims', 'government', 'cover-up', 'surface', 'internet.']",FAKE
R221,New Report on Policy,"['quality', 'defense', 'whole', 'safe', 'see.', 'energy', 'protect', 'the.', 'experts', 'discuss', 'ongoing', 'developments', 'policy.']",REAL
R173,New Report on Climate Change,"['civil', 'hold', 'party', 'place.', 'edge', 'thought', 'assume', 'current.', 'last', 'bag', 'choice', 'attention', 'affect.', 'experts', 'discuss', 'ongoing', 'developments', 'climate', 'change.']",REAL
F249,Immortal Jellyfish Confirmed by Sources,"['camera', 'finish', 'recently', 'available', 'gun.', 'story', 'customer', 'treatment', 'relationship', 'born.', 'chance', 'plan', 'tough', 'several', 'appear', 'wait.', 'nothing', 'prove', 'situation', 'life.', '—', 'shocking', 'claims', 'immortal', 'jellyfish', 'surface', 'internet.']",FAKE
F112,Government Cover-Up Confirmed by Sources,"['onto', 'improve', 'seek', 'use.', 'financial', 'citizen', 'mrs', 'form', 'around.', 'southern', 'cut', 'represent.', 'bag', 'top', 'public', 'common.', '—', 'shocking', 'claims', 'government', 'cover-up', 'surface', 'internet.']",FAKE
R058,New Report on Budget Report,"['mission', 'material', 'sea.', 'manager', 'big', 'lose', 'condition.', 'experts', 'discuss', 'ongoing', 'developments', 'budget', 'report.']",REAL
R159,New Report on Economic Growth,"['trip', 'reality', 'civil', 'box', 'interesting.', 'board', 'word', 'quite', 'reason.', 'experts', 'discuss', 'ongoing', 'developments', 'economic', 'growth.']",REAL
R029,New Report on Economic Growth,"['section', 'north', 'although', 'garden', 'north', 'picture.', 'group', 'top', 'shoulder', 'later.', 'federal', 'foreign', 'behind', 'with.', 'present', 'live', 'always', 'nation', 'design', 'research.', 'experts', 'discuss', 'ongoing', 'developments', 'economic', 'growth.']",REAL
R126,New Report on Research,"['reason', 'serve', 'nature', 'gas', 'price', 'may', 'read.', 'wide', 'reflect', 'bar', 'manage', 'assume.', 'example', 'discussion', 'open', 'perhaps', 'if.', 'experts', 'discuss', 'ongoing', 'developments', 'research.']",REAL
R132,New Report on Education,"['cold', 'bit', 'federal', 'reveal', 'thank', 'pass.', 'help', 'air', 'goal', 'join.', 'edge', 'skill', 'focus', 'similar', 'significant', 'improve.', 'experts', 'discuss', 'ongoing', 'developments', 'education.']",REAL
R025,New Report on Election,"['security', 'home', 'nation.', 'state', 'board', 'miss.', 'contain', 'step', 'cause', 'take.', 'experts', 'discuss', 'ongoing', 'developments', 'election.']",REAL
F214,Secret Cure Confirmed by Sources,"['memory', 'business', 'road', 'anyone.', 'business', 'firm', 'book.', '—', 'shocking', 'claims', 'secret', 'cure', 'surface', 'internet.']",FAKE
R177,New Report on Policy,"['institution', 'perform', 'high', 'relationship', 'college', 'decision.', 'leave', 'cut', 'develop', 'heavy', 'see.', 'arrive', 'debate', 'despite', 'including.', 'must', 'color', 'outside', 'film', 'least', 'strong.', 'experts', 'discuss', 'ongoing', 'developments', 'policy.']",REAL
R196,New Report on Budget Report,"['something', 'wonder', 'worker.', 'often', 'sister', 'pay', 'avoid', 'receive', 'sister.', 'experts', 'discuss', 'ongoing', 'developments', 'budget', 'report.']",REAL
R135,New Report on Budget Report,"['fine', 'smile', 'occur', 'together', 'head.', 'cause', 'woman', 'north', 'become.', 'network', 'focus', 'provide', 'throw', 'yard', 'increase.', 'experts', 'discuss', 'ongoing', 'developments', 'budget', 'report.']",REAL
F152,Government Cover-Up Confirmed by Sources,"['watch', 'case', 'member.', 'play', 'score', 'actually', 'least', 'side', 'mouth', 'lawyer.', '—', 'shocking', 'claims', 'government', 'cover-up', 'surface', 'internet.']",FAKE
F180,Secret Cure Confirmed by Sources,"['whether', 'actually', 'leg', 'live', 'third.', 'partner', 'free', 'affect', 'today.', 'receive', 'hot', 'couple', 'middle', 'indicate.', '—', 'shocking', 'claims', 'secret', 'cure', 'surface', 'internet.']",FAKE
F003,Secret Cure Confirmed by Sources,"['recent', 'fish', 'part', 'such.', 'life', 'inside', 'opportunity', 'alone', 'value', 'send', 'dog', 'stage.', 'eye', 'since', 'head', 'ahead', 'great.', 'politics', 'hospital', 'newspaper', 'civil', 'watch.', '—', 'shocking', 'claims', 'secret', 'cure', 'surface', 'internet.']",FAKE
F244,Celebrity Scandal Confirmed by Sources,"['mr', 'real', 'heart', 'somebody', 'force.', 'break', 'wear', 'hotel', 'left', 'question.', '—', 'shocking', 'claims', 'celebrity', 'scandal', 'surface', 'internet.']",FAKE
F194,Immortal Jellyfish Confirmed by Sources,"['economy', 'professor', 'nearly', 'mother', 'wear.', 'kid', 'official', 'less', 'first', 'fast', 'make.', '—', 'shocking', 'claims', 'immortal', 'jellyfish', 'surface', 'internet.']",FAKE
R044,New Report on Policy,"['hand', 'surface', 'long', 'power', 'mission', 'firm.', 'song', 'century.', 'whole', 'something', 'police', 'executive.', 'experts', 'discuss', 'ongoing', 'developments', 'policy.']",REAL
R141,New Report on Economic Growth,"['growth', 'worker', 'general', 'music', 'industry', 'edge', 'away', 'available.', 'student', 'keep', 'fall', 'effort', 'evidence.', 'experts', 'discuss', 'ongoing', 'developments', 'economic', 'growth.']",REAL
R188,New Report on Climate Change,"['push', 'concern', 'generation', 'represent', 'approach.', 'experts', 'discuss', 'ongoing', 'developments', 'climate', 'change.']",REAL
F010,Aliens Confirmed by Sources,"['congress', 'section', 'five', 'support', 'first', 'wrong.', 'choice', 'condition', 'save', 'fact.', '—', 'shocking', 'claims', 'aliens', 'surface', 'internet.']",FAKE
R106,New Report on Economic Growth,"['task', 'sure', 'cause.', 'difficult', 'coach', 'develop', 'customer', 'movie.', 'federal', 'entire', 'return', 'strong', 'grow', 'sport.', 'experts', 'discuss', 'ongoing', 'developments', 'economic', 'growth.']",REAL
R049,New Report on Research,"['early', 'admit', 'benefit', 'artist.', 'rock', 'story', 'pattern.', 'decision', 'water', 'activity', 'decade.', 'experts', 'discuss', 'ongoing', 'developments', 'research.']",REAL
R144,New Report on Budget Report,"['security', 'scene', 'yard', 'market', 'walk', 'only.', 'fall', 'want', 'early', 'beyond', 'voice', 'catch', 'quality.', 'experts', 'discuss', 'ongoing', 'developments', 'budget', 'report.']",REAL
F199,Celebrity Scandal Confirmed by Sources,"['eye', 'play', 'factor', 'partner', 'number.', 'surface', 'decide', 'write', 'collection', 'civil', 'tend', 'building.', 'majority', 'democrat', 'toward.', '—', 'shocking', 'claims', 'celebrity', 'scandal', 'surface', 'internet.']",FAKE
F215,Secret Cure Confirmed by Sources,"['task', 'listen', 'company', 'tell', 'operation.', '—', 'shocking', 'claims', 'secret', 'cure', 'surface', 'internet.']",FAKE
R176,New Report on Economic Growth,"['party', 'husband', 'sing', 'marriage.', 'art', 'ever', 'serious', 'station.', 'experts', 'discuss', 'ongoing', 'developments', 'economic', 'growth.']",REAL
F105,Hoax Confirmed by Sources,"['strategy', 'behavior', 'money', 'arrive', 'prove.', 'idea', 'appear', 'represent.', '—', 'shocking', 'claims', 'hoax', 'surface', 'internet.']",FAKE
F031,Miracle Drug Confirmed by Sources,"['rise', 'thing', 'commercial', 'machine', 'mission', 'military.', 'head', 'avoid', 'former.', '—', 'shocking', 'claims', 'miracle', 'drug', 'surface', 'internet.']",FAKE
R206,New Report on Research,"['daughter', 'read', 'statement.', 'culture', 'reason', 'culture', 'market', 'week.', 'assume', 'situation', 'maybe', 'rock', 'top', 'imagine.', 'including', 'care', 'join', 'manager.', 'experts', 'discuss', 'ongoing', 'developments', 'research.']",REAL
F238,Secret Cure Confirmed by Sources,"['choice', 'pretty', 'box', 'read', 'partner', 'water', 'else.', 'leader', 'product', 'power', 'whether.', 'possible', 'safe', 'answer', 'establish', 'pay', 'power', 'industry.', '—', 'shocking', 'claims', 'secret', 'cure', 'surface', 'internet.']",FAKE
R027,New Report on Climate Change,"['simply', 'buy', 'concern', 'cause', 'develop', 'tax.', 'face', 'tonight', 'girl', 'rich', 'subject', 'end', 'consider.', 'trouble', 'take', 'perhaps', 'prepare', 'attorney', 'likely.', 'experts', 'discuss', 'ongoing', 'developments', 'climate', 'change.']",REAL
F169,Government Cover-Up Confirmed by Sources,"['show', 'spend', 'treatment', 'defense', 'only.', 'anything', 'partner', 'sing', 'quickly.', 'reason', 'defense', 'list', 'white', 'whether.', 'performance', 'media', 'senior', 'reality', 'anyone', 'finish.', '—', 'shocking', 'claims', 'government', 'cover-up', 'surface', 'internet.']",FAKE
F208,Aliens Confirmed by Sources,"['nice', 'feel', 'discover', 'yard', 'perform.', 'sister', 'past', 'democratic.', 'five', 'near', 'sort.', 'top', 'always', 'goal', 'product', 'attorney.', '—', 'shocking', 'claims', 'aliens', 'surface', 'internet.']",FAKE
F212,Miracle Drug Confirmed by Sources,"['mission', 'wonder', 'one', 'world', 'away', 'american.', 'social', 'force', 'seek', 'parent', 'recognize.', '—', 'shocking', 'claims', 'miracle', 'drug', 'surface', 'internet.']",FAKE
F032,Hoax Confirmed by Sources,"['education', 'mother', 'much.', 'difficult', 'effect', 'record.', '—', 'shocking', 'claims', 'hoax', 'surface', 'internet.']",FAKE
F109,Hoax Confirmed by Sources,"['cultural', 'owner', 'woman', 'trial', 'hospital', 'part', 'edge', 'charge.', 'figure', 'tree', 'career', 'animal', 'environment.', 'room', 'writer', 'certain', 'degree.', '—', 'shocking', 'claims', 'hoax', 'surface', 'internet.']",FAKE
R111,New Report on Policy,"['organization', 'necessary', 'better', 'rise', 'participant', 'cell', 'forward', 'policy.', 'man', 'picture', 'approach', 'employee.', 'article', 'able', 'security', 'argue', 'foreign', 'must.', 'experts', 'discuss', 'ongoing', 'developments', 'policy.']",REAL
F078,Aliens Confirmed by Sources,"['step', 'keep', 'science', 'whose', 'benefit.', 'affect', 'amount', 'sit', 'third', 'manager.', 'adult', 'miss', 'management', 'action', 'lead', 'offer.', 'picture', 'walk', 'people', 'soon.', '—', 'shocking', 'claims', 'aliens', 'surface', 'internet.']",FAKE
R105,New Report on Budget Report,"['attorney', 'trial', 'happen', 'talk', 'success', 'join.', 'return', 'media', 'risk', 'term.', 'experts', 'discuss', 'ongoing', 'developments', 'budget', 'report.']",REAL
F196,Government Cover-Up Confirmed by Sources,"['great', 'north', 'live', 'shake', 'decade', 'pay.', 'weight', 'probably', 'truth', 'physical.', '—', 'shocking', 'claims', 'government', 'cover-up', 'surface', 'internet.']",FAKE
F118,Immortal Jellyfish Confirmed by Sources,"['fear', 'grow', 'minute', 'into.', 'must', 'along', 'somebody', 'sometimes.', '—', 'shocking', 'claims', 'immortal', 'jellyfish', 'surface', 'internet.']",FAKE
F077,Secret Cure Confirmed by Sources,"['official', 'around', 'pressure', 'major.', '—', 'shocking', 'claims', 'secret', 'cure', 'surface', 'internet.']",FAKE
F070,Government Cover-Up Confirmed by Sources,"['degree', 'hope', 'base', 'size.', 'method', 'mission', 'last', 'before.', 'entire', 'plant', 'name', 'whether', 'model', 'assume.', '—', 'shocking', 'claims', 'government', 'cover-up', 'surface', 'internet.']",FAKE
F041,Immortal Jellyfish Confirmed by Sources,"['deal', 'art', 'stock', 'price', 'effect', 'though.', 'reach', 'trial', 'prevent', 'soon', 'past', 'professor', 'manager.', '—', 'shocking', 'claims', 'immortal', 'jellyfish', 'surface', 'internet.']",FAKE
R026,New Report on Policy,"['system', 'floor', 'easy', 'everybody', 'southern.', 'really', 'admit', 'single', 'step', 'hair', 'entire.', 'need', 'peace', 'area', 'on.', 'experts', 'discuss', 'ongoing', 'developments', 'policy.']",REAL
R207,New Report on Policy,"['total', 'someone', 'special.', 'inside', 'another', 'bring', 'box', 'agree', 'once.', 'program', 'huge', 'difficult', 'forward', 'teacher', 'according.', 'experts', 'discuss', 'ongoing', 'developments', 'policy.']",REAL
F163,Secret Cure Confirmed by Sources,"['west', 'week', 'work.', 'deep', 'bad', 'accept', 'eye.', 'medical', 'specific', 'democrat', 'raise', 'necessary', 'party.', 'threat', 'happy', 'simple', 'cup.', '—', 'shocking', 'claims', 'secret', 'cure', 'surface', 'internet.']",FAKE
F171,Government Cover-Up Confirmed by Sources,"['husband', 'traditional', 'training', 'however', 'answer', 'wife.', 'hair', 'quite', 'thought', 'financial', 'box', 'answer', 'tax.', 'leader', 'everybody', 'hit', 'rest', 'history', 'place.', '—', 'shocking', 'claims', 'government', 'cover-up', 'surface', 'internet.']",FAKE
F139,Immortal Jellyfish Confirmed by Sources,"['security', 'institution', 'true', 'general', 'up.', 'collection', 'avoid', 'perform', 'make', 'art.', '—', 'shocking', 'claims', 'immortal', 'jellyfish', 'surface', 'internet.']",FAKE
F120,Miracle Drug Confirmed by Sources,"['cold', 'quickly', 'attention', 'open', 'mission.', 'necessary', 'word', 'standard', 'everything', 'director.', 'strategy', 'evidence', 'writer', 'per', 'world', 'remember', 'actually.', '—', 'shocking', 'claims', 'miracle', 'drug', 'surface', 'internet.']",FAKE
F146,Mind Control Confirmed by Sources,"['message', 'war', 'political', 'plant', 'middle.', 'huge', 'street', 'later', 'water.', 'across', 'drive', 'real', 'president.', '—', 'shocking', 'claims', 'mind', 'control', 'surface', 'internet.']",FAKE
R115,New Report on Research,"['step', 'enter', 'music', 'prevent', 'physical.', 'amount', 'day', 'huge', 'security', 'market', 'eight', 'help.', 'experts', 'discuss', 'ongoing', 'developments', 'research.']",REAL
F039,Aliens Confirmed by Sources,"['common', 'information', 'behavior', 'its.', 'economic', 'effect', 'character', 'sit.', '—', 'shocking', 'claims', 'aliens', 'surface', 'internet.']",FAKE
F225,Hoax Confirmed by Sources,"['power', 'listen', 'conference', 'return.', 'mother', 'heavy', 'thought', 'mr', 'customer', 'white.', 'hard', 'allow', 'southern', 'wish', 'student', 'cost', 'art.', '—', 'shocking', 'claims', 'hoax', 'surface', 'internet.']",FAKE
F140,Aliens Confirmed by Sources,"['learn', 'billion', 'whether.', 'work', 'peace', 'tree', 'reflect', 'environmental', 'must', 'final.', 'animal', 'charge', 'pay.', '—', 'shocking', 'claims', 'aliens', 'surface', 'internet.']",FAKE
F122,Mind Control Confirmed by Sources,"['inside', 'strategy', 'lot', 'job', 'much', 'resource.', 'first', 'court', 'laugh', 'wife.', '—', 'shocking', 'claims', 'mind', 'control', 'surface', 'internet.']",FAKE
R070,New Report on Budget Report,"['morning', 'important', 'write', 'enjoy', 'page.', 'bed', 'scene', 'worker', 'son', 'ball', 'light.', 'experts', 'discuss', 'ongoing', 'developments', 'budget', 'report.']",REAL
F248,Celebrity Scandal Confirmed by Sources,"['red', 'play', 'go', 'world', 'attention', 'law', 'class.', 'middle', 'answer', 'idea', 'officer', 'become', 'do.', 'example', 'sort', 'camera', 'various', 'kitchen', 'red.', '—', 'shocking', 'claims', 'celebrity', 'scandal', 'surface', 'internet.']",FAKE
R016,New Report on Technology Breakthrough,"['wait', 'even', 'effect.', 'together', 'word', 'ahead', 'hotel', 'half', 'figure.', 'analysis', 'show', 'certain', 'born', 'onto', 'play.', 'experts', 'discuss', 'ongoing', 'developments', 'technology', 'breakthrough.']",REAL
R148,New Report on Technology Breakthrough,"['eat', 'nice', 'popular', 'report.', 'mother', 'prepare', 'score', 'source', 'station.', 'experts', 'discuss', 'ongoing', 'developments', 'technology', 'breakthrough.']",REAL
R142,New Report on Budget Report,"['east', 'two', 'war', 'institution.', 'seek', 'laugh', 'analysis', 'cost', 'party', 'nature', 'degree.', 'anyone', 'goal', 'phone', 'fish.', 'experts', 'discuss', 'ongoing', 'developments', 'budget', 'report.']",REAL
F141,Miracle Drug Confirmed by Sources,"['street', 'stage', 'raise', 'personal', 'thought', 'mr', 'month.', 'test', 'soldier', 'environmental', 'free', 'better', 'deep.', 'home', 'reveal', 'require', 'work', 'discussion.', '—', 'shocking', 'claims', 'miracle', 'drug', 'surface', 'internet.']",FAKE
R076,New Report on Technology Breakthrough,"['personal', 'list', 'least', 'way.', 'pattern', 'physical', 'find', 'character', 'sometimes', 'their.', 'experts', 'discuss', 'ongoing', 'developments', 'technology', 'breakthrough.']",REAL
R180,New Report on Budget Report,"['professor', 'term', 'from.', 'mr', 'senior', 'type', 'try', 'position.', 'hair', 'indicate', 'bar', 'sport', 'civil', 'avoid', 'point.', 'experts', 'discuss', 'ongoing', 'developments', 'budget', 'report.']",REAL
F126,Aliens Confirmed by Sources,"['former', 'trade.', 'agree', 'economic', 'hair', 'add', 'event.', 'available', 'ten', 'task', 'product', 'less', 'data', 'lawyer.', 'physical', 'sister', 'small', 'rest', 'important', 'green', 'recent', 'reason.', '—', 'shocking', 'claims', 'aliens', 'surface', 'internet.']",FAKE
R134,New Report on Economic Growth,"['pull', 'thank', 'position', 'some.', 'professor', 'unit', 'tough', 'technology', 'lot', 'call.', 'large', 'bar', 'brother', 'ten', 'low', 'free', 'reality.', 'experts', 'discuss', 'ongoing', 'developments', 'economic', 'growth.']",REAL
F132,Mind Control Confirmed by Sources,"['mrs', 'article', 'behind.', '—', 'shocking', 'claims', 'mind', 'control', 'surface', 'internet.']",FAKE
F230,Immortal Jellyfish Confirmed by Sources,"['recognize', 'fill', 'win.', 'security', 'human', 'analysis', 'admit.', 'industry', 'technology', 'want', 'artist.', '—', 'shocking', 'claims', 'immortal', 'jellyfish', 'surface', 'internet.']",FAKE
F243,Aliens Confirmed by Sources,"['house', 'billion', 'situation', 'away', 'member.', 'interesting', 'dinner', 'treatment.', 'evening', 'within', 'public', 'position', 'return.', '—', 'shocking', 'claims', 'aliens', 'surface', 'internet.']",FAKE
R191,New Report on Budget Report,"['firm', 'issue', 'strong', 'accept', 'get', 'dream', 'foreign', 'news.', 'wish', 'wide', 'democrat', 'involve', 'large', 'often.', 'answer', 'officer', 'food', 'them.', 'experts', 'discuss', 'ongoing', 'developments', 'budget', 'report.']",REAL
R130,New Report on Public Health,"['magazine.', 'push', 'already', 'hour', 'forget.', 'author', 'really', 'young', 'study', 'source', 'mission', 'trial.', 'experts', 'discuss', 'ongoing', 'developments', 'public', 'health.']",REAL
F081,Mind Control Confirmed by Sources,"['either', 'meet', 'range', 'worker.', 'ago', 'force', 'year', 'section', 'soon.', '—', 'shocking', 'claims', 'mind', 'control', 'surface', 'internet.']",FAKE
R209,New Report on Technology Breakthrough,"['customer', 'impact', 'leader', 'foot', 'week', 'idea.', 'perform', 'central', 'several', 'girl', 'paper.', 'experts', 'discuss', 'ongoing', 'developments', 'technology', 'breakthrough.']",REAL
F228,Hoax Confirmed by Sources,"['television', 'record', 'power', 'sort.', 'computer', 'fall', 'hit', 'eat', 'truth.', 'cultural', 'look', 'somebody.', '—', 'shocking', 'claims', 'hoax', 'surface', 'internet.']",FAKE
R030,New Report on Budget Report,"['professor', 'fall', 'difference', 'baby', 'sense.', 'daughter', 'test', 'case', 'describe', 'happen', 'west', 'inside.', 'include', 'compare.', 'experts', 'discuss', 'ongoing', 'developments', 'budget', 'report.']",REAL
R214,New Report on Education,"['life', 'official', 'quality', 'federal.', 'onto', 'authority', 'member.', 'let', 'impact', 'activity', 'prove', 'hundred', 'body', 'listen', 'production.', 'experts', 'discuss', 'ongoing', 'developments', 'education.']",REAL
R175,New Report on Economic Growth,"['religious', 'family', 'degree', 'scene', 'green', 'no.', 'various', 'beautiful', 'middle', 'us', 'wait', 'tend.', 'child', 'benefit', 'art', 'finally.', 'easy', 'mouth', 'everything', 'later', 'evidence', 'whatever', 'run.', 'experts', 'discuss', 'ongoing', 'developments', 'economic', 'growth.']",REAL
